{
"type": "FeatureCollection",
"name": "exp_bw_alle",
"crs": { "type": "name", "properties": { "name": "urn:ogc:def:crs:EPSG::3857" } },
"features": [
{ "type": "Feature", "properties": { "Art": "BRU", "bw_id": "DIN_BRU_1285", "name": "Brücke Uelsener Straße", "km": "1+285", "rwert": 361565.0, "hwert": 5818243, "bemerk": null, "beschreib": "Brücke Uelsener Straße", "stat_von": 1285, "Artgeo": "p" }, "geometry": { "type": "Point", "coordinates": [ 774864.325452907942235, 6890443.700482860207558 ] } },
{ "type": "Feature", "properties": { "Art": "BRU", "bw_id": "DIN_BRU_1600", "name": "Brücke Lager Straße (K3)", "km": "1+600", "rwert": 361682.0, "hwert": 5818001, "bemerk": null, "beschreib": "Brücke Lager Straße (K3)", "stat_von": 1600, "Artgeo": "p" }, "geometry": { "type": "Point", "coordinates": [ 775067.246711805113591, 6890051.578251447528601 ] } },
{ "type": "Feature", "properties": { "Art": "BRU", "bw_id": "DIN_BRU_180", "name": "Brücke L 44, Nordwestring (Zelow-Brücke)", "km": "0+180", "rwert": 361780.0, "hwert": 5819268, "bemerk": null, "beschreib": "Brücke (3-Feld-Stahlbetonbrücke) im Zuge der Landesstraße L 44 (Nordwestring)", "stat_von": 180, "Artgeo": "p" }, "geometry": { "type": "Point", "coordinates": [ 775169.262150974478573, 6892137.723769909702241 ] } },
{ "type": "Feature", "properties": { "Art": "BRU", "bw_id": "DIN_BRU_2760", "name": "Brücke B 403,  Südring", "km": "2+760", "rwert": 362070.0, "hwert": 5816993, "bemerk": null, "beschreib": "Brücke B 403,  \"Südring\"", "stat_von": 2760, "Artgeo": "p" }, "geometry": { "type": "Point", "coordinates": [ 775749.51002037327271, 6888413.832782384939492 ] } },
{ "type": "Feature", "properties": { "Art": "BRU", "bw_id": "DIN_BRU_4440", "name": "Kalverlager Brücke (Eschweg)", "km": "4+440", "rwert": 362424.0, "hwert": 5815627, "bemerk": null, "beschreib": "keine Beeinträchtigung gemäß URPL (/)", "stat_von": 4440, "Artgeo": "p" }, "geometry": { "type": "Point", "coordinates": [ 776392.248280555359088, 6886186.948844969272614 ] } },
{ "type": "Feature", "properties": { "Art": "BRU", "bw_id": "DIN_BRU_485", "name": "Brücke Hilterner Weg", "km": "0+485", "rwert": 361646.0, "hwert": 5819005, "bemerk": null, "beschreib": "Brücke Hilterner Weg (3-Feld-Stahlbetonbrücke auf Pfählen)", "stat_von": 485, "Artgeo": "p" }, "geometry": { "type": "Point", "coordinates": [ 774961.801585145876743, 6891699.372639781795442 ] } },
{ "type": "Feature", "properties": { "Art": "BRU", "bw_id": "DIN_BRU_5705", "name": "Brücke K 23, Grenzstraße", "km": "5+705", "rwert": 361913.0, "hwert": 5814683, "bemerk": null, "beschreib": "Brücke K 23, Grenzstraße", "stat_von": 5705, "Artgeo": "p" }, "geometry": { "type": "Point", "coordinates": [ 775598.822709651547484, 6884613.525896028615534 ] } },
{ "type": "Feature", "properties": { "Art": "BRU", "bw_id": "DIN_BRU_6840", "name": "Brücke, Wehrweg", "km": "6+840", "rwert": 361492.0, "hwert": 5813651, "bemerk": "Brücke Sohlgleite War", "beschreib": "Brücke Wehrweg an der Sohlgleite War", "stat_von": 6840, "Artgeo": "p" }, "geometry": { "type": "Point", "coordinates": [ 774957.117528354167007, 6882900.071841866709292 ] } },
{ "type": "Feature", "properties": { "Art": "BRU", "bw_id": "DIN_BRU_8850", "name": "Wirtschaftsbrücke (zum  Dalenhoek)", "km": "8+850", "rwert": 360597.0, "hwert": 5811988, "bemerk": null, "beschreib": "Wirtschaftsbrücke (zum  Dalenhoek)", "stat_von": 8850, "Artgeo": "p" }, "geometry": { "type": "Point", "coordinates": [ 773569.148389933514409, 6880129.537679370492697 ] } },
{ "type": "Feature", "properties": { "Art": "EIN", "bw_id": "DIN_EIN_1310", "name": "Einmündung Mossbecke", "km": "1+310", "rwert": 361550.0, "hwert": 5818229, "bemerk": "starke Anlandungen uh. , ist hier ein weiterer Rohreinlauf??", "beschreib": "Mündung Mossbecke links (Kastendurchlass mit Rückstauklappe in Spundwand)", "stat_von": 1310, "Artgeo": "p" }, "geometry": { "type": "Point", "coordinates": [ 774840.392931918613613, 6890420.005149776116014 ] } },
{ "type": "Feature", "properties": { "Art": "EIN", "bw_id": "DIN_EIN_1515", "name": "Einmündung Hardinger Becke", "km": "1+515", "rwert": 361598.0, "hwert": 5818021, "bemerk": null, "beschreib": "freier Zulauf Hardinger Becke links (über vorgeschaltetem Sandfang)", "stat_von": 1515, "Artgeo": "p" }, "geometry": { "type": "Point", "coordinates": [ 774928.676226845826022, 6890080.537326748482883 ] } },
{ "type": "Feature", "properties": { "Art": "EIN", "bw_id": "DIN_EIN_1625", "name": "Auslauf Umgehungsgerinne", "km": "1+625", "rwert": 361708.0, "hwert": 5817979, "bemerk": null, "beschreib": "Umgehungsgerinne Dinkelwehr Neuenhaus, Auslauf", "stat_von": 1625, "Artgeo": "p" }, "geometry": { "type": "Point", "coordinates": [ 775110.868351455428638, 6890016.643610975705087 ] } },
{ "type": "Feature", "properties": { "Art": "EIN", "bw_id": "DIN_EIN_1675", "name": "Einmündung Westl. Stadtgraben", "km": "1+675", "rwert": 361761.0, "hwert": 5818004, "bemerk": "mit Schieber", "beschreib": "Mündung Westl. Stadtgraben rechts (Kastendurchlass mit Rückstauklappe und Überfahrt)", "stat_von": 1675, "Artgeo": "p" }, "geometry": { "type": "Point", "coordinates": [ 775196.560075956746005, 6890060.167877499945462 ] } },
{ "type": "Feature", "properties": { "Art": "EIN", "bw_id": "DIN_EIN_1695", "name": "Einlauf Umgehungsgerinne", "km": "1+695", "rwert": 361772.0, "hwert": 5817959, "bemerk": null, "beschreib": "Umgehungsgerinne Dinkelwehr Neuenhaus, Einlauf", "stat_von": 1695, "Artgeo": "p" }, "geometry": { "type": "Point", "coordinates": [ 775216.664718224434182, 6889986.755063534714282 ] } },
{ "type": "Feature", "properties": { "Art": "EIN", "bw_id": "DIN_EIN_170", "name": "Rohreinlauf", "km": "0+170", "rwert": 361777.0, "hwert": 5819284, "bemerk": "Zuständigkeit prüfen", "beschreib": "Rohreinlauf unterhalb Brücke Westring (L44)", "stat_von": 170, "Artgeo": "p" }, "geometry": { "type": "Point", "coordinates": [ 775163.605067518074065, 6892163.875132409855723 ] } },
{ "type": "Feature", "properties": { "Art": "EIN", "bw_id": "DIN_EIN_1785", "name": "Mündung Mühlengraben", "km": "1+785", "rwert": 361870.0, "hwert": 5817957, "bemerk": "mit Schieber", "beschreib": "Mündung Mühlengraben rechts(Rohrdurchlass mit Rückstauklappe)", "stat_von": 1785, "Artgeo": "p" }, "geometry": { "type": "Point", "coordinates": [ 775377.341996360919438, 6889988.008311276324093 ] } },
{ "type": "Feature", "properties": { "Art": "EIN", "bw_id": "DIN_EIN_1860", "name": "Einmündung Östlicher Stadtgraben", "km": "1+860", "rwert": 361911.0, "hwert": 5817878, "bemerk": "mit Schieber", "beschreib": "Enmündung Östlicher Stadtgraben über Kastendurchlass mit Schieber", "stat_von": 1860, "Artgeo": "p" }, "geometry": { "type": "Point", "coordinates": [ 775448.172686398262158, 6889860.132602960802615 ] } },
{ "type": "Feature", "properties": { "Art": "EIN", "bw_id": "DIN_EIN_195", "name": "Einmündung Strootgraben", "km": "0+195", "rwert": 361786.0, "hwert": 5819247, "bemerk": "!!Meldung an GB III zur Änderung des Gew-Verlaufes im Mündungsbereich!!", "beschreib": "Mündung Strootgraben rechts (Kastendurchlass mit Überfahrt und Geländer)", "stat_von": 195, "Artgeo": "p" }, "geometry": { "type": "Point", "coordinates": [ 775180.067556791938841, 6892103.495838256552815 ] } },
{ "type": "Feature", "properties": { "Art": "EIN", "bw_id": "DIN_EIN_2750", "name": "Grabeneinmündung", "km": "2+750", "rwert": 362057.0, "hwert": 5817002, "bemerk": null, "beschreib": "Rohrdurchlass rechts uh. Brücke Südring", "stat_von": 2750, "Artgeo": "p" }, "geometry": { "type": "Point", "coordinates": [ 775727.797190740471706, 6888428.013683429919183 ] } },
{ "type": "Feature", "properties": { "Art": "EIN", "bw_id": "DIN_EIN_2805", "name": "Grabeneinmündung", "km": "2+805", "rwert": 362048.0, "hwert": 5816951, "bemerk": null, "beschreib": "Rohrdurchlass links (oh Brücke Südring)", "stat_von": 2805, "Artgeo": "p" }, "geometry": { "type": "Point", "coordinates": [ 775715.403416673536412, 6888343.8356779422611 ] } },
{ "type": "Feature", "properties": { "Art": "EIN", "bw_id": "DIN_EIN_330", "name": "Regenwassereinlauf (mit Rückstauklappe)", "km": "0+330", "rwert": 361685.0, "hwert": 5819154, "bemerk": "Einlauf und Standort prüfen", "beschreib": "Rohrdurchlass links (mit Rückstauklappe)", "stat_von": 330, "Artgeo": "p" }, "geometry": { "type": "Point", "coordinates": [ 775018.82700301555451, 6891946.001516402699053 ] } },
{ "type": "Feature", "properties": { "Art": "EIN", "bw_id": "DIN_EIN_3500", "name": "Einmündung Alte Dinkel", "km": "3+500", "rwert": 361865.0, "hwert": 5816350, "bemerk": null, "beschreib": "Mündung Alte Dinkel links (Freie Einmündung)", "stat_von": 3500, "Artgeo": "p" }, "geometry": { "type": "Point", "coordinates": [ 775443.33337240293622, 6887348.362199782393873 ] } },
{ "type": "Feature", "properties": { "Art": "EIN", "bw_id": "DIN_EIN_3705", "name": "Einmündung Graben", "km": "3+705", "rwert": 361978.0, "hwert": 5816175, "bemerk": "Einlauf und U_Pflicht prüfen", "beschreib": "Einmündung Graben", "stat_von": 3705, "Artgeo": "p" }, "geometry": { "type": "Point", "coordinates": [ 775636.505466379341669, 6887066.210235840640962 ] } },
{ "type": "Feature", "properties": { "Art": "EIN", "bw_id": "DIN_EIN_3800", "name": "Einmündung Altarm??", "km": "3+800", "rwert": 362049.0, "hwert": 5816108, "bemerk": "Einlauf und U_Pflicht prüfen", "beschreib": "Einmündung Altarm??", "stat_von": 3800, "Artgeo": "p" }, "geometry": { "type": "Point", "coordinates": [ 775755.89288800873328, 6886959.469007440842688 ] } },
{ "type": "Feature", "properties": { "Art": "EIN", "bw_id": "DIN_EIN_3900", "name": "Grabeneinmündung", "km": "3+900", "rwert": 362107.0, "hwert": 5816028, "bemerk": "!!Die Grabeneinmündung ist zu prüfen!!", "beschreib": "Grabeneinmündung rechts", "stat_von": 3900, "Artgeo": "p" }, "geometry": { "type": "Point", "coordinates": [ 775854.582012714119628, 6886830.780094527639449 ] } },
{ "type": "Feature", "properties": { "Art": "EIN", "bw_id": "DIN_EIN_4430", "name": "Einmündung Graben", "km": "4+430", "rwert": 362436.0, "hwert": 5815639, "bemerk": "u-pflicht und Einlauf prüfen", "beschreib": "Einmündung Graben", "stat_von": 4430, "Artgeo": "p" }, "geometry": { "type": "Point", "coordinates": [ 776411.351356118684635, 6886207.204960682429373 ] } },
{ "type": "Feature", "properties": { "Art": "EIN", "bw_id": "DIN_EIN_475", "name": "Rohrdurchlass mit Rückstauklappe (uh Brücke Hilterner Weg)", "km": "0+475", "rwert": 361659.0, "hwert": 5819007, "bemerk": null, "beschreib": "Rohrdurchlass mit Rückstauklappe (uh Brücke Hilterner Weg)", "stat_von": 475, "Artgeo": "p" }, "geometry": { "type": "Point", "coordinates": [ 774983.015594500815496, 6891703.261893892660737 ] } },
{ "type": "Feature", "properties": { "Art": "EIN", "bw_id": "DIN_EIN_4790", "name": "Einmündung Graben", "km": "4+790", "rwert": 362504.0, "hwert": 5815287, "bemerk": "_Pflicht prüfen", "beschreib": "freie Grabeneinmündung links", "stat_von": 4790, "Artgeo": "p" }, "geometry": { "type": "Point", "coordinates": [ 776538.886186165036634, 6885632.386160992085934 ] } },
{ "type": "Feature", "properties": { "Art": "EIN", "bw_id": "DIN_EIN_4795", "name": "Einmündung Graben", "km": "4+795", "rwert": 362532.0, "hwert": 5815281, "bemerk": "u-pflicht", "beschreib": "Rohrdurchlass rechts mit Überfahrt", "stat_von": 4795, "Artgeo": "p" }, "geometry": { "type": "Point", "coordinates": [ 776585.018501825863495, 6885623.823526781052351 ] } },
{ "type": "Feature", "properties": { "Art": "EIN", "bw_id": "DIN_EIN_4845", "name": "Einmündung Graben", "km": "4+845", "rwert": 362541.0, "hwert": 5815236, "bemerk": "U_Pflicht prüfen", "beschreib": "freie Grabeneinmündung rechts", "stat_von": 4845, "Artgeo": "p" }, "geometry": { "type": "Point", "coordinates": [ 776601.823360587819479, 6885550.355034000240266 ] } },
{ "type": "Feature", "properties": { "Art": "EIN", "bw_id": "DIN_EIN_5280", "name": "Mündung Holländer Graben / Dinkel Kanal", "km": "5+280", "rwert": 362254.0, "hwert": 5814928, "bemerk": null, "beschreib": "Mündung Hollander Graben / Dinkel Kanal", "stat_von": 5280, "Artgeo": "p" }, "geometry": { "type": "Point", "coordinates": [ 776145.95829003106337, 6885031.472526431083679 ] } },
{ "type": "Feature", "properties": { "Art": "EIN", "bw_id": "DIN_EIN_5695", "name": "Brückenentwässerung rechts (PVC) uh K23", "km": "5+695", "rwert": 361926.0, "hwert": 5814688, "bemerk": "U-Pflicht bei Brückeneigentümer?", "beschreib": "Brückenentwässerung rechts (PVC) uh K23", "stat_von": 5695, "Artgeo": "p" }, "geometry": { "type": "Point", "coordinates": [ 775619.880214197211899, 6884622.334648606367409 ] } },
{ "type": "Feature", "properties": { "Art": "EIN", "bw_id": "DIN_EIN_5720", "name": "Grabeneinmündung oh Brücke K 23", "km": "5+720", "rwert": 361900.0, "hwert": 5814674, "bemerk": "U-Pflicht", "beschreib": "freie Grabeneinmündung oh Brücke K 23 links", "stat_von": 5720, "Artgeo": "p" }, "geometry": { "type": "Point", "coordinates": [ 775577.949617341044359, 6884598.150594979524612 ] } },
{ "type": "Feature", "properties": { "Art": "EIN", "bw_id": "DIN_EIN_5965", "name": "Mündung Entwässerung Siloplatte??", "km": "5+965", "rwert": 361869.0, "hwert": 5814425, "bemerk": null, "beschreib": "Mündung Entwässerung Siloplatte??", "stat_von": 5965, "Artgeo": "p" }, "geometry": { "type": "Point", "coordinates": [ 775538.664790028124116, 6884187.963833727873862 ] } },
{ "type": "Feature", "properties": { "Art": "EIN", "bw_id": "DIN_EIN_6310", "name": "Mündung Talgraben", "km": "6+310", "rwert": 361781.0, "hwert": 5814092, "bemerk": null, "beschreib": "freie Mündung Talgraben rechts", "stat_von": 6310, "Artgeo": "p" }, "geometry": { "type": "Point", "coordinates": [ 775409.927947924705222, 6883637.281696959398687 ] } },
{ "type": "Feature", "properties": { "Art": "EIN", "bw_id": "DIN_EIN_6550", "name": "Grabeneinmündung", "km": "6+550", "rwert": 361651.0, "hwert": 5813890, "bemerk": null, "beschreib": "freie Grabeneinmündung links", "stat_von": 6550, "Artgeo": "p" }, "geometry": { "type": "Point", "coordinates": [ 775206.39880911144428, 6883299.707439946010709 ] } },
{ "type": "Feature", "properties": { "Art": "EIN", "bw_id": "DIN_EIN_6715", "name": "Rietbecke", "km": "6+715", "rwert": 361574.0, "hwert": 5813748, "bemerk": "Rietbeeke mündet nach Dükerung der Alten Dinkel über Flutmulde der neuen Sohlgleite Lage (War)", "beschreib": "freie Mündung Rietbecke (links) in Sohlgleite War", "stat_von": 6715, "Artgeo": "p" }, "geometry": { "type": "Point", "coordinates": [ 775086.887149383081123, 6883063.07427325937897 ] } },
{ "type": "Feature", "properties": { "Art": "EIN", "bw_id": "DIN_EIN_6850", "name": "Abzweig Alte Dinkel", "km": "6+850", "rwert": 361472.0, "hwert": 5813660, "bemerk": "Vertrag mit LK aufführen", "beschreib": "Abzweig Alte Dinkel oberhalb Sohlgleite War", "stat_von": 6850, "Artgeo": "p" }, "geometry": { "type": "Point", "coordinates": [ 774923.95808607339859, 6882913.916907765902579 ] } },
{ "type": "Feature", "properties": { "Art": "EIN", "bw_id": "DIN_EIN_7675", "name": "Mündung Altgewässer", "km": "7+675", "rwert": 361037.0, "hwert": 5813004, "bemerk": "Über den Mündungsbereich führt ein Steg.", "beschreib": "Mündung Altgewässer rechts, Biotop (GB-NOH 3507/050), Über den Mündungsbereich führt ein Steg!", "stat_von": 7675, "Artgeo": "p" }, "geometry": { "type": "Point", "coordinates": [ 774242.189601624733768, 6881817.134028362110257 ] } },
{ "type": "Feature", "properties": { "Art": "EIN", "bw_id": "DIN_EIN_895", "name": "Einlauf Regenrückhaltebecken", "km": "0+895", "rwert": 361564.0, "hwert": 5818596, "bemerk": null, "beschreib": "Rohrduchlass links (mit Gitterklappe) und weitere zwei Rohrdurchlässe", "stat_von": 895, "Artgeo": "p" }, "geometry": { "type": "Point", "coordinates": [ 774846.344741284498014, 6891023.584440138190985 ] } },
{ "type": "Feature", "properties": { "Art": "EIN", "bw_id": "DIN_EIN_925", "name": "Einlauf Hoffbecke", "km": "0+925", "rwert": 361573.0, "hwert": 5818568, "bemerk": null, "beschreib": "Einmündung Hoffbecke links (mit Rückstauklappe)", "stat_von": 925, "Artgeo": "p" }, "geometry": { "type": "Point", "coordinates": [ 774862.390469137346372, 6890978.0004952987656 ] } },
{ "type": "Feature", "properties": { "Art": "EIN", "bw_id": "DIN_EIN_995", "name": "Grabeneinlauf??", "km": "0+995", "rwert": 361604.0, "hwert": 5818502, "bemerk": "Einlauf und U_Pflicht prüfen", "beschreib": " Rohrdurchlass links (Satingbaane)", "stat_von": 995, "Artgeo": "p" }, "geometry": { "type": "Point", "coordinates": [ 774916.248610837035812, 6890871.007564041763544 ] } },
{ "type": "Feature", "properties": { "Art": "QUE", "bw_id": "DIN_QUE_3270", "name": "Gasleitung", "km": "3+270", "rwert": 361865.0, "hwert": 5816570, "bemerk": null, "beschreib": "Gasleitungsdüker", "stat_von": 3270, "Artgeo": "p" }, "geometry": { "type": "Point", "coordinates": [ 775433.18115522840526, 6887709.650120513513684 ] } },
{ "type": "Feature", "properties": { "Art": "QUE", "bw_id": "DIN_QUE_3285", "name": "Gasleitung", "km": "3+285", "rwert": 361869.0, "hwert": 5816556, "bemerk": null, "beschreib": "Gasleitungsdüker", "stat_von": 3285, "Artgeo": "p" }, "geometry": { "type": "Point", "coordinates": [ 775440.379860232817009, 6887686.843645503744483 ] } },
{ "type": "Feature", "properties": { "Art": "QUE", "bw_id": "DIN_QUE_4020", "name": "Oberleitung für Hausanschluss??", "km": "4+020", "rwert": 362170.0, "hwert": 5815922, "bemerk": null, "beschreib": "Oberleitung für Hausversorgung", "stat_von": 4020, "Artgeo": "p" }, "geometry": { "type": "Point", "coordinates": [ 775962.654602468363009, 6886659.629381573759019 ] } },
{ "type": "Feature", "properties": { "Art": "QUE", "bw_id": "DIN_QUE_5810", "name": "Dükerung Gasleitung", "km": "5+810", "rwert": 361887.0, "hwert": 5814583, "bemerk": null, "beschreib": "Dükerung Gasleitung", "stat_von": 5810, "Artgeo": "p" }, "geometry": { "type": "Point", "coordinates": [ 775560.85634799359832, 6884448.163389883004129 ] } },
{ "type": "Feature", "properties": { "Art": "QUE", "bw_id": "DIN_QUE_7615", "name": "Stromleitung", "km": "7+615", "rwert": 361029.0, "hwert": 5813065, "bemerk": "Dükerung oder Oberleitung??", "beschreib": "Dükerung??", "stat_von": 7615, "Artgeo": "p" }, "geometry": { "type": "Point", "coordinates": [ 774226.267172546009533, 6881916.867028658278286 ] } },
{ "type": "Feature", "properties": { "Art": "SON", "bw_id": "DIN_SON_1750", "name": "Betriebsgebäude (Wehrsteuerung Dinkelwehr)", "km": "1+750", "rwert": 361732.0, "hwert": 5817987, "bemerk": null, "beschreib": "Betriebsgebäude des Dinkelwehres Neuenhaus mit Steuereinrichtungen und Hydraulik", "stat_von": 1750, "Artgeo": "p" }, "geometry": { "type": "Point", "coordinates": [ 775149.825547161046416, 6890030.89771534781903 ] } },
{ "type": "Feature", "properties": { "Art": "SON", "bw_id": "DIN_SON_1905", "name": "Steg", "km": "1+905", "rwert": 361877.0, "hwert": 5817826, "bemerk": null, "beschreib": "privater Steg (mit Plattform) links", "stat_von": 1905, "Artgeo": "p" }, "geometry": { "type": "Point", "coordinates": [ 775394.861581235425547, 6889773.139441987499595 ] } },
{ "type": "Feature", "properties": { "Art": "SON", "bw_id": "DIN_SON_1930", "name": "Bootsanleger", "km": "1+930", "rwert": 361917.0, "hwert": 5817806, "bemerk": null, "beschreib": "Bootsanleger rechts im Sandfang (Stadt Neuenhaus)", "stat_von": 1930, "Artgeo": "p" }, "geometry": { "type": "Point", "coordinates": [ 775461.327987344469875, 6889742.137417439371347 ] } },
{ "type": "Feature", "properties": { "Art": "SON", "bw_id": "DIN_SON_1950", "name": "Kanuslipanlage", "km": "1+950", "rwert": 361921.0, "hwert": 5817785, "bemerk": null, "beschreib": "Kanuslipanlage im Dinkelsandfang Neuenhaus rechts", "stat_von": 1950, "Artgeo": "p" }, "geometry": { "type": "Point", "coordinates": [ 775468.851645627291873, 6889707.826594069600105 ] } },
{ "type": "Feature", "properties": { "Art": "SON", "bw_id": "DIN_SON_2075", "name": "Steg", "km": "2+075", "rwert": 361889.0, "hwert": 5817654, "bemerk": null, "beschreib": "privater Steg (mit Plattform) links im Dinkelsandfang Neuenhaus", "stat_von": 2075, "Artgeo": "p" }, "geometry": { "type": "Point", "coordinates": [ 775422.465702278190292, 6889491.160130698233843 ] } },
{ "type": "Feature", "properties": { "Art": "SON", "bw_id": "DIN_SON_2105", "name": "Bootsanleger Kurbelfähre links", "km": "2+105", "rwert": 361888.0, "hwert": 5817622, "bemerk": null, "beschreib": "Seit Mai 2013 können Ausflügler und Fahrradfahrer mit der Kurbelfähre \"Haal over\"von einem Ufer der Dinkel ans andere Ufer gelangen. Die Fähre hat keinen Motor; angekurbelt durch die eigene Muskelkraft gleitet sie durch's Wasser - und das 72 Meter.", "stat_von": 2105, "Artgeo": "p" }, "geometry": { "type": "Point", "coordinates": [ 775422.304540003999136, 6889438.550323926843703 ] } },
{ "type": "Feature", "properties": { "Art": "SON", "bw_id": "DIN_SON_2106", "name": "Bootsanleger Kurbelfähre rechts", "km": "2+106", "rwert": 361960.0, "hwert": 5817640, "bemerk": null, "beschreib": "Seit Mai 2013 können Ausflügler und Fahrradfahrer mit der Kurbelfähre \"Haal over\"von einem Ufer der Dinkel ans andere Ufer gelangen. Die Fähre hat keinen Motor; angekurbelt durch die eigene Muskelkraft gleitet sie durch's Wasser - und das 72 Meter.", "stat_von": 2106, "Artgeo": "p" }, "geometry": { "type": "Point", "coordinates": [ 775539.446803470607847, 6889471.448764746077359 ] } },
{ "type": "Feature", "properties": { "Art": "SON", "bw_id": "DIN_SON_2140", "name": "Entnahmen, Samtgem. Neuenhaus,Beregnung", "km": "2+140", "rwert": 361961.0, "hwert": 5817601, "bemerk": "A-001 (aktiv, real), OW-Entn.,Samtgem. Neuenhaus,B", "beschreib": "Entnahmerecht Samtgemeinde Neuenhaus für Beregnung Sportplatz", "stat_von": 2140, "Artgeo": "p" }, "geometry": { "type": "Point", "coordinates": [ 775542.884887578664348, 6889407.433386471122503 ] } },
{ "type": "Feature", "properties": { "Art": "SON", "bw_id": "DIN_SON_2200", "name": "Dinkelsandfang Neuenhaus", "km": "2+200", "rwert": 361947.0, "hwert": 5817541, "bemerk": null, "beschreib": "Sandfang Neuenhaus (Dinkel). Der Sandfang wird im Zuge der Gewässerunterhaltung als Teil der Dinkel betrachtet. Sandfangräumung – Sandentnahme- in 1986 und 2001. Sandfang ist ca. alle  10 - 15 Jahre zu räumen.", "stat_von": 2200, "Artgeo": "p" }, "geometry": { "type": "Point", "coordinates": [ 775522.714581611100584, 6889308.230392331257463 ] } },
{ "type": "Feature", "properties": { "Art": "SON", "bw_id": "DIN_SON_2330", "name": "Grillplatz am Sandfang", "km": "2+330", "rwert": 361940.0, "hwert": 5817405, "bemerk": null, "beschreib": "Grillplatz am Dinkelsee in Neuenhaus, am Ende der Königsberger Straße. Ein ruhiges Plätzchen am Wasser. In geselliger Runde finden an dem festinstallierten Schwenkgrill mindestens 30 Personen Platz.", "stat_von": 2330, "Artgeo": "p" }, "geometry": { "type": "Point", "coordinates": [ 775517.52105708012823, 6889084.518874960020185 ] } },
{ "type": "Feature", "properties": { "Art": "SON", "bw_id": "DIN_SON_2945", "name": "Altgewässer", "km": "2+945", "rwert": 362035.0, "hwert": 5816811, "bemerk": null, "beschreib": "Altgewässer", "stat_von": 2945, "Artgeo": "p" }, "geometry": { "type": "Point", "coordinates": [ 775700.559639632003382, 6888113.304214891046286 ] } },
{ "type": "Feature", "properties": { "Art": "SON", "bw_id": "DIN_SON_3640", "name": "markantes Einzelgehölz (Eiche)", "km": "3+640", "rwert": 361965.0, "hwert": 5816246, "bemerk": null, "beschreib": "markantes Einzelgehölz (Eiche) rechtsseitig", "stat_von": 3640, "Artgeo": "p" }, "geometry": { "type": "Point", "coordinates": [ 775611.937469983939081, 6887182.201134925708175 ] } },
{ "type": "Feature", "properties": { "Art": "SON", "bw_id": "DIN_SON_4010", "name": "Gebäude an Böschungskante Dinkel", "km": "4+010", "rwert": 362141.0, "hwert": 5815915, "bemerk": null, "beschreib": "Gebäude an Böschungskante Dinkel", "stat_von": 4010, "Artgeo": "p" }, "geometry": { "type": "Point", "coordinates": [ 775915.476322177099064, 6886646.796671725809574 ] } },
{ "type": "Feature", "properties": { "Art": "SON", "bw_id": "DIN_SON_4430", "name": "Infotafel", "km": "4+430", "rwert": 362440.0, "hwert": 5815635, "bemerk": null, "beschreib": "Infotafel u.a. zur Eichenallee in Lage oder zur Geschichte von Lage", "stat_von": 4430, "Artgeo": "p" }, "geometry": { "type": "Point", "coordinates": [ 776418.086548458435573, 6886200.821329353377223 ] } },
{ "type": "Feature", "properties": { "Art": "SON", "bw_id": "DIN_SON_4445", "name": "Spundwandrest", "km": "4+445", "rwert": 362439.0, "hwert": 5815621, "bemerk": null, "beschreib": "Spundwandrest in der Wasserwechselzone (Böschungsunterkante) rechts oberhalb Kalverlager Brücke", "stat_von": 4445, "Artgeo": "p" }, "geometry": { "type": "Point", "coordinates": [ 776417.091775984852575, 6886177.787906095385551 ] } },
{ "type": "Feature", "properties": { "Art": "SON", "bw_id": "DIN_SON_4835", "name": "Einstürzender Baum", "km": "4+835", "rwert": 362542.0, "hwert": 5815249, "bemerk": "Entfernen??", "beschreib": "Einstürzender Baum", "stat_von": 4835, "Artgeo": "p" }, "geometry": { "type": "Point", "coordinates": [ 776602.864505044883117, 6885571.744825573638082 ] } },
{ "type": "Feature", "properties": { "Art": "SON", "bw_id": "DIN_SON_485", "name": "Pegel (Brücke Hiltener Weg) mit Böschungstreppe", "km": "0+485", "rwert": 361632.0, "hwert": 5819003, "bemerk": null, "beschreib": "Pegel (Brücke Hiltener Weg) mit Böschungstreppe des NLWLN. Der Pegel ist im BIS enthalten", "stat_von": 485, "Artgeo": "p" }, "geometry": { "type": "Point", "coordinates": [ 774938.948631881503388, 6891695.436930126510561 ] } },
{ "type": "Feature", "properties": { "Art": "SON", "bw_id": "DIN_SON_4955", "name": "Einstürzender Baum", "km": "4+955", "rwert": 362526.0, "hwert": 5815119, "bemerk": "Entfernen??", "beschreib": "Einstürzender Baum", "stat_von": 4955, "Artgeo": "p" }, "geometry": { "type": "Point", "coordinates": [ 776582.627113689668477, 6885357.573405152186751 ] } },
{ "type": "Feature", "properties": { "Art": "SON", "bw_id": "DIN_SON_5685", "name": "Schrägpegellatte Brücke Grenzstraße mit Böschungstreppe", "km": "5+685", "rwert": 361915.0, "hwert": 5814704, "bemerk": null, "beschreib": "Schrägpegellatte Brücke Grenzstraße mit Böschungstreppe", "stat_von": 5685, "Artgeo": "p" }, "geometry": { "type": "Point", "coordinates": [ 775601.129951226757839, 6884648.092573597095907 ] } },
{ "type": "Feature", "properties": { "Art": "SON", "bw_id": "DIN_SON_5690", "name": "Pegel Lage I", "km": "5+690", "rwert": 361903.0, "hwert": 5814703, "bemerk": null, "beschreib": "Pegel  (incl. Schrägpegellatte Brücke Grenzstraße) des NLWKN (Siehe auch Pegel-Online:  https://www.pegelonline.nlwkn.niedersachsen.de/Karte )", "stat_von": 5690, "Artgeo": "p" }, "geometry": { "type": "Point", "coordinates": [ 775581.525574437808245, 6884645.896486414596438 ] } },
{ "type": "Feature", "properties": { "Art": "SON", "bw_id": "DIN_SON_7790", "name": "Biotop (GB-NOH 3507/050)", "km": "7+790", "rwert": 361100.0, "hwert": 5812890, "bemerk": null, "beschreib": "Biotop (Altarm, GB-NOH 3507/050, Naturnahes Kleingewässer, SE) rechtsseitig auf dem Gebiet der Gemeinde Lage mit direkter, freier Verbindung zur Dinkel (ID: 294)", "stat_von": 7790, "Artgeo": "p" }, "geometry": { "type": "Point", "coordinates": [ 774350.597585038049147, 6881632.982263222336769 ] } },
{ "type": "Feature", "properties": { "Art": "SON", "bw_id": "DIN_SON_7960", "name": "Biotop (GB-NOH 3507/052)", "km": "7+960", "rwert": 361082.0, "hwert": 5812692, "bemerk": null, "beschreib": "Biotop (GB-NOH 3507/052, Naturnahes Kleingewässer, SE) rechtsseitg auf dem Gebiet der Gemeinde Lage ohne direkte Verbindung zur Dinkel", "stat_von": 7960, "Artgeo": "p" }, "geometry": { "type": "Point", "coordinates": [ 774330.304001239011995, 6881307.232389711774886 ] } },
{ "type": "Feature", "properties": { "Art": "WEH", "bw_id": "DIN_WEH_1650", "name": "Dinkelwehr Neuenhaus", "km": "1+650", "rwert": 361730.0, "hwert": 5817989, "bemerk": null, "beschreib": "Dinkelwehr Neuenhaus (zweifeldriges hydraulisches Klappenwehr) mit Umgehungsgerinne. Die Umstellung von Sommer-/Winterstau erfolgt in der Zeit vom 01.04-15.04 und vom 01.10-15.10.", "stat_von": 1650, "Artgeo": "p" }, "geometry": { "type": "Point", "coordinates": [ 775146.455832283361815, 6890034.090473066084087 ] } },
{ "type": "Feature", "properties": { "Art": "QUE", "bw_id": "DIN_QUE_2775", "name": "Dükerung Telekommunikationskabel PE DN 180 x 16,4", "km": "2+775", "rwert": 362069.0, "hwert": 5816980, "bemerk": "Dükerschild kontrollieren, Vertrag abschließen, Sohllage nachtragen", "beschreib": "Dükerung EWE Netz TK - Kabel PE 180x16,4", "stat_von": 2775, "Artgeo": "p" }, "geometry": { "type": "Point", "coordinates": [ 775748.47090123500675, 6888392.43540396541357 ] } },
{ "type": "Feature", "properties": { "Art": "SON", "bw_id": "DIN_SON_4450", "name": "Tor", "km": "4+450", "rwert": 362403.0, "hwert": 5815610, "bemerk": null, "beschreib": "Tor", "stat_von": 4450, "Artgeo": "p" }, "geometry": { "type": "Point", "coordinates": [ 776358.634343305486254, 6886158.068449608050287 ] } },
{ "type": "Feature", "properties": { "Art": "SON", "bw_id": "DIN_SON_4115", "name": "Tor", "km": "4+115", "rwert": 362258.0, "hwert": 5815893, "bemerk": null, "beschreib": "Tor", "stat_von": 4115, "Artgeo": "p" }, "geometry": { "type": "Point", "coordinates": [ 776108.128445591079071, 6886616.069739354774356 ] } },
{ "type": "Feature", "properties": { "Art": "SON", "bw_id": "DIN_SON_2310", "name": "Entnahme, Pumpenschacht (Beregnung oder Berieselung)", "km": "2+310", "rwert": 362004.0, "hwert": 5817439, "bemerk": null, "beschreib": "Wasserrecht (11/12774), Entnahme, Pumpenschacht (Beregnung oder Berieselung)", "stat_von": 2310, "Artgeo": "p" }, "geometry": { "type": "Point", "coordinates": [ 775620.813049809425138, 6889143.325212568975985 ] } },
{ "type": "Feature", "properties": { "Art": "SON", "bw_id": "DIN_SON_1645", "name": "Wasserrecht Dinkelwehr (Aufstauen)", "km": "1+645", "rwert": 361727.0, "hwert": 5817981, "bemerk": null, "beschreib": "Wasserrecht Dinkelwehr (Aufstauen) für das Dinkelwehr Neuenhaus", "stat_von": 1645, "Artgeo": "p" }, "geometry": { "type": "Point", "coordinates": [ 775141.909781355876476, 6890020.809665891341865 ] } },
{ "type": "Feature", "properties": { "Art": "SON", "bw_id": "DIN_SON_50", "name": "Kunstobjekt Mündung Dinkel", "km": "0+050", "rwert": 361786.0, "hwert": 5819406, "bemerk": null, "beschreib": "Kunstobjekt im Mündungungsbereich der  Dinkel zur Vechte", "stat_von": 50, "Artgeo": "p" }, "geometry": { "type": "Point", "coordinates": [ 775172.714967384934425, 6892364.759796305559576 ] } },
{ "type": "Feature", "properties": { "Art": "EIN", "bw_id": "DIN_EIN_125", "name": "Rohreinlauf (mit Rückstauklappe und Schieber)", "km": "0+125", "rwert": 361806.0, "hwert": 5819323, "bemerk": "mit Schieber", "beschreib": "Rohrdurchlass an unterer Böschung mit Rückstauklappe und Schieber (rechts neben dem Radweg) am Ende des asphaltierten Radwegs", "stat_von": 125, "Artgeo": "p" }, "geometry": { "type": "Point", "coordinates": [ 775209.334710355615243, 6892229.302768375724554 ] } },
{ "type": "Feature", "properties": { "Art": "QUE", "bw_id": "DIN_QUE_125", "name": "Querung Trinkwasserleitung", "km": "0+125", "rwert": 361794.0, "hwert": 5819323, "bemerk": null, "beschreib": "Dükerung einer Trinkwasserleitung", "stat_von": 125, "Artgeo": "p" }, "geometry": { "type": "Point", "coordinates": [ 775189.665796107496135, 6892228.746527674607933 ] } },
{ "type": "Feature", "properties": { "Art": "SON", "bw_id": "DIN_SON_185", "name": "Böschungstreppe an Brücke links uh", "km": "0+185", "rwert": 361753.0, "hwert": 5819275, "bemerk": null, "beschreib": "Böschungstreppe an Brücke links uh Brücke", "stat_von": 185, "Artgeo": "p" }, "geometry": { "type": "Point", "coordinates": [ 775124.683845055871643, 6892147.974014966748655 ] } },
{ "type": "Feature", "properties": { "Art": "SON", "bw_id": "DIN_SON_170", "name": "Böschungstreppe oh Brücke", "km": "0+170", "rwert": 361795.0, "hwert": 5819272, "bemerk": null, "beschreib": "Böschungstreppe oh Brücke", "stat_von": 170, "Artgeo": "p" }, "geometry": { "type": "Point", "coordinates": [ 775193.663060574210249, 6892144.991717195138335 ] } },
{ "type": "Feature", "properties": { "Art": "QUE", "bw_id": "DIN_QUE_435", "name": "Dükerung", "km": "0+435", "rwert": 361658.0, "hwert": 5819050, "bemerk": null, "beschreib": "Dükerung??", "stat_von": 435, "Artgeo": "p" }, "geometry": { "type": "Point", "coordinates": [ 774979.386667163809761, 6891773.867390931583941 ] } },
{ "type": "Feature", "properties": { "Art": "SON", "bw_id": "DIN_SON_490", "name": "Tor", "km": "0+490", "rwert": 361662.0, "hwert": 5818991, "bemerk": null, "beschreib": "Tor", "stat_von": 490, "Artgeo": "p" }, "geometry": { "type": "Point", "coordinates": [ 774988.672913810820319, 6891677.11215110681951 ] } },
{ "type": "Feature", "properties": { "Art": "SON", "bw_id": "DIN_SON_1585", "name": "Tor", "km": "1+585", "rwert": 361671.0, "hwert": 5818026, "bemerk": null, "beschreib": "Tor", "stat_von": 1585, "Artgeo": "p" }, "geometry": { "type": "Point", "coordinates": [ 775048.065533791435882, 6890092.136508486233652 ] } },
{ "type": "Feature", "properties": { "Art": "EIN", "bw_id": "DIN_EIN_1630", "name": "Rohreinlauf in Umgehungsgerinne", "km": "1+630", "rwert": 361705.0, "hwert": 5817955, "bemerk": null, "beschreib": "Rohreinlauf im Bereich des  Umgehungsgerinnes", "stat_von": 1630, "Artgeo": "p" }, "geometry": { "type": "Point", "coordinates": [ 775107.062151877209544, 6889977.079393086954951 ] } },
{ "type": "Feature", "properties": { "Art": "SON", "bw_id": "DIN_SON_1715", "name": "Schrägpegel mit Böschungstreppe oh Dinkelwehr", "km": "1+715", "rwert": 361794.0, "hwert": 5817960, "bemerk": null, "beschreib": "Schrägpegel mit Böschungstreppe oberhalb Wehranlage (Dinkelwehr Neuenhaus)", "stat_von": 1715, "Artgeo": "p" }, "geometry": { "type": "Point", "coordinates": [ 775252.668166091782041, 6889989.416945199482143 ] } },
{ "type": "Feature", "properties": { "Art": "SON", "bw_id": "DIN_SON_1470", "name": "Tor", "km": "1+470", "rwert": 361597.0, "hwert": 5818082, "bemerk": null, "beschreib": "Tor", "stat_von": 1470, "Artgeo": "p" }, "geometry": { "type": "Point", "coordinates": [ 774924.214838179759681, 6890180.698112456128001 ] } },
{ "type": "Feature", "properties": { "Art": "QUE", "bw_id": "DIN_QUE_2145", "name": "Dükerung", "km": "2+145", "rwert": 361936.0, "hwert": 5817593, "bemerk": "Beschilderung verblichen", "beschreib": "Kabeldüker", "stat_von": 2145, "Artgeo": "p" }, "geometry": { "type": "Point", "coordinates": [ 775502.291458862833679, 6889393.136062765493989 ] } },
{ "type": "Feature", "properties": { "Art": "SON", "bw_id": "DIN_SON_2450", "name": "Kunstobjekt", "km": "2+450", "rwert": 362001.0, "hwert": 5817294, "bemerk": "??Vertrag??", "beschreib": "Die Dinkelstein-Route ist ein Kunstprojekt mit hohem Freizeitwert und wertvoll für den Tourismus. Die Skulpturen sprechen Einladungen aus, sie genau zu betrachten und in Ruhe auf sich wirken zu lassen und in einen Diskurs einzutreten.", "stat_von": 2450, "Artgeo": "p" }, "geometry": { "type": "Point", "coordinates": [ 775622.585553265176713, 6888905.020721730776131 ] } },
{ "type": "Feature", "properties": { "Art": "SON", "bw_id": "DIN_SON_2760", "name": "Böschungstreppe uh Brücke B 403", "km": "2+760", "rwert": 362058.0, "hwert": 5816993, "bemerk": null, "beschreib": "Böschungstreppe uh Brücke B 403", "stat_von": 2760, "Artgeo": "p" }, "geometry": { "type": "Point", "coordinates": [ 775729.850355725036934, 6888413.278282995335758 ] } },
{ "type": "Feature", "properties": { "Art": "SON", "bw_id": "DIN_SON_2755", "name": "Böschungstreppe rechts oh Brücke", "km": "2+755", "rwert": 362087.0, "hwert": 5816998, "bemerk": null, "beschreib": "Böschungstreppe rechts oh Brücke", "stat_von": 2755, "Artgeo": "p" }, "geometry": { "type": "Point", "coordinates": [ 775777.130790563416667, 6888422.830247176811099 ] } },
{ "type": "Feature", "properties": { "Art": "SON", "bw_id": "DIN_SON_7615", "name": "Stein auf Böschung", "km": "7+615", "rwert": 361016.0, "hwert": 5813067, "bemerk": null, "beschreib": "Stein auf Böschung", "stat_von": 7615, "Artgeo": "p" }, "geometry": { "type": "Point", "coordinates": [ 774204.893845493672416, 6881919.54518652241677 ] } },
{ "type": "Feature", "properties": { "Art": "SON", "bw_id": "DIN_SON_8010", "name": "Biotop (GB-NOH 3507/053)", "km": "8+010", "rwert": 361032.0, "hwert": 5812639, "bemerk": null, "beschreib": "Biotop (GB-NOH 3507/053, Naturnahes Kleingewässer, SE) rechtsseitg auf dem Gebiet der Gemeinde Lage ohne direkte Verbindung zur Dinkel", "stat_von": 8010, "Artgeo": "p" }, "geometry": { "type": "Point", "coordinates": [ 774250.917122480575927, 6881217.940735178999603 ] } },
{ "type": "Feature", "properties": { "Art": "SON", "bw_id": "DIN_SON_7970", "name": "Biotop (GB-NOH 3507/051)", "km": "7+970", "rwert": 361116.0, "hwert": 5812667, "bemerk": null, "beschreib": "Biotop (GB-NOH 3507/051, Naturnahes Kleingewässer, SE) rechtsseitg auf dem Gebiet der Gemeinde Lage ohne direkte Verbindung zur Dinkel", "stat_von": 7970, "Artgeo": "p" }, "geometry": { "type": "Point", "coordinates": [ 774387.114480326883495, 6881267.78725606855005 ] } },
{ "type": "Feature", "properties": { "Art": "SON", "bw_id": "DIN_SON_4320", "name": "Biotop (GB NOH 3507/072)", "km": "4+320", "rwert": 362552.0, "hwert": 5815806, "bemerk": null, "beschreib": "Biotop (GB NOH 3507/072) rechtsseitig auf dem Gebiet der Gemeinde Lage ohne direkte Verbindung zur Dinkel", "stat_von": 4320, "Artgeo": "p" }, "geometry": { "type": "Point", "coordinates": [ 776593.678414946305566, 6886486.756868716329336 ] } },
{ "type": "Feature", "properties": { "Art": "SON", "bw_id": "DIN_SON_4180", "name": "Biotop (GB-NOH 3507/040)", "km": "4+180", "rwert": 362366.0, "hwert": 5815959, "bemerk": null, "beschreib": "Biotop (GB-NOH 3507/040, (Erlen-)Bruchwald) rechtsseitig auf dem Gebiet der Gemeinde Lage ohne direkte Verbindung zur Dinkel", "stat_von": 4180, "Artgeo": "p" }, "geometry": { "type": "Point", "coordinates": [ 776281.99269491166342, 6886729.423861909657717 ] } },
{ "type": "Feature", "properties": { "Art": "SON", "bw_id": "DIN_SON_3880", "name": "Biotop (GB-NOH 3507/036)", "km": "3+880", "rwert": 362011.0, "hwert": 5815987, "bemerk": null, "beschreib": "Biotop (GB-NOH 3507/036) linksseitig auf dem Gebiet der Gemeinde Lage ohne direkte Verbindung zur Dinkel.", "stat_von": 3880, "Artgeo": "p" }, "geometry": { "type": "Point", "coordinates": [ 775699.225140953552909, 6886759.021284050308168 ] } },
{ "type": "Feature", "properties": { "Art": "SON", "bw_id": "DIN_SON_3870", "name": "Biotop (GB-NOH 3507/078)", "km": "3+870", "rwert": 362135.0, "hwert": 5816078, "bemerk": "!!Die Grabeneinmündung ist zu prüfen!!", "beschreib": "Biotop (GB-NOH 3507/078, Naturnahes Kleingewässer) rechtsseitig in der Gemeinde Lage mit direkter Verbindung zur Dinkel über Grabeneinmündung (ID: 280).", "stat_von": 3870, "Artgeo": "p" }, "geometry": { "type": "Point", "coordinates": [ 775898.14326869265642, 6886914.177190980874002 ] } },
{ "type": "Feature", "properties": { "Art": "SON", "bw_id": "DIN_SON_3740", "name": "Biotop (GB-NOH 3507/079)", "km": "3+740", "rwert": 362053.0, "hwert": 5816180, "bemerk": "!!Die Verbindung bzw. der Rohrdurchlass sind zu prüfen!!", "beschreib": "Biotop (GB-NOH 3507/079, Naturnahes Kleingewässer) rechtsseitig auf dem Gebiet der Gemeinde Lage mit direkter Verbindung der Dinkel über Rohrdurchlass (ID: 279)", "stat_von": 3740, "Artgeo": "p" }, "geometry": { "type": "Point", "coordinates": [ 775759.127449252875522, 6887077.886221494525671 ] } },
{ "type": "Feature", "properties": { "Art": "SON", "bw_id": "DIN_SON_3220", "name": "Biotop (GB-NOH 3507/033)", "km": "3+220", "rwert": 361773.0, "hwert": 5816614, "bemerk": "GB-NOH 3507/033 (Bruchwald, Auwald ; nicht kartiert)", "beschreib": "Biotop (GB-NOH 3507/033, Bruchwald, Auwald ; nicht kartiert) linksseitig auf dem Gebiet der Stadt Neuenhaus ohne direkte Verbindung zur Dinkel", "stat_von": 3220, "Artgeo": "p" }, "geometry": { "type": "Point", "coordinates": [ 775280.438646408496425, 6887777.651790766976774 ] } },
{ "type": "Feature", "properties": { "Art": "SON", "bw_id": "DIN_SON_2660", "name": "Biotop (GB-NOH 3507/ 080)", "km": "2+660", "rwert": 362134.0, "hwert": 5817110, "bemerk": null, "beschreib": "Biotop (GB-NOH 3507/ 080, Bruchwald ; nicht kartiert) rechtsseitig unterhalb der Brücke Südring (B 403) auf dem Gebiet der Stadt Neuenhaus teilweise bis an Böschungsoberkante", "stat_von": 2660, "Artgeo": "p" }, "geometry": { "type": "Point", "coordinates": [ 775848.971297241281718, 6888608.952561497688293 ] } },
{ "type": "Feature", "properties": { "Art": "SON", "bw_id": "DIN_SON_180", "name": "Böschungstreppe an Brücke oh rechts", "km": "0+180", "rwert": 361793.0, "hwert": 5819264, "bemerk": null, "beschreib": "Böschungstreppe an Brücke oh rechts", "stat_von": 180, "Artgeo": "p" }, "geometry": { "type": "Point", "coordinates": [ 775190.754854023223743, 6892131.753806953318417 ] } },
{ "type": "Feature", "properties": { "Art": "SON", "bw_id": "DIN_SON_485", "name": "Sohlsprung unter Brücke Hilterner Weg", "km": "0+485", "rwert": 361646.0, "hwert": 5819004, "bemerk": null, "beschreib": "Sohlsprung (kurze raue Rampe) aus Wasserbausteinen unter der Brücke Hilterner Weg", "stat_von": 485, "Artgeo": "p" }, "geometry": { "type": "Point", "coordinates": [ 774961.847866705153137, 6891697.729580857791007 ] } },
{ "type": "Feature", "properties": { "Art": "BRU", "bw_id": "ELK_BRU_1325", "name": "Feldwegbrücke 3", "km": "1+325", "rwert": 356355.0, "hwert": 5831072, "bemerk": null, "beschreib": "Einfeldkonstruktion mit Holzbohlenbelag (Feldwegbrücke). Die Brücke dient hauptsächlich der Erschließung der südlich des Kanals gelegenen landwirtschaftlichen Flächen.", "stat_von": 1325, "Artgeo": "p" }, "geometry": { "type": "Point", "coordinates": [ 765708.741331433644518, 6911298.686671000905335 ] } },
{ "type": "Feature", "properties": { "Art": "BRU", "bw_id": "ELK_BRU_1815", "name": "Eisenbahnbrücke Emlichheim - Neuenhaus", "km": "1+815", "rwert": 356071.0, "hwert": 5830689, "bemerk": null, "beschreib": "Eisenbahnbrücke Emlichheim - Neuenhaus", "stat_von": 1815, "Artgeo": "p" }, "geometry": { "type": "Point", "coordinates": [ 765260.720769818639383, 6910654.149559221230447 ] } },
{ "type": "Feature", "properties": { "Art": "BRU", "bw_id": "ELK_BRU_1885", "name": "Brücke Ringer Straße L 44", "km": "1+885", "rwert": 356028.0, "hwert": 5830636, "bemerk": null, "beschreib": "Brücke Ringer Straße L 44", "stat_von": 1885, "Artgeo": "p" }, "geometry": { "type": "Point", "coordinates": [ 765192.651135742664337, 6910564.780202721245587 ] } },
{ "type": "Feature", "properties": { "Art": "BRU", "bw_id": "ELK_BRU_1890", "name": "Fuß- u. Radwegbrücke L 44", "km": "1+890", "rwert": 356022.0, "hwert": 5830630, "bemerk": null, "beschreib": "Fuß- u. Radwegbrücke  neben der Brücke L 44", "stat_von": 1890, "Artgeo": "p" }, "geometry": { "type": "Point", "coordinates": [ 765183.085555402911268, 6910554.607953705824912 ] } },
{ "type": "Feature", "properties": { "Art": "BRU", "bw_id": "ELK_BRU_635", "name": "Feldwegbrücke 1(Brücke Duling)", "km": "0+635", "rwert": 356819.0, "hwert": 5831556, "bemerk": null, "beschreib": "Die Brücke dient hauptsächlich der Erschließung der südlich des Kanals gelegenen landwirtschaftlichen Flächen. Bei der Brücke handelt es sich um eine Einfeld-Brücke.", "stat_von": 635, "Artgeo": "p" }, "geometry": { "type": "Point", "coordinates": [ 766447.706116497400217, 6912118.314273843541741 ] } },
{ "type": "Feature", "properties": { "Art": "BRU", "bw_id": "ELK_BRU_8", "name": "Stahlbetonbrücke Entlastungswehr", "km": "0+008", "rwert": 357038.0, "hwert": 5832098, "bemerk": null, "beschreib": "1-Feld-Stahlbetonbrücke über das Entlastungswehr am Piccardie-Coevorden-Kanal an der Abzweigung Entlastungskanal. Die Brücke steht zusammen mit dem Wehr unter Denkmalschutz.", "stat_von": 8, "Artgeo": "p" }, "geometry": { "type": "Point", "coordinates": [ 766781.439900201628916, 6913021.687255023047328 ] } },
{ "type": "Feature", "properties": { "Art": "BRU", "bw_id": "ELK_BRU_895", "name": "Feldwegbrücke 2", "km": "0+895", "rwert": 356628.0, "hwert": 5831380, "bemerk": null, "beschreib": "Die Brücke dient hauptsächlich der Erschließung der südlich des Kanals gelegenen landwirtschaftlichen Flächen. Bei der Brücke handelt es sich um eine Einfeld-Brücke.", "stat_von": 895, "Artgeo": "p" }, "geometry": { "type": "Point", "coordinates": [ 766142.380520686972886, 6911819.188143623061478 ] } },
{ "type": "Feature", "properties": { "Art": "EIN", "bw_id": "ELK_EIN_280", "name": "Einmündung Graben", "km": "0+280", "rwert": 357056.0, "hwert": 5831823, "bemerk": "Einlauf und u Pflicht prüfen", "beschreib": "Einmündung Graben", "stat_von": 280, "Artgeo": "p" }, "geometry": { "type": "Point", "coordinates": [ 766824.257119645364583, 6912569.556441964581609 ] } },
{ "type": "Feature", "properties": { "Art": "EIN", "bw_id": "ELK_EIN_285", "name": "Einmündung Graben", "km": "0+285", "rwert": 357042.0, "hwert": 5831820, "bemerk": "Einlauf und u Pflicht prüfen", "beschreib": "Einmündung Graben", "stat_von": 285, "Artgeo": "p" }, "geometry": { "type": "Point", "coordinates": [ 766801.397543842205778, 6912563.939125942997634 ] } },
{ "type": "Feature", "properties": { "Art": "EIN", "bw_id": "ELK_EIN_640", "name": "Grabeneinlauf", "km": "0+640", "rwert": 356821.0, "hwert": 5831547, "bemerk": "Einlauf und u Pflicht prüfen", "beschreib": "Grabeneinlauf", "stat_von": 640, "Artgeo": "p" }, "geometry": { "type": "Point", "coordinates": [ 766451.426104100304656, 6912103.586779495701194 ] } },
{ "type": "Feature", "properties": { "Art": "EIN", "bw_id": "ELK_EIN_795", "name": "Grabeneinlauf", "km": "0+795", "rwert": 356712.0, "hwert": 5831433, "bemerk": "Einlauf und u Pflicht prüfen", "beschreib": "Grabeneinlauf", "stat_von": 795, "Artgeo": "p" }, "geometry": { "type": "Point", "coordinates": [ 766277.834350306657143, 6911910.546850367449224 ] } },
{ "type": "Feature", "properties": { "Art": "EIN", "bw_id": "ELK_EIN_965", "name": "Grabeneinlauf", "km": "0+965", "rwert": 356576.0, "hwert": 5831335, "bemerk": "Einlauf und u Pflicht prüfen", "beschreib": "Grabeneinlauf", "stat_von": 965, "Artgeo": "p" }, "geometry": { "type": "Point", "coordinates": [ 766059.118346260394901, 6911742.553805267438293 ] } },
{ "type": "Feature", "properties": { "Art": "EIN", "bw_id": "ELK_EIN_20", "name": "Einmündung Bermegraben", "km": "0+020", "rwert": 357023.0, "hwert": 5832089, "bemerk": null, "beschreib": "Einmündung Bermegraben", "stat_von": 20, "Artgeo": "p" }, "geometry": { "type": "Point", "coordinates": [ 766757.224779853946529, 6913006.13731746096164 ] } },
{ "type": "Feature", "properties": { "Art": "QUE", "bw_id": "ELK_QUE_190", "name": "Oberleitung", "km": "0+190", "rwert": 357046.0, "hwert": 5831917, "bemerk": null, "beschreib": "Oberleitiung", "stat_von": 190, "Artgeo": "p" }, "geometry": { "type": "Point", "coordinates": [ 766803.30026414967142, 6912723.914483808912337 ] } },
{ "type": "Feature", "properties": { "Art": "QUE", "bw_id": "ELK_QUE_900", "name": "Oberleitung", "km": "0+900", "rwert": 356625.0, "hwert": 5831376, "bemerk": null, "beschreib": "Oberleitung", "stat_von": 900, "Artgeo": "p" }, "geometry": { "type": "Point", "coordinates": [ 766137.644656430231407, 6911812.454709256999195 ] } },
{ "type": "Feature", "properties": { "Art": "SON", "bw_id": "ELK_SON_5", "name": "Betriebsgebäude (Wehrsteuerung Entlastungswehr)", "km": "0+005", "rwert": 357034.0, "hwert": 5832105, "bemerk": null, "beschreib": "Betriebsgebäude des Entlastungswehrs mit Steuereinrichtungen und Hydraulik", "stat_von": 5, "Artgeo": "p" }, "geometry": { "type": "Point", "coordinates": [ 766774.529890173580498, 6913033.025395328179002 ] } },
{ "type": "Feature", "properties": { "Art": "SON", "bw_id": "ELK_SON_640", "name": "Böschungstreppe rechts", "km": "0+640", "rwert": 356811.0, "hwert": 5831555, "bemerk": null, "beschreib": "Böschungstreppe unterhalb Brücke Duling.", "stat_von": 640, "Artgeo": "p" }, "geometry": { "type": "Point", "coordinates": [ 766434.609949931153096, 6912116.280487048439682 ] } },
{ "type": "Feature", "properties": { "Art": "WEH", "bw_id": "ELK_WEH_10", "name": "Entlastungswehr", "km": "0+010", "rwert": 357038.0, "hwert": 5832104, "bemerk": null, "beschreib": "Das Entlastungswehr mit dem dazugehörigen Bediengebäude liegt bei km 14+500 des Piccardie-Coevorden-Kanals in der Gemeinde Emlichheim.", "stat_von": 10, "Artgeo": "p" }, "geometry": { "type": "Point", "coordinates": [ 766781.150991961359978, 6913031.571163152344525 ] } },
{ "type": "Feature", "properties": { "Art": "SON", "bw_id": "ELK_SON_30", "name": "Sohlschwelle uh. Entlastungswehr", "km": "0+030", "rwert": 357040.0, "hwert": 5832077, "bemerk": null, "beschreib": "Sohlschwelle uh. Enlastungswehr", "stat_von": 30, "Artgeo": "p" }, "geometry": { "type": "Point", "coordinates": [ 766785.737528320052661, 6912987.190211645327508 ] } },
{ "type": "Feature", "properties": { "Art": "BRU", "bw_id": "EVK_BRU_15140", "name": "Drehbrücke Evers-Kotting", "km": "15+140", "rwert": 370939.0, "hwert": 5811014, "bemerk": "Montags-Sonntags und auch an Feiertagen: Bedienungszeiten : 10.00 bis 11.00 Uhr und 14.30 bis 15.30 Uhr; Auf rechtzeitige Anforderung per Telefon: 0160-96545459", "beschreib": "Die Drehbrücke liegt im Zuge eines Geh- und Radweges. Die denkmalgeschützte Brücke ist als 3-feldrige Brücke ausgebildet. Sie besteht aus einem festen Brückenteil (Vorlandbrücke) sowie einer ungleicharmigen Drehbrücke.", "stat_von": 15140, "Artgeo": "p" }, "geometry": { "type": "Point", "coordinates": [ 790538.068350193905644, 6878995.270812466740608 ] } },
{ "type": "Feature", "properties": { "Art": "BRU", "bw_id": "EVK_BRU_15150", "name": "Brücke Immenweg", "km": "15+150", "rwert": 370933.0, "hwert": 5811027, "bemerk": null, "beschreib": "Dreifeld-Stahlbetonbrücke in Verlängerung des Frensdorfer Ringes für die Anbindung des Stadtteils „Stadtflur“", "stat_von": 15150, "Artgeo": "p" }, "geometry": { "type": "Point", "coordinates": [ 790527.690210089785978, 6879016.340298972092569 ] } },
{ "type": "Feature", "properties": { "Art": "BRU", "bw_id": "EVK_BRU_16280", "name": "Holzbrücke Wasserstraße / Oorder Weg", "km": "16+280", "rwert": 370106.0, "hwert": 5811687, "bemerk": null, "beschreib": "Die Dreifeld-Holzbrücke für den Fuß- und Radwegverkehr verbindet den Oorder Weg mit der nördlich vom Kanal gelegenen Wasserstraße", "stat_von": 16280, "Artgeo": "p" }, "geometry": { "type": "Point", "coordinates": [ 789145.723114923923276, 6880063.449897271580994 ] } },
{ "type": "Feature", "properties": { "Art": "BRU", "bw_id": "EVK_BRU_16635", "name": "Brücke Osttangente B 213/B 403", "km": "16+635", "rwert": 369756.0, "hwert": 5811735, "bemerk": null, "beschreib": "Einfeld-Stahlbetonbrücke im Zuge der Bundesstraße  B 213/403 „Osttangente“. Die Brücke wird beidseitig von einer Fuß- und Radwegunterführung unterquert.", "stat_von": 16635, "Artgeo": "p" }, "geometry": { "type": "Point", "coordinates": [ 788570.786083982558921, 6880126.999681210145354 ] } },
{ "type": "Feature", "properties": { "Art": "BRU", "bw_id": "EVK_BRU_17025", "name": "Rahmendurchlass Lingener Straße / Altendorfer Ring", "km": "17+025", "rwert": 369369.0, "hwert": 5811782, "bemerk": null, "beschreib": "Rahmendurchlass „Drosselstrecke“ im Zuge der Lingener Straße", "stat_von": 17025, "Artgeo": "p" }, "geometry": { "type": "Point", "coordinates": [ 787935.324649648624472, 6880187.253081861883402 ] } },
{ "type": "Feature", "properties": { "Art": "BRU", "bw_id": "EVK_BRU_17410", "name": "Brücke Deegfelder Weg", "km": "17+410", "rwert": 368989.0, "hwert": 5811824, "bemerk": null, "beschreib": "Brücke Deegfelder Weg", "stat_von": 17410, "Artgeo": "p" }, "geometry": { "type": "Point", "coordinates": [ 787311.530077927978709, 6880239.558632270433009 ] } },
{ "type": "Feature", "properties": { "Art": "BRU", "bw_id": "EVK_BRU_17670", "name": "Brücke Am Ems-Vechte-Kanal / Altendorfer Ring", "km": "17+670", "rwert": 368717.0, "hwert": 5811854, "bemerk": null, "beschreib": "Brücke Am Ems-Vechte-Kanal / Altendorfer Ring", "stat_von": 17670, "Artgeo": "p" }, "geometry": { "type": "Point", "coordinates": [ 786865.022750940988772, 6880276.865104985423386 ] } },
{ "type": "Feature", "properties": { "Art": "BRU", "bw_id": "EVK_BRU_18100", "name": "Brücke Möllerskamp", "km": "18+100", "rwert": 368698.0, "hwert": 5812260, "bemerk": null, "beschreib": "Einfeld-Stahlbetonbrücke im Zuge der Straße „Möllerskamp“", "stat_von": 18100, "Artgeo": "p" }, "geometry": { "type": "Point", "coordinates": [ 786816.155083679012023, 6880942.244193536229432 ] } },
{ "type": "Feature", "properties": { "Art": "BRU", "bw_id": "EVK_BRU_18495", "name": "Drehbrücke Proes", "km": "18+495", "rwert": 368713.0, "hwert": 5812649, "bemerk": null, "beschreib": "Die Fuß- und Radwegbrücke verbindet das innerstädtische Radwegenetz. Die denkmalgeschützte Brücke ist als 3-feldrige Brücke ausgebildet. Sie besteht aus einem festen Brückenteil (Vorlandbrücke) sowie einer ungleicharmigen Drehbrücke.", "stat_von": 18495, "Artgeo": "p" }, "geometry": { "type": "Point", "coordinates": [ 786823.681408240576275, 6881581.270809830166399 ] } },
{ "type": "Feature", "properties": { "Art": "BRU", "bw_id": "EVK_BRU_19730", "name": "Brücke Hohenkörbener Weg, K 17", "km": "19+730", "rwert": 368531.0, "hwert": 5813844, "bemerk": null, "beschreib": "Einfeld-Stahlbetonbrücke im Zuge der Kreisstraße", "stat_von": 19730, "Artgeo": "p" }, "geometry": { "type": "Point", "coordinates": [ 786473.344062669784762, 6883534.642000796273351 ] } },
{ "type": "Feature", "properties": { "Art": "BRU", "bw_id": "EVK_BRU_20760", "name": "Brücke Veldhauser Straße (K 12)", "km": "20+760", "rwert": 367644.0, "hwert": 5814024, "bemerk": null, "beschreib": "Einfeld-Stahlbetonbrücke im Zuge der Kreisstraße", "stat_von": 20760, "Artgeo": "p" }, "geometry": { "type": "Point", "coordinates": [ 785013.021673969109543, 6883790.97905942145735 ] } },
{ "type": "Feature", "properties": { "Art": "BRU", "bw_id": "EVK_BRU_3450", "name": "Brücke K 36 (Hammweg / Elbergen)", "km": "3+450", "rwert": 381991.0, "hwert": 5814158, "bemerk": null, "beschreib": "Einfeld-Stahlbetonbrücke im Zuge der Kreisstraße K 36", "stat_von": 3450, "Artgeo": "p" }, "geometry": { "type": "Point", "coordinates": [ 808502.538445529877208, 6884611.828319282270968 ] } },
{ "type": "Feature", "properties": { "Art": "BRU", "bw_id": "EVK_BRU_5120", "name": "Brücke A 31", "km": "5+120", "rwert": 380457.0, "hwert": 5813498, "bemerk": null, "beschreib": "Bei der Stahlbetonbrücke handelt es sich um eine vierspurige Autobahnbrücke im Zuge der A 31", "stat_von": 5120, "Artgeo": "p" }, "geometry": { "type": "Point", "coordinates": [ 806016.491035318351351, 6883467.298272320069373 ] } },
{ "type": "Feature", "properties": { "Art": "BRU", "bw_id": "EVK_BRU_600", "name": "Beesten-Brücke", "km": "0+600", "rwert": 384769.0, "hwert": 5814102, "bemerk": "_x000d_\nStand: 05.12.1989_x000d_\n1-stegiger Plattenbalken, 3-Feld-Brücke_x000d_\nBrücke mit balkenartigem oder plattenartigem tragwerk", "beschreib": "3-Feld-Stahlbetonbrücke (Plattenbalkenbrücke) Beesten. Dient als Querung für eine Gemeindestraße und erschließt die nördlich des Kanals gelegenen Flächen der Ortschaft Elbergen für den Anlieger-, Fuß- und Radwegverkehr.", "stat_von": 600, "Artgeo": "p" }, "geometry": { "type": "Point", "coordinates": [ 813054.608153516659513, 6884628.282654462382197 ] } },
{ "type": "Feature", "properties": { "Art": "BRU", "bw_id": "EVK_BRU_75", "name": "Fußgängerbrücke Schleuse Hanekenfähr", "km": "0+075", "rwert": 385170.0, "hwert": 5814424, "bemerk": "keine BW-Prüfung erforderlich?? ;  e-Akte?? ; Bw-Buch??_x000d_\nDenkmalschutz: Kennziffer: 454010.00021 Bezeichnung: Schleuse (Schleuse Elbergen)", "beschreib": "Über das Unterhaupt der Schleuse Hanekenfähr führt diese Einfeld-Stahlbrücke. Sie besteht aus einer Stahlkonstruktion mit Holzbohlenbelag", "stat_von": 75, "Artgeo": "p" }, "geometry": { "type": "Point", "coordinates": [ 813699.044578666915186, 6885172.443549222312868 ] } },
{ "type": "Feature", "properties": { "Art": "BRU", "bw_id": "EVK_BRU_7530", "name": "Brücke Klausheide", "km": "7+530", "rwert": 378239.0, "hwert": 5812548, "bemerk": "Vertrag Bundeswehr verknüpfen???", "beschreib": "Die Einfeld-Stahlbetonbrücke dient als Zufahrt für den südlich des Kanals gelegenen Bombenabwurfplatz Nordhorn-Range. Die Brücke wird aber aufgrund eines Nutzungsvertrags von der zuständigen Wehrbereichsverwaltung der Bundeswehr unterhalten.", "stat_von": 7530, "Artgeo": "p" }, "geometry": { "type": "Point", "coordinates": [ 802423.022017847164534, 6881818.412605042569339 ] } },
{ "type": "Feature", "properties": { "Art": "EIN", "bw_id": "EVK_EIN_10765", "name": "OW-Einleit.,RAF-Nordhorn-Range,Rohrleitung", "km": "10+765", "rwert": 375125.0, "hwert": 5811722, "bemerk": "B-001 (aktiv, real) , OW-Einl.,RAF-Nordhorn-Range,", "beschreib": "OW-Einleit.,RAF-Nordhorn-Range,Rohrleitung", "stat_von": 10765, "Artgeo": "p" }, "geometry": { "type": "Point", "coordinates": [ 797359.289381497655995, 6880334.5007583508268 ] } },
{ "type": "Feature", "properties": { "Art": "EIN", "bw_id": "EVK_EIN_12795", "name": "Einmündung Obere Lee", "km": "12+795", "rwert": 373139.0, "hwert": 5811304, "bemerk": "Das Einlaufbauwerk ist der Rest eines ehemaligen D", "beschreib": "Einmündung Obere Lee", "stat_von": 12795, "Artgeo": "p" }, "geometry": { "type": "Point", "coordinates": [ 794126.216253343271092, 6879565.105421742424369 ] } },
{ "type": "Feature", "properties": { "Art": "EIN", "bw_id": "EVK_EIN_13380", "name": "Einlaufbauwerk Mündung Heseper Graben", "km": "13+380", "rwert": 372574.0, "hwert": 5811147, "bemerk": null, "beschreib": "Einlaufbauwerk Mündung Heseper Graben", "stat_von": 13380, "Artgeo": "p" }, "geometry": { "type": "Point", "coordinates": [ 793208.167711640475318, 6879283.513608457520604 ] } },
{ "type": "Feature", "properties": { "Art": "EIN", "bw_id": "EVK_EIN_14870", "name": "Einlaubauwerk (Grabeneinmündung)", "km": "14+870", "rwert": 371127.0, "hwert": 5810822, "bemerk": null, "beschreib": "Einlaubauwerk (Grabeneinmündung)", "stat_von": 14870, "Artgeo": "p" }, "geometry": { "type": "Point", "coordinates": [ 790853.9783239265671, 6878688.374437634833157 ] } },
{ "type": "Feature", "properties": { "Art": "EIN", "bw_id": "EVK_EIN_15145", "name": "Rohreinlauf mit Rechengitter uh Brücke Evers-Kotting rechts", "km": "15+145", "rwert": 370947.0, "hwert": 5811026, "bemerk": null, "beschreib": "Rohreinlauf mit Rechengitter uh Brücke Evers-Kotting rechts", "stat_von": 15145, "Artgeo": "p" }, "geometry": { "type": "Point", "coordinates": [ 790550.64459427818656, 6879015.303149045445025 ] } },
{ "type": "Feature", "properties": { "Art": "EIN", "bw_id": "EVK_EIN_15390", "name": "Einlaufbauwerk (OW-Entwässerung)", "km": "15+390", "rwert": 370822.0, "hwert": 5811237, "bemerk": null, "beschreib": "Einlaufbauwerk (OW-Entwässerung)", "stat_von": 15390, "Artgeo": "p" }, "geometry": { "type": "Point", "coordinates": [ 790336.99750425608363, 6879356.091773948632181 ] } },
{ "type": "Feature", "properties": { "Art": "EIN", "bw_id": "EVK_EIN_15695", "name": "Einlaufbauwerk (OW-Entwässerung?)", "km": "15+695", "rwert": 370657.0, "hwert": 5811498, "bemerk": "Vertrag??", "beschreib": "Einlaufbauwerk (OW-Entwässerung?)", "stat_von": 15695, "Artgeo": "p" }, "geometry": { "type": "Point", "coordinates": [ 790055.710644804988988, 6879777.199092114344239 ] } },
{ "type": "Feature", "properties": { "Art": "EIN", "bw_id": "EVK_EIN_15780", "name": "Einmündung Graben", "km": "15+780", "rwert": 370576.0, "hwert": 5811530, "bemerk": "Einlauf und U_Pflicht prüfen", "beschreib": "Einmündung Graben", "stat_von": 15780, "Artgeo": "p" }, "geometry": { "type": "Point", "coordinates": [ 789921.759647856117226, 6879826.202922770753503 ] } },
{ "type": "Feature", "properties": { "Art": "EIN", "bw_id": "EVK_EIN_15895", "name": "Einlaufbauwerk (OW-Entwässerung??)", "km": "15+895", "rwert": 370478.0, "hwert": 5811587, "bemerk": null, "beschreib": "Einlaufbauwerk (OW-Entwässerung??)", "stat_von": 15895, "Artgeo": "p" }, "geometry": { "type": "Point", "coordinates": [ 789758.904134705662727, 6879915.489178895018995 ] } },
{ "type": "Feature", "properties": { "Art": "EIN", "bw_id": "EVK_EIN_16350", "name": "Einlaufbauwerk", "km": "16+350", "rwert": 370040.0, "hwert": 5811694, "bemerk": null, "beschreib": "Einlaufbauwerk", "stat_von": 16350, "Artgeo": "p" }, "geometry": { "type": "Point", "coordinates": [ 789037.395914482534863, 6880072.070653478614986 ] } },
{ "type": "Feature", "properties": { "Art": "EIN", "bw_id": "EVK_EIN_16435", "name": "OW-Einleit.", "km": "16+435", "rwert": 369952.0, "hwert": 5811726, "bemerk": "u-Pflicht prüfen", "beschreib": "OW-Einleit.", "stat_von": 16435, "Artgeo": "p" }, "geometry": { "type": "Point", "coordinates": [ 788891.976903284783475, 6880120.754942286759615 ] } },
{ "type": "Feature", "properties": { "Art": "EIN", "bw_id": "EVK_EIN_16865", "name": "Einmündung Verbindungskanal", "km": "16+865", "rwert": 369526.0, "hwert": 5811757, "bemerk": null, "beschreib": "Einmündung Verbindungskanal links", "stat_von": 16865, "Artgeo": "p" }, "geometry": { "type": "Point", "coordinates": [ 788193.380703170201741, 6880153.080435675568879 ] } },
{ "type": "Feature", "properties": { "Art": "EIN", "bw_id": "EVK_EIN_18", "name": "Einlauf Umlauf Schleuse I rechts", "km": "0+018", "rwert": 385191.0, "hwert": 5814476, "bemerk": null, "beschreib": "Einlauf Umlauf Schleuse I rechts", "stat_von": 18, "Artgeo": "p" }, "geometry": { "type": "Point", "coordinates": [ 813731.448804142652079, 6885258.63813303783536 ] } },
{ "type": "Feature", "properties": { "Art": "EIN", "bw_id": "EVK_EIN_18090", "name": "OW-Einleitung", "km": "18+090", "rwert": 368707.0, "hwert": 5812244, "bemerk": null, "beschreib": "OW-Einleitung", "stat_von": 18090, "Artgeo": "p" }, "geometry": { "type": "Point", "coordinates": [ 786831.587358712567948, 6880916.383389206603169 ] } },
{ "type": "Feature", "properties": { "Art": "EIN", "bw_id": "EVK_EIN_19590", "name": "Einmündung Süd-Nord-Kanal", "km": "19+590", "rwert": 368624.0, "hwert": 5813734, "bemerk": null, "beschreib": "Einmündung Süd-Nord-Kanal rechts", "stat_von": 19590, "Artgeo": "p" }, "geometry": { "type": "Point", "coordinates": [ 786630.444750294787809, 6883358.166101533919573 ] } },
{ "type": "Feature", "properties": { "Art": "EIN", "bw_id": "EVK_EIN_25", "name": "Einlauf Umlauf Schleuse I links", "km": "0+025", "rwert": 385199.0, "hwert": 5814463, "bemerk": null, "beschreib": "Einlauf Umlauf Schleuse I links", "stat_von": 25, "Artgeo": "p" }, "geometry": { "type": "Point", "coordinates": [ 813745.050883449730463, 6885237.598517024889588 ] } },
{ "type": "Feature", "properties": { "Art": "EIN", "bw_id": "EVK_EIN_3220", "name": "Einmündung Graben??", "km": "3+220", "rwert": 382213.0, "hwert": 5814205, "bemerk": "Einlauf und U_Pflicht prüfen", "beschreib": "Einmündung Graben??", "stat_von": 3220, "Artgeo": "p" }, "geometry": { "type": "Point", "coordinates": [ 808864.285017426242121, 6884697.756252847611904 ] } },
{ "type": "Feature", "properties": { "Art": "EIN", "bw_id": "EVK_EIN_4535", "name": "Einmündung Kanalgraben", "km": "4+535", "rwert": 381002.0, "hwert": 5813712, "bemerk": "Prüfen!!", "beschreib": "Einmündung Kanalgraben", "stat_von": 4535, "Artgeo": "p" }, "geometry": { "type": "Point", "coordinates": [ 806900.466309517039917, 6883840.364743531681597 ] } },
{ "type": "Feature", "properties": { "Art": "QUE", "bw_id": "EVK_QUE_1260", "name": "Oberleitung", "km": "1+260", "rwert": 384171.0, "hwert": 5814295, "bemerk": null, "beschreib": "Oberleitung", "stat_von": 1260, "Artgeo": "p" }, "geometry": { "type": "Point", "coordinates": [ 812067.71662736707367, 6884922.065123558975756 ] } },
{ "type": "Feature", "properties": { "Art": "QUE", "bw_id": "EVK_QUE_12770", "name": "Dükerung Betriebsstoffleitung (Lingen-Engden)", "km": "12+770", "rwert": 373161.0, "hwert": 5811319, "bemerk": "Bundeswehrleitung, Tel. : 06781 - 24015_x000d_\n0170 8518436", "beschreib": "Tel. : 06781 - 24015_x000d_\n0170 8518436", "stat_von": 12770, "Artgeo": "p" }, "geometry": { "type": "Point", "coordinates": [ 794161.588998344377615, 6879590.649248742498457 ] } },
{ "type": "Feature", "properties": { "Art": "QUE", "bw_id": "EVK_QUE_1295", "name": "Oberleitung", "km": "1+295", "rwert": 384135.0, "hwert": 5814292, "bemerk": null, "beschreib": "Oberleitung", "stat_von": 1295, "Artgeo": "p" }, "geometry": { "type": "Point", "coordinates": [ 812008.868247593403794, 6884915.743528496474028 ] } },
{ "type": "Feature", "properties": { "Art": "QUE", "bw_id": "EVK_QUE_14820", "name": "Oberleitung", "km": "14+820", "rwert": 371177.0, "hwert": 5810820, "bemerk": null, "beschreib": "Oberleitung", "stat_von": 14820, "Artgeo": "p" }, "geometry": { "type": "Point", "coordinates": [ 790935.887373338220641, 6878687.244820090010762 ] } },
{ "type": "Feature", "properties": { "Art": "QUE", "bw_id": "EVK_QUE_15128", "name": "Dükerung", "km": "15+128", "rwert": 370946.0, "hwert": 5811007, "bemerk": null, "beschreib": "Dükerung", "stat_von": 15128, "Artgeo": "p" }, "geometry": { "type": "Point", "coordinates": [ 790549.824982842896134, 6878984.088188942521811 ] } },
{ "type": "Feature", "properties": { "Art": "SLE", "bw_id": "EVK_SLE_21075", "name": "Koppelschleuse", "km": "21+075", "rwert": 367331.0, "hwert": 5813956, "bemerk": "angrenzendes Gebäude steht auf Landeseigentum", "beschreib": "Die Koppelschleuse befindet sich bei km 21+075 des Ems-Vechte-Kanals in der Stadt Nordhorn (Landkreis Grafschaft Bentheim). Sie wurde in Jahren 1880 bis 1882 als Zweikammerschleuse erbaut.", "stat_von": 21075, "Artgeo": "p" }, "geometry": { "type": "Point", "coordinates": [ 784503.511378370807506, 6883665.481122475117445 ] } },
{ "type": "Feature", "properties": { "Art": "SLE", "bw_id": "EVK_SLE_50", "name": "Schleuse Hanekenfähr - einschl. Fußgängerbrücke", "km": "0+050", "rwert": 385180.0, "hwert": 5814446, "bemerk": null, "beschreib": "Die Schleuse I befindet sich bei km 0+050 des Ems-Vechte-Kanals in der Gemeinde Emsbüren (Landkreis Emsland) auf dem der Ortschaft Hanekenfähr gegenüberliegenden, westlichen Ufer der Ems.", "stat_von": 50, "Artgeo": "p" }, "geometry": { "type": "Point", "coordinates": [ 813714.580943531589583, 6885208.953252248466015 ] } },
{ "type": "Feature", "properties": { "Art": "SON", "bw_id": "EVK_SON_12790", "name": "Brücke / Rahmendurchlass (Lee)", "km": "12+790", "rwert": 373144.0, "hwert": 5811296, "bemerk": null, "beschreib": "Brücke / Rahmendurchlass über dem ehemaligen Leedüker", "stat_von": 12790, "Artgeo": "p" }, "geometry": { "type": "Point", "coordinates": [ 794134.737768948660232, 6879552.191171040758491 ] } },
{ "type": "Feature", "properties": { "Art": "SON", "bw_id": "EVK_SON_12985", "name": "Schutzhütte beim Leedüker", "km": "12+985", "rwert": 373122.0, "hwert": 5811283, "bemerk": null, "beschreib": "Schutzhütte beim Leedüker", "stat_von": 12985, "Artgeo": "p" }, "geometry": { "type": "Point", "coordinates": [ 794099.280721658025868, 6879529.928872887045145 ] } },
{ "type": "Feature", "properties": { "Art": "SON", "bw_id": "EVK_SON_15125", "name": "Infotafel Evers-Kotting", "km": "15+125", "rwert": 370961.0, "hwert": 5811015, "bemerk": null, "beschreib": "Infotafel über Wasserstadt Nordhorn an Brücke Evers-Kotting links unterhalb der Fußgängerbrücke", "stat_von": 15125, "Artgeo": "p" }, "geometry": { "type": "Point", "coordinates": [ 790574.02888036693912, 6878997.859678073786199 ] } },
{ "type": "Feature", "properties": { "Art": "SON", "bw_id": "EVK_SON_15130", "name": "Böschungstreppe mit Bedienstegteg oh Brücke Evers-Kotting rechts", "km": "15+130", "rwert": 370954.0, "hwert": 5811012, "bemerk": null, "beschreib": "Böschungstreppe oh Brücke Evers-Kotting rechts", "stat_von": 15130, "Artgeo": "p" }, "geometry": { "type": "Point", "coordinates": [ 790562.702189739560708, 6878992.636112404055893 ] } },
{ "type": "Feature", "properties": { "Art": "SON", "bw_id": "EVK_SON_15135", "name": "Steg oh Brücke Evers-Kotting links", "km": "15+135", "rwert": 370933.0, "hwert": 5811005, "bemerk": null, "beschreib": "Steg oh Brücke Evers-Kotting links", "stat_von": 15135, "Artgeo": "p" }, "geometry": { "type": "Point", "coordinates": [ 790528.636207831790671, 6878980.246580231003463 ] } },
{ "type": "Feature", "properties": { "Art": "SON", "bw_id": "EVK_SON_15940", "name": "Steganlage (mit Böschungstreppe)", "km": "15+940", "rwert": 370436.0, "hwert": 5811569, "bemerk": null, "beschreib": "Steganlage (mit Böschungstreppe)", "stat_von": 15940, "Artgeo": "p" }, "geometry": { "type": "Point", "coordinates": [ 789690.939811419113539, 6879884.137073083780706 ] } },
{ "type": "Feature", "properties": { "Art": "SON", "bw_id": "EVK_SON_16060", "name": "Steganlage", "km": "16+060", "rwert": 370320.0, "hwert": 5811612, "bemerk": null, "beschreib": "Steganlage", "stat_von": 16060, "Artgeo": "p" }, "geometry": { "type": "Point", "coordinates": [ 789499.224844337324612, 6879949.668077484704554 ] } },
{ "type": "Feature", "properties": { "Art": "SON", "bw_id": "EVK_SON_16135", "name": "Steganlage (mit Boot)", "km": "16+135", "rwert": 370243.0, "hwert": 5811636, "bemerk": "Genehmigung??", "beschreib": "Steganlage (mit Boot)", "stat_von": 16135, "Artgeo": "p" }, "geometry": { "type": "Point", "coordinates": [ 789372.160545041202568, 6879985.710453015752137 ] } },
{ "type": "Feature", "properties": { "Art": "SON", "bw_id": "EVK_SON_16545", "name": "Bootssanleger Leinpfad (Rawe-Anleger)", "km": "16+545", "rwert": 369845.0, "hwert": 5811735, "bemerk": null, "beschreib": "Bootssanleger Leinpfad", "stat_von": 16545, "Artgeo": "p" }, "geometry": { "type": "Point", "coordinates": [ 788716.455697877798229, 6880130.87131801340729 ] } },
{ "type": "Feature", "properties": { "Art": "SON", "bw_id": "EVK_SON_21035", "name": "Infotafel Koppelschleuse", "km": "21+035", "rwert": 367377.0, "hwert": 5813949, "bemerk": null, "beschreib": "Infotafel an der  Koppelschleuse am Oberhautp links", "stat_von": 21035, "Artgeo": "p" }, "geometry": { "type": "Point", "coordinates": [ 784579.142439571791328, 6883656.031484929844737 ] } },
{ "type": "Feature", "properties": { "Art": "SON", "bw_id": "EVK_SON_40", "name": "Entnahme, NLWKN Schleusungswasser", "km": "0+040", "rwert": 385184.0, "hwert": 5814456, "bemerk": null, "beschreib": "Wasserrecht (A-001 (aktiv, real), OW-Entn.,Linksemsische Kanalgenossenschaft) für Entnahme aus der Ems", "stat_von": 40, "Artgeo": "p" }, "geometry": { "type": "Point", "coordinates": [ 813720.749532653018832, 6885225.52765750605613 ] } },
{ "type": "Feature", "properties": { "Art": "SON", "bw_id": "EVK_SON_60", "name": "Infotafel Schleuse I EVK", "km": "0+060", "rwert": 385183.0, "hwert": 5814431, "bemerk": null, "beschreib": "Infotafel bei Schleuse I Ems-Vechte-Kanal am Oberhaupt (emsseitig) rechts", "stat_von": 60, "Artgeo": "p" }, "geometry": { "type": "Point", "coordinates": [ 813720.069804114638828, 6885184.437542466446757 ] } },
{ "type": "Feature", "properties": { "Art": "SON", "bw_id": "EVK_SON_7550", "name": "Schutzhütte", "km": "7+550", "rwert": 378233.0, "hwert": 5812510, "bemerk": null, "beschreib": "Schutzhütte", "stat_von": 7550, "Artgeo": "p" }, "geometry": { "type": "Point", "coordinates": [ 802414.741833293694071, 6881755.799475742504001 ] } },
{ "type": "Feature", "properties": { "Art": "DUE", "bw_id": "EVK_DUE_12790", "name": "Lee - Düker", "km": "12+790", "rwert": 373139.0, "hwert": 5811313, "bemerk": "Dükerfunktion nicht mehr gegeben. Die Obere Lee entwässert in den Kanal. Prüfen ob Bauwerk noch Denkmal ist", "beschreib": "Der ehemalige Düker bzw. die heutige Einleitung der Oberen Lee entwässert das südlich vom Ems-Vechte-Kanal gelegene Einzugsgebiet mit einer Größe von rund 27,86 km² in den Kanal.", "stat_von": 12790, "Artgeo": "p" }, "geometry": { "type": "Point", "coordinates": [ 794125.835796849918552, 6879579.8723538024351 ] } },
{ "type": "Feature", "properties": { "Art": "QUE", "bw_id": "EVK_QUE_19735", "name": "Dükerung (HDD) NVB Mittel- und Niederspannungskabel", "km": "19+735", "rwert": 368528.0, "hwert": 5813849, "bemerk": "Vertrag, Akte, Beschilderung, Fotos", "beschreib": "Verlegt werden 1x Mittelspannungskabel NA2XS(F)2Y 1x185 mm², verlegt in Schutzrohr HDPE Ø 160 mm 2x Niederspannungskabel NAYY-J 4x1x150 mm², verlegt in Schutzrohr HDPEv Ø 110 mm", "stat_von": 19735, "Artgeo": "p" }, "geometry": { "type": "Point", "coordinates": [ 786468.212508908007294, 6883542.717617429792881 ] } },
{ "type": "Feature", "properties": { "Art": "QUE", "bw_id": "EVK_QUE_13865", "name": "Dükerung Ferngas (Open Grid Europe)", "km": "13+865", "rwert": 372228.0, "hwert": 5811070, "bemerk": "Tel. 08 00 - 33 55 33 0_x000d_\n0201 3642-11400", "beschreib": "Dükerung Ferngas (Open Grid Europe)", "stat_von": 13865, "Artgeo": "p" }, "geometry": { "type": "Point", "coordinates": [ 792645.181899513001554, 6879142.434029473923147 ] } },
{ "type": "Feature", "properties": { "Art": "EIN", "bw_id": "EVK_EIN_14240", "name": "Einlaufbauwerk", "km": "14+240", "rwert": 371735.0, "hwert": 5810950, "bemerk": null, "beschreib": "Einlaufbauwerk", "stat_von": 14240, "Artgeo": "p" }, "geometry": { "type": "Point", "coordinates": [ 791843.483040737453848, 6878924.476902459748089 ] } },
{ "type": "Feature", "properties": { "Art": "SON", "bw_id": "EVK_SON_20100", "name": "Biotop GB-NOH 3508/054", "km": "20+100", "rwert": 368316.0, "hwert": 5814180, "bemerk": "Biotop auf landeseigener Fläche", "beschreib": "Biotop (GB-NOH 3508/054) auf landeseigener Fläche rechts", "stat_von": 20100, "Artgeo": "p" }, "geometry": { "type": "Point", "coordinates": [ 786106.537882432807237, 6884076.74339618626982 ] } },
{ "type": "Feature", "properties": { "Art": "SON", "bw_id": "EVK_SON_20250", "name": "Biotop GB-NOH 3508/053", "km": "20+250", "rwert": 368136.0, "hwert": 5814164, "bemerk": "Biotop an an Kanal rechtsseitig", "beschreib": "Biotop (GB-NOH 3508/053) am Kanal rechtsseitig", "stat_von": 20250, "Artgeo": "p" }, "geometry": { "type": "Point", "coordinates": [ 785812.489301150082611, 6884042.542712613940239 ] } },
{ "type": "Feature", "properties": { "Art": "SON", "bw_id": "EVK_SON_20930", "name": "Biotop GB-NOH 3508/006", "km": "20+930", "rwert": 367470.0, "hwert": 5814060, "bemerk": null, "beschreib": "Biotop (GB-NOH 3508/006) rechts", "stat_von": 20930, "Artgeo": "p" }, "geometry": { "type": "Point", "coordinates": [ 784726.513897862751037, 6883842.366091229952872 ] } },
{ "type": "Feature", "properties": { "Art": "QUE", "bw_id": "EVK_QUE_3435", "name": "Dükerung Schutzrohr für LWL-Kabel", "km": "3+435", "rwert": 382005.0, "hwert": 5814165, "bemerk": "??Lage an Hand Antragsunterlagen prüfen", "beschreib": "Dükerung Schutzrohr für LWL-Kabel", "stat_von": 3435, "Artgeo": "p" }, "geometry": { "type": "Point", "coordinates": [ 808525.192106323316693, 6884623.874454178847373 ] } },
{ "type": "Feature", "properties": { "Art": "QUE", "bw_id": "EVK_QUE_17050", "name": "Dükeruing von 4 HDPE-Rohren da50", "km": "17+050", "rwert": 369344.0, "hwert": 5811789, "bemerk": "??Lage an Hand der Antragsunterlagen prüfen ; ?? Beschilderung prüfen", "beschreib": "Dükerung im Bereich Altendorfer Ring/Ems-Vechte-Kanal. Durchführung in geschlossener Bauweise mittels Spülbohrverfahren zur Verlegung von 4 HDPE-Rohren da50", "stat_von": 17050, "Artgeo": "p" }, "geometry": { "type": "Point", "coordinates": [ 787894.101261554867961, 6880197.647713263519108 ] } },
{ "type": "Feature", "properties": { "Art": "SON", "bw_id": "EVK_SON_12095", "name": "Raststation (Schutzhütte)", "km": "12+095", "rwert": 370976.0, "hwert": 5810986, "bemerk": "!! genaue Position prüfen ; nach Bau Bilder hinzufügen ; Vertrag ergänzen", "beschreib": "Raststation Stadtflur am Ems-Vechte-Kanal in Nordhorn, die Bauweise entspricht der bereits am Nordhorn-Almelo-Kanal errichteten Raststation.", "stat_von": 12095, "Artgeo": "p" }, "geometry": { "type": "Point", "coordinates": [ 790599.823318925919011, 6878950.928151465021074 ] } },
{ "type": "Feature", "properties": { "Art": "SON", "bw_id": "EVK_SON_605", "name": "Skulptur Johannes der Täufer  bei Brücke Beesten", "km": "0+605", "rwert": 384774.0, "hwert": 5814086, "bemerk": null, "beschreib": "Skulptur Johannes der Täufer von Friedel Kunst (Lingen) bei Brücke Beesten", "stat_von": 605, "Artgeo": "p" }, "geometry": { "type": "Point", "coordinates": [ 813063.412741123815067, 6884602.204346293583512 ] } },
{ "type": "Feature", "properties": { "Art": "QUE", "bw_id": "EVK_QUE_15110", "name": "Dükerung Glasfaserkabel", "km": "15+110", "rwert": 370955.0, "hwert": 5810990, "bemerk": "Lage prüfen ; Akte nachtragen; Beschilderung prüfen", "beschreib": "Dükerung Glasfaserkabel im Abschnitt Wasserstraße/Immenweg Nordhorn mit HDD-Bohrung ca. 60m im Zuge des Breitbandausbaus Grafschaft Bentheim", "stat_von": 15110, "Artgeo": "p" }, "geometry": { "type": "Point", "coordinates": [ 790565.284542188746855, 6878956.585592476651073 ] } },
{ "type": "Feature", "properties": { "Art": "SON", "bw_id": "EVK_SON_610", "name": "Tor / Pfosten", "km": "0+610", "rwert": 384770.0, "hwert": 5814079, "bemerk": null, "beschreib": "Tor / Pfosten uh Brücke links", "stat_von": 610, "Artgeo": "p" }, "geometry": { "type": "Point", "coordinates": [ 813057.130589616368525, 6884590.556548801250756 ] } },
{ "type": "Feature", "properties": { "Art": "SON", "bw_id": "EVK_SON_3400", "name": "Tor / Pfosten", "km": "3+400", "rwert": 382045.0, "hwert": 5814155, "bemerk": null, "beschreib": "Tor / Pfosten / Absperrung U-Weg", "stat_von": 3400, "Artgeo": "p" }, "geometry": { "type": "Point", "coordinates": [ 808591.098326896084473, 6884609.034365518949926 ] } },
{ "type": "Feature", "properties": { "Art": "SON", "bw_id": "EVK_SON_3500", "name": "Tor / Pfosten", "km": "3+500", "rwert": 381954.0, "hwert": 5814112, "bemerk": null, "beschreib": "Tor / Pfosten / Absperrung U-Weg", "stat_von": 3500, "Artgeo": "p" }, "geometry": { "type": "Point", "coordinates": [ 808443.7518677522894, 6884534.839757298119366 ] } },
{ "type": "Feature", "properties": { "Art": "QUE", "bw_id": "EVK_QUE_5270", "name": "Dükerung Gasleitung", "km": "5+270", "rwert": 380319.0, "hwert": 5813438, "bemerk": null, "beschreib": "Dükerung Gasleitung", "stat_von": 5270, "Artgeo": "p" }, "geometry": { "type": "Point", "coordinates": [ 805792.904033704544418, 6883363.278629739768803 ] } },
{ "type": "Feature", "properties": { "Art": "SON", "bw_id": "EVK_SON_6980", "name": "Tor / Pfosten", "km": "6+980", "rwert": 378754.0, "hwert": 5812745, "bemerk": null, "beschreib": "Tor / Pfosten / Absperrung", "stat_von": 6980, "Artgeo": "p" }, "geometry": { "type": "Point", "coordinates": [ 803258.214637723867781, 6882162.674721272662282 ] } },
{ "type": "Feature", "properties": { "Art": "SON", "bw_id": "EVK_SON_10765", "name": "Tor / Pfosten", "km": "10+765", "rwert": 375128.0, "hwert": 5811717, "bemerk": null, "beschreib": "Tor / Pfosten / Absperrung", "stat_von": 10765, "Artgeo": "p" }, "geometry": { "type": "Point", "coordinates": [ 797364.408040839829482, 6880326.421181029640138 ] } },
{ "type": "Feature", "properties": { "Art": "QUE", "bw_id": "EVK_QUE_13290", "name": "Dükerung", "km": "13+290", "rwert": 372658.0, "hwert": 5811185, "bemerk": null, "beschreib": "Dükerung", "stat_von": 13290, "Artgeo": "p" }, "geometry": { "type": "Point", "coordinates": [ 793344.030238306615502, 6879349.434836432337761 ] } },
{ "type": "Feature", "properties": { "Art": "SON", "bw_id": "EVK_SON_13380", "name": "Pfosten", "km": "13+380", "rwert": 372582.0, "hwert": 5811140, "bemerk": null, "beschreib": "Pfosten", "stat_von": 13380, "Artgeo": "p" }, "geometry": { "type": "Point", "coordinates": [ 793221.557729618623853, 6879272.369185045361519 ] } },
{ "type": "Feature", "properties": { "Art": "SON", "bw_id": "EVK_SON_13385", "name": "Überfahrt", "km": "13+385", "rwert": 372573.0, "hwert": 5811142, "bemerk": null, "beschreib": "Überfahrt Heseper Graben (3,6 to)", "stat_von": 13385, "Artgeo": "p" }, "geometry": { "type": "Point", "coordinates": [ 793206.743394651799463, 6879275.267528839409351 ] } },
{ "type": "Feature", "properties": { "Art": "SON", "bw_id": "EVK_SON_14170", "name": "Pfosten / Absperrung", "km": "14+170", "rwert": 371811.0, "hwert": 5810935, "bemerk": null, "beschreib": "Pfosten / Absperrung", "stat_von": 14170, "Artgeo": "p" }, "geometry": { "type": "Point", "coordinates": [ 791968.499231027089991, 6878903.12240354437381 ] } },
{ "type": "Feature", "properties": { "Art": "SON", "bw_id": "EVK_SON_14505", "name": "Steganlage", "km": "14+505", "rwert": 371484.0, "hwert": 5810863, "bemerk": "Verkehrssicherheit gefährdet", "beschreib": "Steganlage (nicht verkehrssicher)", "stat_von": 14505, "Artgeo": "p" }, "geometry": { "type": "Point", "coordinates": [ 791436.442034880979918, 6878770.981684346683323 ] } },
{ "type": "Feature", "properties": { "Art": "QUE", "bw_id": "EVK_QUE_16430", "name": "Dükerung", "km": "16+430", "rwert": 369958.0, "hwert": 5811714, "bemerk": null, "beschreib": "Dükerung", "stat_von": 16430, "Artgeo": "p" }, "geometry": { "type": "Point", "coordinates": [ 788902.317411621799693, 6880101.325622689910233 ] } },
{ "type": "Feature", "properties": { "Art": "SON", "bw_id": "EVK_SON_16465", "name": "Steganlage", "km": "16+465", "rwert": 369924.0, "hwert": 5811708, "bemerk": "Genehmigung??", "beschreib": "Steganlage (privat)", "stat_von": 16465, "Artgeo": "p" }, "geometry": { "type": "Point", "coordinates": [ 788846.928581280284561, 6880090.003192817792296 ] } },
{ "type": "Feature", "properties": { "Art": "SON", "bw_id": "EVK_SON_16555", "name": "Infotafel Wasserstadt Nordhorn", "km": "16+555", "rwert": 369834.0, "hwert": 5811737, "bemerk": "Vertrag??", "beschreib": "Infotafel Wasserstadt Nordhorn", "stat_von": 16555, "Artgeo": "p" }, "geometry": { "type": "Point", "coordinates": [ 788698.364814984728582, 6880133.674618831835687 ] } },
{ "type": "Feature", "properties": { "Art": "SON", "bw_id": "EVK_SON_16415", "name": "Steganlage (privat)", "km": "16+415", "rwert": 369973.0, "hwert": 5811703, "bemerk": "Genehmigung??", "beschreib": "Steganlage (privat)", "stat_von": 16415, "Artgeo": "p" }, "geometry": { "type": "Point", "coordinates": [ 788927.345105767133646, 6880083.928167894482613 ] } },
{ "type": "Feature", "properties": { "Art": "QUE", "bw_id": "EVK_QUE_160", "name": "Kreuzung Niederspannungskabel (4x150qmm)", "km": "0+160", "rwert": 384999.0, "hwert": 5814246, "bemerk": "Infos sind zu ergänzen wenn Bau erfolgt ist, Vertrag abschließen, Akte anlegen", "beschreib": "Kreuzung des EmsVechte-Kanals durch die Stadtwerke Schüttorf Emsbüren GmbH mit einem Niederspannungskabel NAYY 4x150mm2", "stat_von": 160, "Artgeo": "p" }, "geometry": { "type": "Point", "coordinates": [ 813425.786289303214289, 6884873.586246909573674 ] } },
{ "type": "Feature", "properties": { "Art": "BRU", "bw_id": "GFD_BRU_1055", "name": "Stahlbetonbrücke Höttkepaol (Breewiesenweg)", "km": "1+055", "rwert": 390137.0, "hwert": 5872668, "bemerk": null, "beschreib": "Stahlbetonbrücke Höttkepaol (Gemeindestraße Lehe)", "stat_von": 1055, "Artgeo": "p" }, "geometry": { "type": "Point", "coordinates": [ 819665.480644953902811, 6981574.973060197196901 ] } },
{ "type": "Feature", "properties": { "Art": "BRU", "bw_id": "GFD_BRU_2050", "name": "K 110, Neuleher Straße", "km": "2+050", "rwert": 389910.0, "hwert": 5873638, "bemerk": null, "beschreib": "K 110, Neuleher Straße (PLattenbalkenbrücke, Stahlbeton, Landkreis Emsland)", "stat_von": 2050, "Artgeo": "p" }, "geometry": { "type": "Point", "coordinates": [ 819252.385393393225968, 6983178.486304863356054 ] } },
{ "type": "Feature", "properties": { "Art": "BRU", "bw_id": "GFD_BRU_2850", "name": "Brücke Montaniastraße", "km": "2+850", "rwert": 389407.0, "hwert": 5874240, "bemerk": null, "beschreib": "Brücke Montaniastraße", "stat_von": 2850, "Artgeo": "p" }, "geometry": { "type": "Point", "coordinates": [ 818395.419102245243266, 6984159.993070558644831 ] } },
{ "type": "Feature", "properties": { "Art": "BRU", "bw_id": "GFD_BRU_3275", "name": "Eisenbahnbrücke", "km": "3+275", "rwert": 389089.0, "hwert": 5874479, "bemerk": null, "beschreib": "Eisenbahnbrücke", "stat_von": 3275, "Artgeo": "p" }, "geometry": { "type": "Point", "coordinates": [ 817858.943202348425984, 6984545.136950696818531 ] } },
{ "type": "Feature", "properties": { "Art": "BRU", "bw_id": "GFD_BRU_4275", "name": "Brücke B 70", "km": "4+275", "rwert": 388345.0, "hwert": 5875083, "bemerk": null, "beschreib": "Brücke B 70", "stat_von": 4275, "Artgeo": "p" }, "geometry": { "type": "Point", "coordinates": [ 816601.86547420930583, 6985520.691725362092257 ] } },
{ "type": "Feature", "properties": { "Art": "BRU", "bw_id": "GFD_BRU_690", "name": "Fuß- und Radwegbrücke unterhalb Mündung Haardever", "km": "0+690", "rwert": 390218.0, "hwert": 5872313, "bemerk": null, "beschreib": "Fuß- und Radwegbrücke unterhalb Mündung Haardever (Einfeld-Stahlbrücke, Gemeinde Lehe)", "stat_von": 690, "Artgeo": "p" }, "geometry": { "type": "Point", "coordinates": [ 819813.179163315449841, 6980988.115578275173903 ] } },
{ "type": "Feature", "properties": { "Art": "BRU", "bw_id": "GFD_BRU_885", "name": "Brücke B 401", "km": "0+885", "rwert": 390173.0, "hwert": 5872503, "bemerk": null, "beschreib": "Bundesstraßenbrücke B 401 (1-Feld-Stahlbetonbrücke)", "stat_von": 885, "Artgeo": "p" }, "geometry": { "type": "Point", "coordinates": [ 819731.400267836172134, 6981302.140900992788374 ] } },
{ "type": "Feature", "properties": { "Art": "EIN", "bw_id": "GFD_EIN_1070", "name": "Grabeneinmündung (Rohrdurchlass mit Absperrvorrichtung)", "km": "1+070", "rwert": 390115.0, "hwert": 5872679, "bemerk": "Einlauf und U_Pflicht prüfen", "beschreib": "Rohrdurchlass (Betonrohr) mit Absperrvorrichtung (DN 300). Gesamtlänge = 8,00 m", "stat_von": 1070, "Artgeo": "p" }, "geometry": { "type": "Point", "coordinates": [ 819628.593276047846302, 6981592.418826795183122 ] } },
{ "type": "Feature", "properties": { "Art": "EIN", "bw_id": "GFD_EIN_2035", "name": "Rohreinlauf (Brückenentwässerung)", "km": "2+035", "rwert": 389926.0, "hwert": 5873624, "bemerk": null, "beschreib": "Rohreinlauf (Brücke Neuleher Straße) rechts", "stat_von": 2035, "Artgeo": "p" }, "geometry": { "type": "Point", "coordinates": [ 819279.446043358999304, 6983155.824412284418941 ] } },
{ "type": "Feature", "properties": { "Art": "EIN", "bw_id": "GFD_EIN_2045", "name": "Rohreinlauf (Brückenentwässerung)", "km": "2+045", "rwert": 389900.0, "hwert": 5873632, "bemerk": null, "beschreib": "Rohreinlauf (Brückenentwässerung) links, DN 400 mit einer Gesamtlänge von 23,00 m (Bauwerk Nr. 11)", "stat_von": 2045, "Artgeo": "p" }, "geometry": { "type": "Point", "coordinates": [ 819236.031883385730907, 6983168.133161032572389 ] } },
{ "type": "Feature", "properties": { "Art": "EIN", "bw_id": "GFD_EIN_2050", "name": "Rohreinlauf (Brückenentwässerung)", "km": "2+050", "rwert": 389925.0, "hwert": 5873640, "bemerk": null, "beschreib": "Rohreinlauf (Brückenentwässerung) rechts", "stat_von": 2050, "Artgeo": "p" }, "geometry": { "type": "Point", "coordinates": [ 819277.18119163333904, 6983182.380873274989426 ] } },
{ "type": "Feature", "properties": { "Art": "EIN", "bw_id": "GFD_EIN_2655", "name": "Einmündung Vockegraben", "km": "2+655", "rwert": 389558.0, "hwert": 5874118, "bemerk": null, "beschreib": "Einmündung Vockegraben (Sielverschluß, Bauwerk Nr. 13), Gesamtlänge 5 m, Gesamtbreite 7,65 m, Fahrbahnbreite", "stat_von": 2655, "Artgeo": "p" }, "geometry": { "type": "Point", "coordinates": [ 818650.466772933723405, 6983962.95326174236834 ] } },
{ "type": "Feature", "properties": { "Art": "EIN", "bw_id": "GFD_EIN_2850", "name": "Einmündung Montaniagraben", "km": "2+850", "rwert": 389425.0, "hwert": 5874255, "bemerk": "Einlauf und U_Pflicht prüfen; Abmessungen prüfen", "beschreib": "Einmündung Montaniagraben (Kastendurchlass mit Rückstauklappe, Gesamtlänge 5,05, Gesamtbreite 10,20))", "stat_von": 2850, "Artgeo": "p" }, "geometry": { "type": "Point", "coordinates": [ 818424.697024666354991, 6984185.616045173257589 ] } },
{ "type": "Feature", "properties": { "Art": "EIN", "bw_id": "GFD_EIN_4510", "name": "Einlauf Fischtreppe", "km": "4+510", "rwert": 388129.0, "hwert": 5875182, "bemerk": null, "beschreib": "Einlauf Fischtreppe (Rohrdurchlass mit Schütz)", "stat_von": 4510, "Artgeo": "p" }, "geometry": { "type": "Point", "coordinates": [ 816239.795373816858046, 6985676.949160914868116 ] } },
{ "type": "Feature", "properties": { "Art": "EIN", "bw_id": "GFD_EIN_4535", "name": "Auslauf Fischtreppe", "km": "4+535", "rwert": 388107.0, "hwert": 5875186, "bemerk": null, "beschreib": "Auslauf Fischtreppe", "stat_von": 4535, "Artgeo": "p" }, "geometry": { "type": "Point", "coordinates": [ 816203.15176919917576, 6985682.749039610847831 ] } },
{ "type": "Feature", "properties": { "Art": "EIN", "bw_id": "GFD_EIN_4720", "name": "Kastendurchlass mit Schöpfwerk", "km": "4+720", "rwert": 387928.0, "hwert": 5875140, "bemerk": "Einlauf und U_Pflicht prüfen", "beschreib": "Kastendurchlass mit Schöpfwerk", "stat_von": 4720, "Artgeo": "p" }, "geometry": { "type": "Point", "coordinates": [ 815908.039215780445375, 6985599.339616784825921 ] } },
{ "type": "Feature", "properties": { "Art": "EIN", "bw_id": "GFD_EIN_4735", "name": "Grabeneinmündung (mit Rückstauklappe)", "km": "4+735", "rwert": 387913.0, "hwert": 5875137, "bemerk": null, "beschreib": "Grabeneinmündung (mit Rückstauklappe)", "stat_von": 4735, "Artgeo": "p" }, "geometry": { "type": "Point", "coordinates": [ 815883.276367423473857, 6985593.770677372813225 ] } },
{ "type": "Feature", "properties": { "Art": "EIN", "bw_id": "GFD_EIN_5655", "name": "Einmündung Flutmulde", "km": "5+655", "rwert": 387714.0, "hwert": 5875800, "bemerk": null, "beschreib": "Einmündung Flutmulde", "stat_von": 5655, "Artgeo": "p" }, "geometry": { "type": "Point", "coordinates": [ 815527.547069781925529, 6986688.451333931647241 ] } },
{ "type": "Feature", "properties": { "Art": "EIN", "bw_id": "GFD_EIN_660", "name": "Einmündung Haardever", "km": "0+660", "rwert": 390238.0, "hwert": 5872287, "bemerk": "Sohllage prüfen", "beschreib": "Einmündung der Haardever über Rohrdurchlass (DN 2000) bzw. als Maulprofil mit Höhe 1,25 und Breite 2,50m. Gesamtlänge beträgt 18,50 m. Über den Rohrdurchlass verläuft eine asphaltierte Überfahrt.", "stat_von": 660, "Artgeo": "p" }, "geometry": { "type": "Point", "coordinates": [ 819847.314831846742891, 6980945.668934423476458 ] } },
{ "type": "Feature", "properties": { "Art": "QUE", "bw_id": "GFD_QUE_1830", "name": "Dükerung Gasleitung", "km": "1+830", "rwert": 389960.0, "hwert": 5873424, "bemerk": null, "beschreib": "Dükerung Gasleitung (Gesamtlänge = 50,00 m)", "stat_von": 1830, "Artgeo": "p" }, "geometry": { "type": "Point", "coordinates": [ 819343.403110671206377, 6982824.693013483658433 ] } },
{ "type": "Feature", "properties": { "Art": "QUE", "bw_id": "GFD_QUE_2040", "name": "Dükerung (Stromleitung)", "km": "2+040", "rwert": 389912.0, "hwert": 5873628, "bemerk": null, "beschreib": "Dükerung", "stat_von": 2040, "Artgeo": "p" }, "geometry": { "type": "Point", "coordinates": [ 819256.080873793223873, 6983161.940795631147921 ] } },
{ "type": "Feature", "properties": { "Art": "QUE", "bw_id": "GFD_QUE_2060", "name": "Oberleitung", "km": "2+060", "rwert": 389908.0, "hwert": 5873647, "bemerk": "U-Pflicht??", "beschreib": "U-Pflicht??", "stat_von": 2060, "Artgeo": "p" }, "geometry": { "type": "Point", "coordinates": [ 819248.727825135691091, 6983193.369686558842659 ] } },
{ "type": "Feature", "properties": { "Art": "QUE", "bw_id": "GFD_QUE_2065", "name": "Dükerung (Gas oder Wasser??)", "km": "2+065", "rwert": 389906.0, "hwert": 5873653, "bemerk": "Dükerschild abgängig", "beschreib": "Dükerung Gas oder Wasserleitung? Ggf. ist dies das Bauwerk Nr. 10 mit DN 125 und Sohle auf 0,35 als TWL mit Baujahr 1966", "stat_von": 2065, "Artgeo": "p" }, "geometry": { "type": "Point", "coordinates": [ 819245.184028956922702, 6983203.266607891768217 ] } },
{ "type": "Feature", "properties": { "Art": "QUE", "bw_id": "GFD_QUE_2845", "name": "Oberleitung", "km": "2+845", "rwert": 389413.0, "hwert": 5874236, "bemerk": null, "beschreib": "Oberleitung", "stat_von": 2845, "Artgeo": "p" }, "geometry": { "type": "Point", "coordinates": [ 818405.521380339865573, 6984153.572886630892754 ] } },
{ "type": "Feature", "properties": { "Art": "QUE", "bw_id": "GFD_QUE_2860", "name": "Dükerung", "km": "2+860", "rwert": 389401.0, "hwert": 5874248, "bemerk": null, "beschreib": "Dükerung", "stat_von": 2860, "Artgeo": "p" }, "geometry": { "type": "Point", "coordinates": [ 818385.164350416162051, 6984173.062665637582541 ] } },
{ "type": "Feature", "properties": { "Art": "QUE", "bw_id": "GFD_QUE_4250", "name": "Dükerung oh B 70", "km": "4+250", "rwert": 388368.0, "hwert": 5875073, "bemerk": null, "beschreib": "Dükerung", "stat_von": 4250, "Artgeo": "p" }, "geometry": { "type": "Point", "coordinates": [ 816640.397565238759853, 6985504.952984631992877 ] } },
{ "type": "Feature", "properties": { "Art": "QUE", "bw_id": "GFD_QUE_4290", "name": "Dükerung EWE uh Brücke B70", "km": "4+290", "rwert": 388331.0, "hwert": 5875088, "bemerk": null, "beschreib": "3 Leitungen d60 KSR, d90 KSR, d110 Gas_x000d_\nDükerschild prüfen, Position prüfen", "stat_von": 4290, "Artgeo": "p" }, "geometry": { "type": "Point", "coordinates": [ 816578.452932402375154, 6985528.464553252793849 ] } },
{ "type": "Feature", "properties": { "Art": "QUE", "bw_id": "GFD_QUE_4300", "name": "Dükerung", "km": "4+300", "rwert": 388322.0, "hwert": 5875092, "bemerk": null, "beschreib": "Kreuzung der Goldfischdever mit einer 20 kV-Leitung, einer 1 kV-Leitung und einem Leerrohr", "stat_von": 4300, "Artgeo": "p" }, "geometry": { "type": "Point", "coordinates": [ 816563.371736696921289, 6985534.76768512930721 ] } },
{ "type": "Feature", "properties": { "Art": "SON", "bw_id": "GFD_SON_1075", "name": "Tor (Stange)", "km": "1+075", "rwert": 390114.0, "hwert": 5872680, "bemerk": null, "beschreib": "Tor (Stange)", "stat_von": 1075, "Artgeo": "p" }, "geometry": { "type": "Point", "coordinates": [ 819626.897654957487248, 6981594.042728896252811 ] } },
{ "type": "Feature", "properties": { "Art": "SON", "bw_id": "GFD_SON_2020", "name": "Tor (verzinkt mit Kette und Schloss)", "km": "2+020", "rwert": 389936.0, "hwert": 5873613, "bemerk": null, "beschreib": "Tor (verzinkt mit Kette und Schloss)", "stat_von": 2020, "Artgeo": "p" }, "geometry": { "type": "Point", "coordinates": [ 819296.444186408305541, 6983137.920879413373768 ] } },
{ "type": "Feature", "properties": { "Art": "SON", "bw_id": "GFD_SON_2050", "name": "Tor (mit Kette)", "km": "2+050", "rwert": 389887.0, "hwert": 5873635, "bemerk": null, "beschreib": "Tor (mit Kette)", "stat_von": 2050, "Artgeo": "p" }, "geometry": { "type": "Point", "coordinates": [ 819214.362689206260256, 6983172.625297959893942 ] } },
{ "type": "Feature", "properties": { "Art": "SON", "bw_id": "GFD_SON_2052", "name": "Trafostation", "km": "2+052", "rwert": 389881.0, "hwert": 5873637, "bemerk": null, "beschreib": "Trafostation", "stat_von": 2052, "Artgeo": "p" }, "geometry": { "type": "Point", "coordinates": [ 819204.338168912450783, 6983175.721437643282115 ] } },
{ "type": "Feature", "properties": { "Art": "SON", "bw_id": "GFD_SON_2055", "name": "Tor (Stahl verzinkt mit Kette und Schloß)", "km": "2+055", "rwert": 389928.0, "hwert": 5873647, "bemerk": null, "beschreib": "Tor (Stahl verzinkt mit Kette und Schloß)", "stat_von": 2055, "Artgeo": "p" }, "geometry": { "type": "Point", "coordinates": [ 819281.890076438547112, 6983194.130025753751397 ] } },
{ "type": "Feature", "properties": { "Art": "SON", "bw_id": "GFD_SON_2070", "name": "Tor", "km": "2+070", "rwert": 389893.0, "hwert": 5873655, "bemerk": null, "beschreib": "Tor", "stat_von": 2070, "Artgeo": "p" }, "geometry": { "type": "Point", "coordinates": [ 819223.552677375264466, 6983206.096626072190702 ] } },
{ "type": "Feature", "properties": { "Art": "SON", "bw_id": "GFD_SON_2660", "name": "Überfahrt Vockegraben", "km": "2+660", "rwert": 389557.0, "hwert": 5874118, "bemerk": "U-Pflicht klären", "beschreib": "Überfahrt (Kastendurchlass) Vockegraben", "stat_von": 2660, "Artgeo": "p" }, "geometry": { "type": "Point", "coordinates": [ 818648.80850564094726, 6983962.915110912173986 ] } },
{ "type": "Feature", "properties": { "Art": "SON", "bw_id": "GFD_SON_2830", "name": "Tor", "km": "2+830", "rwert": 389439.0, "hwert": 5874240, "bemerk": null, "beschreib": "Tor", "stat_von": 2830, "Artgeo": "p" }, "geometry": { "type": "Point", "coordinates": [ 818448.484911427251063, 6984161.215461050160229 ] } },
{ "type": "Feature", "properties": { "Art": "SON", "bw_id": "GFD_SON_2845", "name": "Tor (defekt)", "km": "2+845", "rwert": 389405.0, "hwert": 5874228, "bemerk": "Tor (defekt)", "beschreib": "Tor (defekt)", "stat_von": 2845, "Artgeo": "p" }, "geometry": { "type": "Point", "coordinates": [ 818392.559843294438906, 6984139.968450708314776 ] } },
{ "type": "Feature", "properties": { "Art": "SON", "bw_id": "GFD_SON_2850", "name": "Überfahrt (Kastendurchlass)", "km": "2+850", "rwert": 389423.0, "hwert": 5874254, "bemerk": "Wer hat die U-Pflicht für den Kastendurchlass / Br", "beschreib": "Überfahrt (Kastendurchlass) Montaniagraben", "stat_von": 2850, "Artgeo": "p" }, "geometry": { "type": "Point", "coordinates": [ 818421.418508238508366, 6984183.87728772033006 ] } },
{ "type": "Feature", "properties": { "Art": "SON", "bw_id": "GFD_SON_2855", "name": "Tor", "km": "2+855", "rwert": 389421.0, "hwert": 5874259, "bemerk": null, "beschreib": "Tor (Stahl verzinkt) mit Kette und Schloß", "stat_von": 2855, "Artgeo": "p" }, "geometry": { "type": "Point", "coordinates": [ 818417.91134688036982, 6984192.112680924125016 ] } },
{ "type": "Feature", "properties": { "Art": "SON", "bw_id": "GFD_SON_2860", "name": "Tor (Holz)", "km": "2+860", "rwert": 389392.0, "hwert": 5874241, "bemerk": null, "beschreib": "Tor (Holz)", "stat_von": 2860, "Artgeo": "p" }, "geometry": { "type": "Point", "coordinates": [ 818370.506393966614269, 6984161.08230612333864 ] } },
{ "type": "Feature", "properties": { "Art": "SON", "bw_id": "GFD_SON_3280", "name": "Tor", "km": "3+280", "rwert": 389077.0, "hwert": 5874489, "bemerk": null, "beschreib": "Tor", "stat_von": 3280, "Artgeo": "p" }, "geometry": { "type": "Point", "coordinates": [ 817838.660312681575306, 6984561.30138704366982 ] } },
{ "type": "Feature", "properties": { "Art": "SON", "bw_id": "GFD_SON_4065", "name": "Stützpunkt Lehe;  Betriebsgebäude (incl.  Bootshaus)", "km": "4+065", "rwert": 388544.0, "hwert": 5874994, "bemerk": null, "beschreib": "Stützpunkt Lehe;  Betriebsgebäude (incl.  Bootshaus) ;  Zum Block ,Ecke Bundesstr.70", "stat_von": 4065, "Artgeo": "p" }, "geometry": { "type": "Point", "coordinates": [ 816935.342103136819787, 6985380.391841945238411 ] } },
{ "type": "Feature", "properties": { "Art": "SON", "bw_id": "GFD_SON_4235", "name": "Tor", "km": "4+235", "rwert": 388375.0, "hwert": 5875047, "bemerk": null, "beschreib": "Tor", "stat_von": 4235, "Artgeo": "p" }, "geometry": { "type": "Point", "coordinates": [ 816653.008154883049428, 6985461.995096878148615 ] } },
{ "type": "Feature", "properties": { "Art": "SON", "bw_id": "GFD_SON_4280", "name": "Tor oh Brücke B70 rechts", "km": "4+280", "rwert": 388346.0, "hwert": 5875115, "bemerk": null, "beschreib": "Tor", "stat_von": 4280, "Artgeo": "p" }, "geometry": { "type": "Point", "coordinates": [ 816602.292211434338242, 6985573.934347091242671 ] } },
{ "type": "Feature", "properties": { "Art": "SON", "bw_id": "GFD_SON_4310", "name": "Tor uh Brücke B70 links", "km": "4+310", "rwert": 388308.0, "hwert": 5875081, "bemerk": null, "beschreib": "Tor uh Brücke B70 links", "stat_von": 4310, "Artgeo": "p" }, "geometry": { "type": "Point", "coordinates": [ 816540.575242329621688, 6985515.938463312573731 ] } },
{ "type": "Feature", "properties": { "Art": "SON", "bw_id": "GFD_SON_4320", "name": "Tor rechts uh Brücke B70", "km": "4+320", "rwert": 388306.0, "hwert": 5875115, "bemerk": null, "beschreib": "Tor", "stat_von": 4320, "Artgeo": "p" }, "geometry": { "type": "Point", "coordinates": [ 816535.948801315505989, 6985572.390504998154938 ] } },
{ "type": "Feature", "properties": { "Art": "SON", "bw_id": "GFD_SON_4475", "name": "Bootsanleger oberhalb Wehr Goldfischdever", "km": "4+475", "rwert": 388163.0, "hwert": 5875164, "bemerk": null, "beschreib": "Bootsanleger", "stat_von": 4475, "Artgeo": "p" }, "geometry": { "type": "Point", "coordinates": [ 816296.882000562851317, 6985648.335927153937519 ] } },
{ "type": "Feature", "properties": { "Art": "SON", "bw_id": "GFD_SON_4510", "name": "Pegellatte (OW)", "km": "4+510", "rwert": 388121.0, "hwert": 5875162, "bemerk": "Wasserstand OW am 28.03.2021 13:10 = 2.30 m (NN??)", "beschreib": "Pegellatte (OW)", "stat_von": 4510, "Artgeo": "p" }, "geometry": { "type": "Point", "coordinates": [ 816227.298017776338384, 6985643.386897162534297 ] } },
{ "type": "Feature", "properties": { "Art": "SON", "bw_id": "GFD_SON_4515", "name": "Betriebsgebäude links (Steuerung Wehr Goldfischdever)", "km": "4+515", "rwert": 388118.0, "hwert": 5875162, "bemerk": null, "beschreib": "Betriebsgebäude Wehr Goldfischdever mit Steuereinrichtungen und Hydraulik", "stat_von": 4515, "Artgeo": "p" }, "geometry": { "type": "Point", "coordinates": [ 816222.322226219577715, 6985643.270892333239317 ] } },
{ "type": "Feature", "properties": { "Art": "SON", "bw_id": "GFD_SON_4530", "name": "Pegellatte UW Wehr Goldfischdever links", "km": "4+530", "rwert": 388107.0, "hwert": 5875167, "bemerk": null, "beschreib": "Pegellatte UW Wehr Goldfischdever links", "stat_von": 4530, "Artgeo": "p" }, "geometry": { "type": "Point", "coordinates": [ 816203.884766081231646, 6985651.158732767216861 ] } },
{ "type": "Feature", "properties": { "Art": "SON", "bw_id": "GFD_SON_4570", "name": "Bootsanleger unterhalb Wehr Goldfischdever", "km": "4+570", "rwert": 388072.0, "hwert": 5875195, "bemerk": null, "beschreib": "Auskolkung", "stat_von": 4570, "Artgeo": "p" }, "geometry": { "type": "Point", "coordinates": [ 816144.753280083066784, 6985696.359136658720672 ] } },
{ "type": "Feature", "properties": { "Art": "SON", "bw_id": "GFD_SON_540", "name": "Pegel Oberwasser", "km": "0+540", "rwert": 390272.0, "hwert": 5872172, "bemerk": "Wasserstand OW Wehr WSA am 21.03.2021 11:34 : 4,95", "beschreib": "Pegel Oberwasser", "stat_von": 540, "Artgeo": "p" }, "geometry": { "type": "Point", "coordinates": [ 819908.019006731570698, 6980755.863355741836131 ] } },
{ "type": "Feature", "properties": { "Art": "SON", "bw_id": "GFD_SON_5435", "name": "Kolk linksseitig", "km": "5+435", "rwert": 387905.0, "hwert": 5875714, "bemerk": null, "beschreib": "Kolk linksseitig", "stat_von": 5435, "Artgeo": "p" }, "geometry": { "type": "Point", "coordinates": [ 815847.704650817089714, 6986552.855431022122502 ] } },
{ "type": "Feature", "properties": { "Art": "SON", "bw_id": "GFD_SON_600", "name": "Bootsanleger rechts", "km": "0+600", "rwert": 390243.0, "hwert": 5872227, "bemerk": null, "beschreib": "Bootsanleger rechts", "stat_von": 600, "Artgeo": "p" }, "geometry": { "type": "Point", "coordinates": [ 819857.870163623476401, 6980846.156957929953933 ] } },
{ "type": "Feature", "properties": { "Art": "WEH", "bw_id": "GFD_WEH_4520", "name": "Wehr Goldfischdever", "km": "4+520", "rwert": 388118.0, "hwert": 5875176, "bemerk": null, "beschreib": "Wehr Goldfischdever (einfeldriges hydraulisches Klappenwehr) mit  Beckenfischpass. Die Umstellung auf Sommerstau erfolgt ab 01.04, auf Winterstau ab 01.11. Das Stauziel liegt im Sommer bei 3,60 m NN im Winter bei 3,50 m NN.", "stat_von": 4520, "Artgeo": "p" }, "geometry": { "type": "Point", "coordinates": [ 816221.7821784268599, 6985666.547927648760378 ] } },
{ "type": "Feature", "properties": { "Art": "WEH", "bw_id": "GFD_WEH_0", "name": "Kanalauslasswehr (WSV)", "km": "0+000", "rwert": 390254.0, "hwert": 5872174, "bemerk": null, "beschreib": "Wehranlage in der Unterhaltungspflicht der WSV mit einer Gesamtbreite von 35,610 m. Die Wehröffnung beträgt 14,00  m", "stat_von": 0, "Artgeo": "p" }, "geometry": { "type": "Point", "coordinates": [ 819878.10642612783704, 6980758.505049016326666 ] } },
{ "type": "Feature", "properties": { "Art": "QUE", "bw_id": "GFD_QUE_2844", "name": "Dükerung 1 kV", "km": "2+844", "rwert": 389413.0, "hwert": 5874238, "bemerk": "im Antragsstadium", "beschreib": "Dükerung 1 kV", "stat_von": 2844, "Artgeo": "p" }, "geometry": { "type": "Point", "coordinates": [ 818405.445160151226446, 6984156.897590469568968 ] } },
{ "type": "Feature", "properties": { "Art": "BRU", "bw_id": "HAS_BRU_11975", "name": "Dörgener Brücke", "km": "11+975", "rwert": 390014.0, "hwert": 5839140, "bemerk": null, "beschreib": "Fuß-/Radwegbrücke (Dörgener Brücke). Die Brücke wurde in 2020 vollständig saniert.", "stat_von": 11975, "Artgeo": "p" }, "geometry": { "type": "Point", "coordinates": [ 820720.069848921964876, 6926044.231689219363034 ] } },
{ "type": "Feature", "properties": { "Art": "BRU", "bw_id": "HAS_BRU_1750", "name": "Fuß- und Radwegbrücke (Riedemannstraße / Helter Damm)", "km": "1+750", "rwert": 385778.0, "hwert": 5838846, "bemerk": "Siehe Beschreibung in den Antragsunterlagen,  - Für die Treppenanlage ist die privatrechtliche Vereinbarung zu ergänzen (12.04.2021 schw)!!", "beschreib": "Neubau einer Geh- und Radwegbrücke (Pylonbrücke mit 2 Feldern mit Tragkonstruktion aus Stahlträgern und Hohlquerschnitten)", "stat_von": 1750, "Artgeo": "p" }, "geometry": { "type": "Point", "coordinates": [ 813757.655089126434177, 6925398.028078930452466 ] } },
{ "type": "Feature", "properties": { "Art": "BRU", "bw_id": "HAS_BRU_1790", "name": "Eisenbahnbrücke", "km": "1+790", "rwert": 385826.0, "hwert": 5838854, "bemerk": null, "beschreib": "Eisenbahnbrücke", "stat_von": 1790, "Artgeo": "p" }, "geometry": { "type": "Point", "coordinates": [ 813836.36231685616076, 6925413.088350403122604 ] } },
{ "type": "Feature", "properties": { "Art": "BRU", "bw_id": "HAS_BRU_25005", "name": "K 223 (Hamm - Bückelte)", "km": "25+005", "rwert": 394293.0, "hwert": 5835430, "bemerk": null, "beschreib": "Brücke K 223 (Hamm - Bückelte)", "stat_von": 25005, "Artgeo": "p" }, "geometry": { "type": "Point", "coordinates": [ 827897.520981511566788, 6920079.633083452470601 ] } },
{ "type": "Feature", "properties": { "Art": "BRU", "bw_id": "HAS_BRU_32155", "name": "K 270 (Lingener Straße, Hammer Straße)", "km": "32+155", "rwert": 396654.0, "hwert": 5835630, "bemerk": null, "beschreib": "Brücke K 270 (Lingener Straße, Hammer Straße)", "stat_von": 32155, "Artgeo": "p" }, "geometry": { "type": "Point", "coordinates": [ 831774.873547172290273, 6920493.02492517977953 ] } },
{ "type": "Feature", "properties": { "Art": "BRU", "bw_id": "HAS_BRU_33290", "name": "Fuß- und Radwegbrücke (Piusweg)", "km": "33+290", "rwert": 397317.0, "hwert": 5836550, "bemerk": "Ersetzen durch Neubau??", "beschreib": "Fuß- und Radwegbrücke Piusbrücke Haselünne", "stat_von": 33290, "Artgeo": "p" }, "geometry": { "type": "Point", "coordinates": [ 832833.803288054070435, 6922033.721315817907453 ] } },
{ "type": "Feature", "properties": { "Art": "BRU", "bw_id": "HAS_BRU_33740", "name": "B 213 /  E 233", "km": "33+740", "rwert": 397702.0, "hwert": 5836761, "bemerk": "Neubau in 2019", "beschreib": "Brücke B 213 /  E 233 (NLSTBV Nr.: 3310526 0)", "stat_von": 33740, "Artgeo": "p" }, "geometry": { "type": "Point", "coordinates": [ 833460.075364819727838, 6922395.179105020128191 ] } },
{ "type": "Feature", "properties": { "Art": "BRU", "bw_id": "HAS_BRU_34130", "name": "Fuß- und Radwegbrücke (Lasterbach, Binsenweg)", "km": "34+130", "rwert": 398072.0, "hwert": 5836817, "bemerk": null, "beschreib": "Fuß- und Radwegbrücke (Lasterbach, Binsenweg)", "stat_von": 34130, "Artgeo": "p" }, "geometry": { "type": "Point", "coordinates": [ 834067.055668366840109, 6922500.363817135803401 ] } },
{ "type": "Feature", "properties": { "Art": "BRU", "bw_id": "HAS_BRU_37990", "name": "K 208 (Andruper Straße)", "km": "37+990", "rwert": 399671.0, "hwert": 5836070, "bemerk": null, "beschreib": "Brücke K 208 (Andruper Straße)", "stat_von": 37990, "Artgeo": "p" }, "geometry": { "type": "Point", "coordinates": [ 836723.905140675022267, 6921322.805958938784897 ] } },
{ "type": "Feature", "properties": { "Art": "BRU", "bw_id": "HAS_BRU_39970", "name": "Brücke Wehlage", "km": "39+970", "rwert": 400915.0, "hwert": 5837397, "bemerk": "Privatweg Durchfahrt verboten", "beschreib": "Die Brücke dient zur Zuwegung zur Hofstelle Wehlage und ist nur für den Privatverkehr und Unterhaltungsfahrzeuge zugelassen (3-Feld-Stahlbetonbrücke).", "stat_von": 39970, "Artgeo": "p" }, "geometry": { "type": "Point", "coordinates": [ 838726.495049992459826, 6923554.117130797356367 ] } },
{ "type": "Feature", "properties": { "Art": "BRU", "bw_id": "HAS_BRU_45585", "name": "Fußgängerbrücke Herzlake", "km": "45+585", "rwert": 405475.0, "hwert": 5837989, "bemerk": null, "beschreib": "Fußgängerbrücke Herzlake", "stat_von": 45585, "Artgeo": "p" }, "geometry": { "type": "Point", "coordinates": [ 846213.376830411376432, 6924680.620206244289875 ] } },
{ "type": "Feature", "properties": { "Art": "BRU", "bw_id": "HAS_BRU_45750", "name": "L 55 (Brücke Herzlake)", "km": "45+750", "rwert": 405563.0, "hwert": 5837841, "bemerk": null, "beschreib": "Brücke Zuckerstraße (L55) Herzlake", "stat_von": 45750, "Artgeo": "p" }, "geometry": { "type": "Point", "coordinates": [ 846362.972127493587323, 6924439.193672338500619 ] } },
{ "type": "Feature", "properties": { "Art": "BRU", "bw_id": "HAS_BRU_50025", "name": "L 102 (Brücke Aselage)", "km": "50+025", "rwert": 408530.0, "hwert": 5838781, "bemerk": null, "beschreib": "Brücke Aselage (L102)", "stat_von": 50025, "Artgeo": "p" }, "geometry": { "type": "Point", "coordinates": [ 851218.241712391376495, 6926084.122078674845397 ] } },
{ "type": "Feature", "properties": { "Art": "BRU", "bw_id": "HAS_BRU_51530", "name": "Brücke Westrum", "km": "51+530", "rwert": 409346.0, "hwert": 5839866, "bemerk": null, "beschreib": "Brücke Westrum (Olinger Weg)", "stat_von": 51530, "Artgeo": "p" }, "geometry": { "type": "Point", "coordinates": [ 852528.564004542073235, 6927900.479903247207403 ] } },
{ "type": "Feature", "properties": { "Art": "BRU", "bw_id": "HAS_BRU_52525", "name": "Brücke Düenkamp", "km": "52+525", "rwert": 410221.0, "hwert": 5840032, "bemerk": null, "beschreib": "Brücke Düenkamp (Zur Brücke)", "stat_von": 52525, "Artgeo": "p" }, "geometry": { "type": "Point", "coordinates": [ 853964.603725675144233, 6928201.34059476479888 ] } },
{ "type": "Feature", "properties": { "Art": "BRU", "bw_id": "HAS_BRU_7940", "name": "K 224 (Bokeloh, Römerstraße)", "km": "7+940", "rwert": 388319.0, "hwert": 5839655, "bemerk": "!!VErtrag!!", "beschreib": "Die K 224 verbindet die Ortschaften Bokeloh und Helte im Landkreis Emsland. Im Zuge dieser Kreisstraße wird in Bokeloh der Wasserlauf Hase mit einer Brücke überquert.", "stat_von": 7940, "Artgeo": "p" }, "geometry": { "type": "Point", "coordinates": [ 817910.073342210263945, 6926830.529475267976522 ] } },
{ "type": "Feature", "properties": { "Art": "EIN", "bw_id": "HAS_EIN_10805", "name": "Altarmanschluss AA Groß Dörgen rechts", "km": "10+805", "rwert": 390375.0, "hwert": 5840168, "bemerk": "Länge der Haltung: 6,00 m", "beschreib": "Altarmanschluss AA Groß Dörgen rechts über Rohrdurchlass", "stat_von": 10805, "Artgeo": "p" }, "geometry": { "type": "Point", "coordinates": [ 821276.275420650374144, 6927754.499516675248742 ] } },
{ "type": "Feature", "properties": { "Art": "EIN", "bw_id": "HAS_EIN_11300", "name": "Altarmanschluss AA Hofe links", "km": "11+300", "rwert": 390056.0, "hwert": 5839787, "bemerk": null, "beschreib": "Altarmanschluss AA Hofe links über Rohrdurchlass mit Rückstauklappe", "stat_von": 11300, "Artgeo": "p" }, "geometry": { "type": "Point", "coordinates": [ 820765.151780466316268, 6927113.696504887193441 ] } },
{ "type": "Feature", "properties": { "Art": "EIN", "bw_id": "HAS_EIN_12830", "name": "Grabeneinmündung links (mit Rückstauklappe)", "km": "12+830", "rwert": 389587.0, "hwert": 5838545, "bemerk": "Wurde in Zusammenarbeit mit ArL, GBIV OL und LK EL 2022 in eine Furt umgebaut. Die Maßnahme wurde mit FGE-Mitteln gefördert. GB 2 hat die Bauleitung durchgeführt.", "beschreib": "Der Rohrdurchlass mit Rückstauklappe wurde in 2022 in eine naturnahe Furt mit Aufwertung des Mündungsbereiches umgebaut. Die Maßnahmen wurde mit FGE gefördert", "stat_von": 12830, "Artgeo": "p" }, "geometry": { "type": "Point", "coordinates": [ 820039.296669790754095, 6925046.335343747399747 ] } },
{ "type": "Feature", "properties": { "Art": "EIN", "bw_id": "HAS_EIN_13430", "name": "Grabeneinmündung rechts", "km": "13+430", "rwert": 390127.0, "hwert": 5838465, "bemerk": "Graben vorhanden???", "beschreib": "Grabeneinmündung rechts", "stat_von": 13430, "Artgeo": "p" }, "geometry": { "type": "Point", "coordinates": [ 820931.18924019113183, 6924934.479339682497084 ] } },
{ "type": "Feature", "properties": { "Art": "EIN", "bw_id": "HAS_EIN_14925", "name": "Rohreinlauf", "km": "14+925", "rwert": 390588.0, "hwert": 5837465, "bemerk": "Durchmesser prüfen, U-Pflicht prüfen", "beschreib": "Rohreinlauf", "stat_von": 14925, "Artgeo": "p" }, "geometry": { "type": "Point", "coordinates": [ 821727.041505971108563, 6923301.567619228735566 ] } },
{ "type": "Feature", "properties": { "Art": "EIN", "bw_id": "HAS_EIN_1510", "name": "Einmündung Hanekenkanal (Ems-Hase-Kanal)", "km": "1+510", "rwert": 385551.0, "hwert": 5838901, "bemerk": null, "beschreib": "Freie Einmündung Einmündung Hanekenkanal (Ems-Hase-Kanal)", "stat_von": 1510, "Artgeo": "p" }, "geometry": { "type": "Point", "coordinates": [ 813381.846629842766561, 6925479.993064397946 ] } },
{ "type": "Feature", "properties": { "Art": "EIN", "bw_id": "HAS_EIN_15140", "name": "Mündung Mühlenmoorgraben", "km": "15+140", "rwert": 390627.0, "hwert": 5837277, "bemerk": "Auslauf Schöpfwerk \"Lehrte II\"", "beschreib": "Mündung Mühlenmoorgraben", "stat_von": 15140, "Artgeo": "p" }, "geometry": { "type": "Point", "coordinates": [ 821798.176286385511048, 6922992.842022958211601 ] } },
{ "type": "Feature", "properties": { "Art": "EIN", "bw_id": "HAS_EIN_1590", "name": "Grabeneinmündung v. Baugebiet \"Helter Damm Süd\"", "km": "1+590", "rwert": 385618.0, "hwert": 5838833, "bemerk": "Oberfl.W. Einl.,Baugeb.\"Helter Damm Süd\" (B-002 (aktiv, real)", "beschreib": "Grabeneinmündung v. Baugebiet \"Helter Damm Süd\"", "stat_von": 1590, "Artgeo": "p" }, "geometry": { "type": "Point", "coordinates": [ 813494.771233583800495, 6925370.37502331007272 ] } },
{ "type": "Feature", "properties": { "Art": "EIN", "bw_id": "HAS_EIN_16065", "name": "Grabeneinmündung Kreyenborg  (mit Rückstauklappe )", "km": "16+065", "rwert": 390713.0, "hwert": 5837897, "bemerk": null, "beschreib": "Grabeneinmündung Kreyenborg  (mit Rückstauklappe )", "stat_von": 16065, "Artgeo": "p" }, "geometry": { "type": "Point", "coordinates": [ 821916.809397339588031, 6924018.977478968910873 ] } },
{ "type": "Feature", "properties": { "Art": "EIN", "bw_id": "HAS_EIN_17030", "name": "Grabeneinmündung Kreyenborg II  (mit Rückstauklappe )", "km": "17+030", "rwert": 390911.0, "hwert": 5838504, "bemerk": "Graben Nr. 29", "beschreib": "Grabeneinmündung Kreyenborg II  (mit Rückstauklappe )", "stat_von": 17030, "Artgeo": "p" }, "geometry": { "type": "Point", "coordinates": [ 822220.320472966064699, 6925027.932618706487119 ] } },
{ "type": "Feature", "properties": { "Art": "EIN", "bw_id": "HAS_EIN_1755", "name": "Rohreinlauf (Brückenentwässerung)", "km": "1+755", "rwert": 385781.0, "hwert": 5838879, "bemerk": null, "beschreib": "Rohreinlauf (Brückenentwässerung)", "stat_von": 1755, "Artgeo": "p" }, "geometry": { "type": "Point", "coordinates": [ 813761.318929154425859, 6925452.602514700032771 ] } },
{ "type": "Feature", "properties": { "Art": "EIN", "bw_id": "HAS_EIN_17870", "name": "Alte Einmündung Dörgener Beeke", "km": "17+870", "rwert": 391422.0, "hwert": 5839064, "bemerk": null, "beschreib": "Alte Einmündung Dörgener Beeke", "stat_von": 17870, "Artgeo": "p" }, "geometry": { "type": "Point", "coordinates": [ 823040.94547748088371, 6925970.973023976199329 ] } },
{ "type": "Feature", "properties": { "Art": "EIN", "bw_id": "HAS_EIN_18005", "name": "Einmündung Mittelradde", "km": "18+005", "rwert": 391561.0, "hwert": 5839049, "bemerk": "Einmündung der \"alten\" Mittelradde", "beschreib": "Einmündung Mittelradde", "stat_von": 18005, "Artgeo": "p" }, "geometry": { "type": "Point", "coordinates": [ 823270.339169540675357, 6925951.33075097296387 ] } },
{ "type": "Feature", "properties": { "Art": "EIN", "bw_id": "HAS_EIN_18440", "name": "Einmündung Bleichholter Graben", "km": "18+440", "rwert": 391821.0, "hwert": 5838811, "bemerk": "Neue Einmündung Mittelradde", "beschreib": "Einmündung Bleichholter Graben", "stat_von": 18440, "Artgeo": "p" }, "geometry": { "type": "Point", "coordinates": [ 823707.099434637115337, 6925568.085511568933725 ] } },
{ "type": "Feature", "properties": { "Art": "EIN", "bw_id": "HAS_EIN_18460", "name": "Grabeneinmündung links (im Pralluferbereich)", "km": "18+460", "rwert": 391749.0, "hwert": 5838705, "bemerk": "Bauwerk prüfen??", "beschreib": "Grabeneinmündung links (im Pralluferbereich)", "stat_von": 18460, "Artgeo": "p" }, "geometry": { "type": "Point", "coordinates": [ 823592.448081436567008, 6925390.508485510013998 ] } },
{ "type": "Feature", "properties": { "Art": "EIN", "bw_id": "HAS_EIN_18725", "name": "Einmündung neuer Altarm Lahre (abgetrennter Lauf)", "km": "18+725", "rwert": 391862.0, "hwert": 5838445, "bemerk": null, "beschreib": "Einmündung neuer Altarm Lahre (abgetrennter Lauf)", "stat_von": 18725, "Artgeo": "p" }, "geometry": { "type": "Point", "coordinates": [ 823787.980824520462193, 6924965.581763780675828 ] } },
{ "type": "Feature", "properties": { "Art": "EIN", "bw_id": "HAS_EIN_19380", "name": "Einmündung neuer Altarm Lehrte (abgetrennter Lauf)", "km": "19+380", "rwert": 392015.0, "hwert": 5838214, "bemerk": null, "beschreib": "Einmündung neuer Altarm Lehrte (abgetrennter Lauf)", "stat_von": 19380, "Artgeo": "p" }, "geometry": { "type": "Point", "coordinates": [ 824048.276690751430579, 6924589.990953454747796 ] } },
{ "type": "Feature", "properties": { "Art": "EIN", "bw_id": "HAS_EIN_19381", "name": "Einmündung nördl. Sautmannshauser Graben über Altgewässer", "km": "19+381", "rwert": 392165.0, "hwert": 5838086, "bemerk": "prüfen", "beschreib": "Einmündung nördl. Sautmannshauser Graben über Altgewässer", "stat_von": 19381, "Artgeo": "p" }, "geometry": { "type": "Point", "coordinates": [ 824299.855282932752743, 6924384.259374728426337 ] } },
{ "type": "Feature", "properties": { "Art": "EIN", "bw_id": "HAS_EIN_19790", "name": "Grabeneinmündung links (im Pralluferbereich)", "km": "19+790", "rwert": 391607.0, "hwert": 5838192, "bemerk": "prüfen", "beschreib": "Grabeneinmündung links (im Pralluferbereich)", "stat_von": 19790, "Artgeo": "p" }, "geometry": { "type": "Point", "coordinates": [ 823377.484131751582026, 6924538.727176046930254 ] } },
{ "type": "Feature", "properties": { "Art": "EIN", "bw_id": "HAS_EIN_19910", "name": "Grabeneinmündung links", "km": "19+910", "rwert": 391705.0, "hwert": 5838088, "bemerk": null, "beschreib": "Grabeneinmündung links", "stat_von": 19910, "Artgeo": "p" }, "geometry": { "type": "Point", "coordinates": [ 823542.606135894428007, 6924370.71270080562681 ] } },
{ "type": "Feature", "properties": { "Art": "EIN", "bw_id": "HAS_EIN_2015", "name": "OW-Einleitung", "km": "2+015", "rwert": 386041.0, "hwert": 5838903, "bemerk": "B65 Wassereinleitung Oberlfächenentwässerung, OW ; OK Deich = 12,84 m NN ( Nr. 1/8)", "beschreib": "OW-Einleitung", "stat_von": 2015, "Artgeo": "p" }, "geometry": { "type": "Point", "coordinates": [ 814188.401419821078889, 6925502.26522452197969 ] } },
{ "type": "Feature", "properties": { "Art": "EIN", "bw_id": "HAS_EIN_20545", "name": "Grabeneinmündung links", "km": "20+545", "rwert": 392303.0, "hwert": 5837902, "bemerk": null, "beschreib": "Grabeneinmündung links", "stat_von": 20545, "Artgeo": "p" }, "geometry": { "type": "Point", "coordinates": [ 824533.707779509131797, 6924085.683305466547608 ] } },
{ "type": "Feature", "properties": { "Art": "EIN", "bw_id": "HAS_EIN_20830", "name": "Grabeneinmündung(zum südl. Sautmannshauser Graben)", "km": "20+830", "rwert": 392461.0, "hwert": 5837677, "bemerk": null, "beschreib": "Grabeneinmündung rechts (mit Verbindung zum Sautmannshauser Graben) über Furt mit Rampe", "stat_von": 20830, "Artgeo": "p" }, "geometry": { "type": "Point", "coordinates": [ 824801.951529231737368, 6923720.190414553508162 ] } },
{ "type": "Feature", "properties": { "Art": "EIN", "bw_id": "HAS_EIN_21235", "name": "Grabeineinmündung links über Furt", "km": "21+235", "rwert": 392762.0, "hwert": 5837443, "bemerk": null, "beschreib": "Grabeineinmündung links über Furt", "stat_von": 21235, "Artgeo": "p" }, "geometry": { "type": "Point", "coordinates": [ 825305.851398360333405, 6923345.054415789432824 ] } },
{ "type": "Feature", "properties": { "Art": "EIN", "bw_id": "HAS_EIN_21365", "name": "Einmündung Stadtmarkgraben rechts über Furt", "km": "21+365", "rwert": 392883.0, "hwert": 5837370, "bemerk": null, "beschreib": "Einmündung Stadtmarkgraben  über Furt. Die Furt ersetzt einen hier ehemals vorh. Rohrdurchlass. Die Furt wurde ???? durch die Mitarbeiter des Betriebshofes Lehrte des NLWKN angelegt.", "stat_von": 21365, "Artgeo": "p" }, "geometry": { "type": "Point", "coordinates": [ 825507.640006455942057, 6923229.005251382477582 ] } },
{ "type": "Feature", "properties": { "Art": "EIN", "bw_id": "HAS_EIN_21555", "name": "Einmündung Graben links (mit Rückstauklappe)", "km": "21+555", "rwert": 392938.0, "hwert": 5837186, "bemerk": null, "beschreib": "Einmündung Graben links (mit Rückstauklappe)", "stat_von": 21555, "Artgeo": "p" }, "geometry": { "type": "Point", "coordinates": [ 825604.816606316016987, 6922927.42657227627933 ] } },
{ "type": "Feature", "properties": { "Art": "EIN", "bw_id": "HAS_EIN_22120", "name": "Einmündung Graben links (mit Rückstauklappe)", "km": "22+120", "rwert": 393063.0, "hwert": 5836672, "bemerk": null, "beschreib": "Einmündung Graben links (mit Rückstauklappe)", "stat_von": 22120, "Artgeo": "p" }, "geometry": { "type": "Point", "coordinates": [ 825829.106468689162284, 6922083.988883897662163 ] } },
{ "type": "Feature", "properties": { "Art": "EIN", "bw_id": "HAS_EIN_23340", "name": "Einmündung Hammer Graben rechts (mit Rückstauklappe)", "km": "23+340", "rwert": 393912.0, "hwert": 5836263, "bemerk": null, "beschreib": "Einmündung Hammer Graben rechts (mit Rückstauklappe)", "stat_von": 23340, "Artgeo": "p" }, "geometry": { "type": "Point", "coordinates": [ 827240.866597987245768, 6921439.924999379552901 ] } },
{ "type": "Feature", "properties": { "Art": "EIN", "bw_id": "HAS_EIN_22350", "name": "Einmündung Graben links (mit Rückstauklappe)", "km": "22+350", "rwert": 393288.0, "hwert": 5836578, "bemerk": null, "beschreib": "Einmündung Graben links (mit Rückstauklappe)", "stat_von": 22350, "Artgeo": "p" }, "geometry": { "type": "Point", "coordinates": [ 826202.750828401534818, 6921937.061938437633216 ] } },
{ "type": "Feature", "properties": { "Art": "EIN", "bw_id": "HAS_EIN_22605", "name": "Einmündung Altarm Huden und Schullenriedengraben rechts", "km": "22+605", "rwert": 393531.0, "hwert": 5836672, "bemerk": null, "beschreib": "Einmündung Altarm Huden und Schullenriedengraben rechts", "stat_von": 22605, "Artgeo": "p" }, "geometry": { "type": "Point", "coordinates": [ 826599.239618401741609, 6922100.900394922122359 ] } },
{ "type": "Feature", "properties": { "Art": "EIN", "bw_id": "HAS_EIN_23130", "name": "Rohrdurchlass mit Rückstauklappe (Grabeneinmündung)", "km": "23+130", "rwert": 393732.0, "hwert": 5836250, "bemerk": null, "beschreib": "Rohrdurchlass mit Rückstauklappe (Grabeneinmündung)", "stat_von": 23130, "Artgeo": "p" }, "geometry": { "type": "Point", "coordinates": [ 826945.151164601906203, 6921412.010033558122814 ] } },
{ "type": "Feature", "properties": { "Art": "EIN", "bw_id": "HAS_EIN_23500", "name": "Einmündung neuer Altarm Blanke (abgetrennter Lauf)", "km": "23+500", "rwert": 394034.0, "hwert": 5836078, "bemerk": null, "beschreib": "Einmündung neuer Altarm Blanke (abgetrennter Lauf).", "stat_von": 23500, "Artgeo": "p" }, "geometry": { "type": "Point", "coordinates": [ 827448.233367083827034, 6921139.145868448540568 ] } },
{ "type": "Feature", "properties": { "Art": "EIN", "bw_id": "HAS_EIN_24190", "name": "Grabeneinmündung links", "km": "24+190", "rwert": 393642.0, "hwert": 5835563, "bemerk": null, "beschreib": "Grabeneinmündung links", "stat_von": 24190, "Artgeo": "p" }, "geometry": { "type": "Point", "coordinates": [ 826821.73466963309329, 6920275.625029301270843 ] } },
{ "type": "Feature", "properties": { "Art": "EIN", "bw_id": "HAS_EIN_24220", "name": "Einmündung Bawinkler Bach", "km": "24+220", "rwert": 393651.0, "hwert": 5835522, "bemerk": null, "beschreib": "Einmündung Bawinkler Bach", "stat_von": 24220, "Artgeo": "p" }, "geometry": { "type": "Point", "coordinates": [ 826838.013740244903602, 6920208.328156819567084 ] } },
{ "type": "Feature", "properties": { "Art": "EIN", "bw_id": "HAS_EIN_25040", "name": "Rohrdurchlass mit Rückstauklappe", "km": "25+040", "rwert": 394316.0, "hwert": 5835391, "bemerk": null, "beschreib": "Rohrdurchlass mit Rückstauklappe", "stat_von": 25040, "Artgeo": "p" }, "geometry": { "type": "Point", "coordinates": [ 827936.751684135757387, 6920016.134804284200072 ] } },
{ "type": "Feature", "properties": { "Art": "EIN", "bw_id": "HAS_EIN_25275", "name": "Grabeneinmündung links", "km": "25+275", "rwert": 394279.0, "hwert": 5835150, "bemerk": null, "beschreib": "Grabeneinmündung links", "stat_von": 25275, "Artgeo": "p" }, "geometry": { "type": "Point", "coordinates": [ 827884.481318559031934, 6919617.351774496026337 ] } },
{ "type": "Feature", "properties": { "Art": "EIN", "bw_id": "HAS_EIN_25290", "name": "Grabeneinmündung links (mit Rückstauklappe)", "km": "25+290", "rwert": 394284.0, "hwert": 5835138, "bemerk": "lt. URPL ohne Rückstauklappe", "beschreib": "Grabeneinmündung links (mit Rückstauklappe)", "stat_von": 25290, "Artgeo": "p" }, "geometry": { "type": "Point", "coordinates": [ 827893.134978330461308, 6919597.740642829798162 ] } },
{ "type": "Feature", "properties": { "Art": "EIN", "bw_id": "HAS_EIN_25465", "name": "Grabeneinmündung rechts (mit Rückstauklappe)", "km": "25+465", "rwert": 394388.0, "hwert": 5834988, "bemerk": null, "beschreib": "Grabeneinmündung rechts (mit Rückstauklappe)", "stat_von": 25465, "Artgeo": "p" }, "geometry": { "type": "Point", "coordinates": [ 828069.57112295133993, 6919354.087967773899436 ] } },
{ "type": "Feature", "properties": { "Art": "EIN", "bw_id": "HAS_EIN_25975", "name": "Grabeneinmündung links (mit Rückstauklappe)", "km": "25+975", "rwert": 394422.0, "hwert": 5834485, "bemerk": "Eindeichung der Flutmulde Hamm I (Auslauf)", "beschreib": "Grabeneinmündung links (mit Rückstauklappe)", "stat_von": 25975, "Artgeo": "p" }, "geometry": { "type": "Point", "coordinates": [ 828143.424417112139054, 6918525.839463808573782 ] } },
{ "type": "Feature", "properties": { "Art": "EIN", "bw_id": "HAS_EIN_26230", "name": "Einmündung Flutmulde rechts", "km": "26+230", "rwert": 394542.0, "hwert": 5834265, "bemerk": null, "beschreib": "Einmündung Flutmulde rechts", "stat_von": 26230, "Artgeo": "p" }, "geometry": { "type": "Point", "coordinates": [ 828348.636942511075176, 6918167.361810226924717 ] } },
{ "type": "Feature", "properties": { "Art": "EIN", "bw_id": "HAS_EIN_2710", "name": "Grabeneinmündung", "km": "2+710", "rwert": 386119.0, "hwert": 5839525, "bemerk": "Nr. 1/10", "beschreib": "Grabeneinmündung", "stat_von": 2710, "Artgeo": "p" }, "geometry": { "type": "Point", "coordinates": [ 814292.845549490186386, 6926531.811514155007899 ] } },
{ "type": "Feature", "properties": { "Art": "EIN", "bw_id": "HAS_EIN_27890", "name": "Grabeneinmündung links (mit Rückstauklappe)", "km": "27+890", "rwert": 394992.0, "hwert": 5834155, "bemerk": null, "beschreib": "Grabeneinmündung links (mit Rückstauklappe)", "stat_von": 27890, "Artgeo": "p" }, "geometry": { "type": "Point", "coordinates": [ 829092.694073716760613, 6918002.003491743467748 ] } },
{ "type": "Feature", "properties": { "Art": "EIN", "bw_id": "HAS_EIN_28915", "name": "Grabeneinmündung links (mit Rückstauklappe)", "km": "28+915", "rwert": 395252.0, "hwert": 5834514, "bemerk": null, "beschreib": "Grabeneinmündung links (mit Rückstauklappe)", "stat_von": 28915, "Artgeo": "p" }, "geometry": { "type": "Point", "coordinates": [ 829507.646024708868936, 6918603.185746487230062 ] } },
{ "type": "Feature", "properties": { "Art": "EIN", "bw_id": "HAS_EIN_29300", "name": "Einmündung Flutmulde rechts", "km": "29+300", "rwert": 395441.0, "hwert": 5834840, "bemerk": "prüfen", "beschreib": "Einmündung Flutmulde rechts", "stat_von": 29300, "Artgeo": "p" }, "geometry": { "type": "Point", "coordinates": [ 829807.027982643106952, 6919147.461039438843727 ] } },
{ "type": "Feature", "properties": { "Art": "EIN", "bw_id": "HAS_EIN_29760", "name": "Einmündung Flutmulde rechts", "km": "29+760", "rwert": 395741.0, "hwert": 5834489, "bemerk": null, "beschreib": "Einmündung Flutmulde rechts", "stat_von": 29760, "Artgeo": "p" }, "geometry": { "type": "Point", "coordinates": [ 830312.880491207819432, 6918579.248172540217638 ] } },
{ "type": "Feature", "properties": { "Art": "EIN", "bw_id": "HAS_EIN_30060", "name": "Grabeneinmündung links (mit Rückstauklappe)", "km": "30+060", "rwert": 395702.0, "hwert": 5834142, "bemerk": null, "beschreib": "Grabeneinmündung links (mit Rückstauklappe)", "stat_von": 30060, "Artgeo": "p" }, "geometry": { "type": "Point", "coordinates": [ 830260.940950198681094, 6918005.698974692262709 ] } },
{ "type": "Feature", "properties": { "Art": "EIN", "bw_id": "HAS_EIN_30370", "name": "Einmündung Lotter Beeke", "km": "30+370", "rwert": 395953.0, "hwert": 5834220, "bemerk": null, "beschreib": "Einmündung Lotter Beeke", "stat_von": 30370, "Artgeo": "p" }, "geometry": { "type": "Point", "coordinates": [ 830671.042226793244481, 6918143.154594565741718 ] } },
{ "type": "Feature", "properties": { "Art": "EIN", "bw_id": "HAS_EIN_30890", "name": "Grabeneinmündung links (mit Rückstauklappe)", "km": "30+890", "rwert": 396021.0, "hwert": 5834711, "bemerk": null, "beschreib": "Grabeneinmündung links (mit Rückstauklappe)", "stat_von": 30890, "Artgeo": "p" }, "geometry": { "type": "Point", "coordinates": [ 830765.661742105847225, 6918955.191748098470271 ] } },
{ "type": "Feature", "properties": { "Art": "EIN", "bw_id": "HAS_EIN_31390", "name": "Rohrdurchlass mit Rückstauklappe", "km": "31+390", "rwert": 396067.0, "hwert": 5835148, "bemerk": "Graben Nr. 81", "beschreib": "Rohrdurchlass mit Rückstauklappe", "stat_von": 31390, "Artgeo": "p" }, "geometry": { "type": "Point", "coordinates": [ 830826.000818423577584, 6919677.478560985065997 ] } },
{ "type": "Feature", "properties": { "Art": "EIN", "bw_id": "HAS_EIN_31505", "name": "Grabeneinmündung rechts (KA-Ablauf Haselünne)", "km": "31+505", "rwert": 396169.0, "hwert": 5835210, "bemerk": null, "beschreib": "Kläranlageneinlauf E8 Stadt Haselünne, Rohrdurchlass mit Rückstauklappe (Einleitungsmenge: 376,7 l/s) ; B10 Abwassereinleitung kommunale Kläranlage, Abw. ; DN prüfen??", "stat_von": 31505, "Artgeo": "p" }, "geometry": { "type": "Point", "coordinates": [ 830991.630267795291729, 6919783.315460998564959 ] } },
{ "type": "Feature", "properties": { "Art": "EIN", "bw_id": "HAS_EIN_32210", "name": "Rohrdurchlass mit Rückstauklappe", "km": "32+210", "rwert": 396669.0, "hwert": 5835689, "bemerk": null, "beschreib": "Rohrdurchlass mit Rückstauklappe E7.1 nördl. Hammer Tannen, Stadt Haselünne (Oberflächenentwässerung, Einleitungsmenge: 773,5 l/s)", "stat_von": 32210, "Artgeo": "p" }, "geometry": { "type": "Point", "coordinates": [ 831797.494465107214637, 6920590.863304743543267 ] } },
{ "type": "Feature", "properties": { "Art": "EIN", "bw_id": "HAS_EIN_32305", "name": "Grabeneinmündung links", "km": "32+305", "rwert": 396759.0, "hwert": 5835744, "bemerk": null, "beschreib": "Rohrdurchlass mit Rückstauklappe", "stat_von": 32305, "Artgeo": "p" }, "geometry": { "type": "Point", "coordinates": [ 831943.655591573100537, 6920684.727184154093266 ] } },
{ "type": "Feature", "properties": { "Art": "EIN", "bw_id": "HAS_EIN_32520", "name": "Grabeneinmündung rechts", "km": "32+520", "rwert": 396833.0, "hwert": 5835954, "bemerk": null, "beschreib": "E6 nördl. Hammer Tannen, Stadt Haselünne (Oberflächenentwässerung, Einleitungsmenge: 80,5 l/s)", "stat_von": 32520, "Artgeo": "p" }, "geometry": { "type": "Point", "coordinates": [ 832058.094448727555573, 6921033.697212541475892 ] } },
{ "type": "Feature", "properties": { "Art": "EIN", "bw_id": "HAS_EIN_33360", "name": "Rohreinlauf mit Rückstauklappe (obere Böschung)", "km": "33+360", "rwert": 397384.0, "hwert": 5836583, "bemerk": "Erlaubnisurkunde des Landkreises Meppen v. 23.12.74 (WWA Nr. 18 II)", "beschreib": "Rohreinlauf mit Rückstauklappe E4 nördl. Lingener Straße,  Stadt Haselünne (obere Böschung, Einleitungsmenge: 815,2 l/s) ; Erlaubnisurkunde des Landkreises Meppen v. 23.12.74 (WWA Nr. 18 II)", "stat_von": 33360, "Artgeo": "p" }, "geometry": { "type": "Point", "coordinates": [ 832942.915759157622233, 6922090.490609879605472 ] } },
{ "type": "Feature", "properties": { "Art": "EIN", "bw_id": "HAS_EIN_33530", "name": "Rohreinlauf, Höhe Krankehaus (Zufahrt)", "km": "33+530", "rwert": 397498.0, "hwert": 5836716, "bemerk": null, "beschreib": "Einleitungsstelle E2, südl. Molkereistraße der Stadt Haselünne (Einleitungswassermenge 532,2 l/s) ; B65 Wassereinleitung Oberflächenentwässerung", "stat_von": 33530, "Artgeo": "p" }, "geometry": { "type": "Point", "coordinates": [ 833125.912107150186785, 6922313.86462838947773 ] } },
{ "type": "Feature", "properties": { "Art": "EIN", "bw_id": "HAS_EIN_33650", "name": "OW-Einleit., \"An der Hofstätte\" Haselünne", "km": "33+650", "rwert": 397607.0, "hwert": 5836754, "bemerk": "B65 Wassereinleitung Oberflachenentwasserung", "beschreib": "B65 Wassereinleitung Oberflachenentwasserung", "stat_von": 33650, "Artgeo": "p" }, "geometry": { "type": "Point", "coordinates": [ 833303.976475747185759, 6922380.337661405093968 ] } },
{ "type": "Feature", "properties": { "Art": "EIN", "bw_id": "HAS_EIN_33660", "name": "Rohreinlauf", "km": "33+660", "rwert": 397625.0, "hwert": 5836757, "bemerk": null, "beschreib": "Rohreinlauf", "stat_von": 33660, "Artgeo": "p" }, "geometry": { "type": "Point", "coordinates": [ 833333.495171236107126, 6922385.911151956766844 ] } },
{ "type": "Feature", "properties": { "Art": "EIN", "bw_id": "HAS_EIN_3370", "name": "Grabeneinmündung (mit Rückstauklappe)", "km": "3+370", "rwert": 386521.0, "hwert": 5839086, "bemerk": "Nr. 1/12 ; Länge der Haltung: 16,00 m", "beschreib": "Grabeneinmündung (mit Rückstauklappe)", "stat_von": 3370, "Artgeo": "p" }, "geometry": { "type": "Point", "coordinates": [ 814971.553123254794627, 6925822.77765345480293 ] } },
{ "type": "Feature", "properties": { "Art": "EIN", "bw_id": "HAS_EIN_33770", "name": "Rohreinlauf Brückenentwässerung??", "km": "33+770", "rwert": 397730.0, "hwert": 5836796, "bemerk": null, "beschreib": "Rohreinlauf Brückenentwässerung??", "stat_von": 33770, "Artgeo": "p" }, "geometry": { "type": "Point", "coordinates": [ 833504.945515724248253, 6922453.891431912779808 ] } },
{ "type": "Feature", "properties": { "Art": "EIN", "bw_id": "HAS_EIN_33945", "name": "OW-Einleit., B65 Wassereinleitung Oberflächenentwässerung", "km": "33+945", "rwert": 397892.0, "hwert": 5836848, "bemerk": "??endet 2021, B65 Wassereinleitung Oberflächenentwässerung, Wo ist die Einleitungsstelle, Gilt für Flurstück 100/1 der Flur 16 in der Gemarkung Haselünne", "beschreib": "Rohreinleitung, Oberflächenwassereinleitung E10, Stadt Haselünne (Einleitungsmenge: 54,4 l/s)", "stat_von": 33945, "Artgeo": "p" }, "geometry": { "type": "Point", "coordinates": [ 833769.756576432380825, 6922545.287982818670571 ] } },
{ "type": "Feature", "properties": { "Art": "EIN", "bw_id": "HAS_EIN_34125", "name": "Einmündung Lasterbach", "km": "34+125", "rwert": 398059.0, "hwert": 5836858, "bemerk": null, "beschreib": "Einmündung Lasterbach", "stat_von": 34125, "Artgeo": "p" }, "geometry": { "type": "Point", "coordinates": [ 834044.249130854383111, 6922567.557058115489781 ] } },
{ "type": "Feature", "properties": { "Art": "EIN", "bw_id": "HAS_EIN_34595", "name": "Auslass Hochwasserrückhaltebecken", "km": "34+595", "rwert": 398270.0, "hwert": 5836391, "bemerk": null, "beschreib": "Auslass Hochwasserrückhaltebecken.", "stat_von": 34595, "Artgeo": "p" }, "geometry": { "type": "Point", "coordinates": [ 834407.549438918824308, 6921804.40701474621892 ] } },
{ "type": "Feature", "properties": { "Art": "EIN", "bw_id": "HAS_EIN_3525", "name": "Rohrdurchlass mit Rückstauklappe  (Zugwehr)", "km": "3+525", "rwert": 386675.0, "hwert": 5839129, "bemerk": "Nr. 1/14 ; Länge der Haltung: 10,00 m", "beschreib": "Rohrdurchlass mit Rückstauklappe  (Zugwehr)", "stat_von": 3525, "Artgeo": "p" }, "geometry": { "type": "Point", "coordinates": [ 815223.429973222198896, 6925899.664046769030392 ] } },
{ "type": "Feature", "properties": { "Art": "EIN", "bw_id": "HAS_EIN_3575", "name": "Rohrdurchlass", "km": "3+575", "rwert": 386718.0, "hwert": 5839058, "bemerk": "Nr. 1/15", "beschreib": "Rohrdurchlass", "stat_von": 3575, "Artgeo": "p" }, "geometry": { "type": "Point", "coordinates": [ 815296.940469405497424, 6925784.141322716139257 ] } },
{ "type": "Feature", "properties": { "Art": "EIN", "bw_id": "HAS_EIN_36160", "name": "Einmündung \"Alte Lotter Beeke\"", "km": "36+160", "rwert": 398341.0, "hwert": 5834979, "bemerk": null, "beschreib": "Einmündung \"Alte Lotter Beeke\"", "stat_von": 36160, "Artgeo": "p" }, "geometry": { "type": "Point", "coordinates": [ 834572.85509516322054, 6919477.865280980244279 ] } },
{ "type": "Feature", "properties": { "Art": "EIN", "bw_id": "HAS_EIN_36285", "name": "Grabeneinmündung links", "km": "36+285", "rwert": 398474.0, "hwert": 5835019, "bemerk": "Graben Nr. 84", "beschreib": "Grabeneinmündung links", "stat_von": 36285, "Artgeo": "p" }, "geometry": { "type": "Point", "coordinates": [ 834790.28367911465466, 6919548.405183580704033 ] } },
{ "type": "Feature", "properties": { "Art": "EIN", "bw_id": "HAS_EIN_37005", "name": "Einmündung Graben", "km": "37+005", "rwert": 398953.0, "hwert": 5835547, "bemerk": null, "beschreib": "Einmündung Graben", "stat_von": 37005, "Artgeo": "p" }, "geometry": { "type": "Point", "coordinates": [ 835560.287820197991095, 6920435.652690720744431 ] } },
{ "type": "Feature", "properties": { "Art": "EIN", "bw_id": "HAS_EIN_37225", "name": "Einmündung Altarm Eltern Rhin", "km": "37+225", "rwert": 399037.0, "hwert": 5835655, "bemerk": "?? Prüfung ; Bauwerkbesichtigung", "beschreib": "Einmündung Altarm Eltern Rhin rechts über Rohrdurchlass mit Rückstauklappe und Absperrvorrichtung", "stat_von": 37225, "Artgeo": "p" }, "geometry": { "type": "Point", "coordinates": [ 835694.812098760390654, 6920616.660606945864856 ] } },
{ "type": "Feature", "properties": { "Art": "EIN", "bw_id": "HAS_EIN_37475", "name": "Einmündung Andruper Graben (über Altarm=", "km": "37+475", "rwert": 399277.0, "hwert": 5835737, "bemerk": null, "beschreib": "Einmündung Andruper Graben (über Altarm=", "stat_von": 37475, "Artgeo": "p" }, "geometry": { "type": "Point", "coordinates": [ 836086.907047380460426, 6920760.107567735947669 ] } },
{ "type": "Feature", "properties": { "Art": "EIN", "bw_id": "HAS_EIN_37580", "name": "Einlauf HWRB-Haselünne ( Franzosengraben)", "km": "37+580", "rwert": 399334.0, "hwert": 5835842, "bemerk": null, "beschreib": "Einlauf HWRB Haselünne (Franzosengraben)", "stat_von": 37580, "Artgeo": "p" }, "geometry": { "type": "Point", "coordinates": [ 836177.124355562729761, 6920935.245610081590712 ] } },
{ "type": "Feature", "properties": { "Art": "EIN", "bw_id": "HAS_EIN_37850", "name": "Grabeneinmündung links uh Brücke Andruper Straße", "km": "37+850", "rwert": 399571.0, "hwert": 5835971, "bemerk": "Graben nicht mehr wirklich vorhanden", "beschreib": "Grabeneinmündung links uh Brücke Andruper Straße", "stat_von": 37850, "Artgeo": "p" }, "geometry": { "type": "Point", "coordinates": [ 836562.713237666175701, 6921156.101004066877067 ] } },
{ "type": "Feature", "properties": { "Art": "EIN", "bw_id": "HAS_EIN_38325", "name": "Einmündung Elterner Graben", "km": "38+325", "rwert": 399963.0, "hwert": 5836227, "bemerk": null, "beschreib": "Einmündung Elterner Graben", "stat_von": 38325, "Artgeo": "p" }, "geometry": { "type": "Point", "coordinates": [ 837199.08680494769942, 6921591.699169005267322 ] } },
{ "type": "Feature", "properties": { "Art": "EIN", "bw_id": "HAS_EIN_38420", "name": "Einmündung Altarm Andrup I", "km": "38+420", "rwert": 400068.0, "hwert": 5836236, "bemerk": null, "beschreib": "Einmündung Altarm Andrup I", "stat_von": 38420, "Artgeo": "p" }, "geometry": { "type": "Point", "coordinates": [ 837371.566589618334547, 6921610.100738291628659 ] } },
{ "type": "Feature", "properties": { "Art": "EIN", "bw_id": "HAS_EIN_38920", "name": "Einmündung Graben (über Furt)", "km": "38+920", "rwert": 400259.0, "hwert": 5836690, "bemerk": null, "beschreib": "Einmündung Graben rechts (über Furt). Wasserrecht Spülw.-Einl.,Stadt Haselünne-Erlenstraße, Trink- u Abwasserverband", "stat_von": 38920, "Artgeo": "p" }, "geometry": { "type": "Point", "coordinates": [ 837670.572248243493959, 6922365.53064454253763 ] } },
{ "type": "Feature", "properties": { "Art": "EIN", "bw_id": "HAS_EIN_38926", "name": "OW-Einleit., Spülw.-Einl.,Stadt Haselünne-Erlenstraße", "km": "38+926", "rwert": 399968.0, "hwert": 5836732, "bemerk": null, "beschreib": "OW-Einleit., Spülw.-Einl.,Stadt Haselünne-Erlenstraße", "stat_von": 38926, "Artgeo": "p" }, "geometry": { "type": "Point", "coordinates": [ 837190.249506247346289, 6922424.977497703395784 ] } },
{ "type": "Feature", "properties": { "Art": "EIN", "bw_id": "HAS_EIN_39010", "name": "Einmündung Lager Bach", "km": "39+010", "rwert": 400308.0, "hwert": 5836774, "bemerk": "U-Pflicht für Holzbrücke = NLWKN??", "beschreib": "Einmündung Lager Bach", "stat_von": 39010, "Artgeo": "p" }, "geometry": { "type": "Point", "coordinates": [ 837748.383179509080946, 6922505.76971423625946 ] } },
{ "type": "Feature", "properties": { "Art": "EIN", "bw_id": "HAS_EIN_39490", "name": "Auslauf Flutrinne", "km": "39+490", "rwert": 400529.0, "hwert": 5837126, "bemerk": null, "beschreib": "Auslauf Flutrinne Andrup", "stat_von": 39490, "Artgeo": "p" }, "geometry": { "type": "Point", "coordinates": [ 838100.262642559944652, 6923093.984765799716115 ] } },
{ "type": "Feature", "properties": { "Art": "EIN", "bw_id": "HAS_EIN_39605", "name": "Rohrdurchlass mit Rückstauklappe (Altarm Andrup II)", "km": "39+605", "rwert": 400652.0, "hwert": 5837140, "bemerk": null, "beschreib": "Rohrdurchlass mit Rückstauklappe (Altarm Andrup II)", "stat_von": 39605, "Artgeo": "p" }, "geometry": { "type": "Point", "coordinates": [ 838302.234805943211541, 6923121.226372715085745 ] } },
{ "type": "Feature", "properties": { "Art": "EIN", "bw_id": "HAS_EIN_39790", "name": "Einlauf Flutrinne", "km": "39+790", "rwert": 400782.0, "hwert": 5837276, "bemerk": null, "beschreib": "Einlauf Flutrinne Andrup", "stat_von": 39790, "Artgeo": "p" }, "geometry": { "type": "Point", "coordinates": [ 838511.638845229288563, 6923349.996191305108368 ] } },
{ "type": "Feature", "properties": { "Art": "EIN", "bw_id": "HAS_EIN_39900", "name": "Einlauf Altarm Wehlage", "km": "39+900", "rwert": 400857.0, "hwert": 5837348, "bemerk": null, "beschreib": "Rohrdurchlass mit Rückstauklappe (Absturzbauwerk im Altarm Wehlage)", "stat_von": 39900, "Artgeo": "p" }, "geometry": { "type": "Point", "coordinates": [ 838632.670795976184309, 6923471.31756398268044 ] } },
{ "type": "Feature", "properties": { "Art": "EIN", "bw_id": "HAS_EIN_40635", "name": "Grabeneinlauf links (Rohrdurchlass)", "km": "40+635", "rwert": 401288.0, "hwert": 5837944, "bemerk": null, "beschreib": "Grabeneinlauf links (Rohrdurchlass)", "stat_von": 40635, "Artgeo": "p" }, "geometry": { "type": "Point", "coordinates": [ 839322.190341242123395, 6924469.245361735112965 ] } },
{ "type": "Feature", "properties": { "Art": "EIN", "bw_id": "HAS_EIN_4130", "name": "Rohrdurchlass", "km": "4+130", "rwert": 386986.0, "hwert": 5838896, "bemerk": "Nr. 1/16 ; Länge der Haltung: 18,00 m", "beschreib": "Rohrdurchlass", "stat_von": 4130, "Artgeo": "p" }, "geometry": { "type": "Point", "coordinates": [ 815744.330607166979462, 6925527.071878856047988 ] } },
{ "type": "Feature", "properties": { "Art": "EIN", "bw_id": "HAS_EIN_41850", "name": "Rohrdurchlass mit Rückschlagklappe", "km": "41+850", "rwert": 402018.0, "hwert": 5838104, "bemerk": null, "beschreib": "Rohrdurchlass mit Rückschlagklappe", "stat_von": 41850, "Artgeo": "p" }, "geometry": { "type": "Point", "coordinates": [ 840518.591390675865114, 6924757.621971959248185 ] } },
{ "type": "Feature", "properties": { "Art": "EIN", "bw_id": "HAS_EIN_41610", "name": "Einlauf Altgewässer", "km": "41+610", "rwert": 401769.0, "hwert": 5838110, "bemerk": "Bauwerk abgängig!!", "beschreib": "Einlauf Altgewässer", "stat_von": 41610, "Artgeo": "p" }, "geometry": { "type": "Point", "coordinates": [ 840108.482167326728813, 6924759.243710158392787 ] } },
{ "type": "Feature", "properties": { "Art": "EIN", "bw_id": "HAS_EIN_41920", "name": "Einlauf Altgewässer", "km": "41+920", "rwert": 402084.0, "hwert": 5838065, "bemerk": "kommt für Furt in Frage (Wachelau hat abgelehnt)", "beschreib": "Einlauf Altgewässer", "stat_von": 41920, "Artgeo": "p" }, "geometry": { "type": "Point", "coordinates": [ 840628.533553308108822, 6924695.451520804315805 ] } },
{ "type": "Feature", "properties": { "Art": "EIN", "bw_id": "HAS_EIN_42110", "name": "Einlauf Altarm Cordes", "km": "42+110", "rwert": 402279.0, "hwert": 5838089, "bemerk": null, "beschreib": "Einlauf Altarm Cordes", "stat_von": 42110, "Artgeo": "p" }, "geometry": { "type": "Point", "coordinates": [ 840948.752811649814248, 6924741.52395346108824 ] } },
{ "type": "Feature", "properties": { "Art": "EIN", "bw_id": "HAS_EIN_42550", "name": "Einmündung Großer Kanal", "km": "42+550", "rwert": 402728.0, "hwert": 5838067, "bemerk": null, "beschreib": "Einmündung Großer Kanal links (über Furt)", "stat_von": 42550, "Artgeo": "p" }, "geometry": { "type": "Point", "coordinates": [ 841688.633771530352533, 6924720.055061986669898 ] } },
{ "type": "Feature", "properties": { "Art": "EIN", "bw_id": "HAS_EIN_42635", "name": "Einmündung Graben", "km": "42+635", "rwert": 402770.0, "hwert": 5838132, "bemerk": null, "beschreib": "Einmündung Graben", "stat_von": 42635, "Artgeo": "p" }, "geometry": { "type": "Point", "coordinates": [ 841755.638434570515528, 6924828.710030686110258 ] } },
{ "type": "Feature", "properties": { "Art": "EIN", "bw_id": "HAS_EIN_42975", "name": "Einmündung Graben", "km": "42+975", "rwert": 402974.0, "hwert": 5838408, "bemerk": null, "beschreib": "Einmündung Graben", "stat_von": 42975, "Artgeo": "p" }, "geometry": { "type": "Point", "coordinates": [ 842082.418375340872444, 6925290.930195815861225 ] } },
{ "type": "Feature", "properties": { "Art": "EIN", "bw_id": "HAS_EIN_43225", "name": "Grabeneinmündung mit Rückstauklappe rechts (am Hof Beelmann)", "km": "43+225", "rwert": 403236.0, "hwert": 5838422, "bemerk": "Siehe Projektarbeit Laak", "beschreib": "Grabeneinmündung, Rohrdurchlass mit Rückstauklappe. Der Rohrdurchlass ist ohne Funktion, da der Graben zurückgebaut wurde", "stat_von": 43225, "Artgeo": "p" }, "geometry": { "type": "Point", "coordinates": [ 842513.303564242320135, 6925322.642500166781247 ] } },
{ "type": "Feature", "properties": { "Art": "EIN", "bw_id": "HAS_EIN_43415", "name": "Einmündung Südradde", "km": "43+415", "rwert": 403432.0, "hwert": 5838466, "bemerk": "U-Pflicht Holzbrücke = NLWKN", "beschreib": "Einmündung Südradde (WK 02041) über Sohlgleite in Riegelbauweise (Siehe HAS_SON_43410).", "stat_von": 43415, "Artgeo": "p" }, "geometry": { "type": "Point", "coordinates": [ 842834.5526532237418, 6925401.685142359696329 ] } },
{ "type": "Feature", "properties": { "Art": "EIN", "bw_id": "HAS_EIN_44155", "name": "Auslaufbauwerk Busemühle", "km": "44+155", "rwert": 404154.0, "hwert": 5838420, "bemerk": "Durchmesser prüfen, Sohllage prüfen", "beschreib": "Auslaufbauwerk Busemühle", "stat_von": 44155, "Artgeo": "p" }, "geometry": { "type": "Point", "coordinates": [ 844024.730049732141197, 6925349.31326165702194 ] } },
{ "type": "Feature", "properties": { "Art": "EIN", "bw_id": "HAS_EIN_44690", "name": "Mündung Industriegraben (Rohrdurchlass mit Rückstauklappe)", "km": "44+690", "rwert": 404688.0, "hwert": 5838304, "bemerk": "Nr. 6/1", "beschreib": "Mündung Industriegraben (Rohrdurchlass mit Rückstauklappe)", "stat_von": 44690, "Artgeo": "p" }, "geometry": { "type": "Point", "coordinates": [ 844907.633333468926139, 6925175.165731502696872 ] } },
{ "type": "Feature", "properties": { "Art": "EIN", "bw_id": "HAS_EIN_44720", "name": "OW-Einleit., \"Im Vehn\", Gemeinde Herzlake", "km": "44+720", "rwert": 404719.0, "hwert": 5838347, "bemerk": "OW-Einl. \"Im Vehn\", Gemeinde Herzlake , Akz: 683/6_x000d_\nDN prüfen_x000d_\nSohllage prüfen_x000d_\nBöschungssicherung fehlt!!", "beschreib": "OW-Einleit., \"Im Vehn\", Gemeinde Herzlake", "stat_von": 44720, "Artgeo": "p" }, "geometry": { "type": "Point", "coordinates": [ 844957.284413651213981, 6925247.135494410060346 ] } },
{ "type": "Feature", "properties": { "Art": "EIN", "bw_id": "HAS_EIN_44910", "name": "Rohreinlauf an Böschungsoberkante", "km": "44+910", "rwert": 404911.0, "hwert": 5838309, "bemerk": "Sohllage, DN, U-Pflicht prüfen", "beschreib": "Rohreinlauf an Böschungsoberkante", "stat_von": 44910, "Artgeo": "p" }, "geometry": { "type": "Point", "coordinates": [ 845274.606949353590608, 6925190.614685451611876 ] } },
{ "type": "Feature", "properties": { "Art": "EIN", "bw_id": "HAS_EIN_45260", "name": "Einmündung Regenwasserkanal", "km": "45+260", "rwert": 405252.0, "hwert": 5838228, "bemerk": "DN prüfen, Sohllage prüfen, U-Pflicht prüfen", "beschreib": "Einmündung Regenwasserkanal", "stat_von": 45260, "Artgeo": "p" }, "geometry": { "type": "Point", "coordinates": [ 845838.607193095842376, 6925067.903541590087116 ] } },
{ "type": "Feature", "properties": { "Art": "EIN", "bw_id": "HAS_EIN_45385", "name": "Einmündung Regenwasserkanal", "km": "45+385", "rwert": 405340.0, "hwert": 5838132, "bemerk": "DN, Sohllage, U-Pflicht prüfen (Vertrag)", "beschreib": "Einmündung Regenwasserkanal", "stat_von": 45385, "Artgeo": "p" }, "geometry": { "type": "Point", "coordinates": [ 845986.556633800384589, 6924912.291483321227133 ] } },
{ "type": "Feature", "properties": { "Art": "EIN", "bw_id": "HAS_EIN_45400", "name": "Einmündung Regenwasserkanal", "km": "45+400", "rwert": 405373.0, "hwert": 5838145, "bemerk": "DN, Sohllage prüfen, U-Pflicht prüfen (Vertrag??)", "beschreib": "Einmündung Regenwasserkanal", "stat_von": 45400, "Artgeo": "p" }, "geometry": { "type": "Point", "coordinates": [ 846040.468378666555509, 6924934.805023837834597 ] } },
{ "type": "Feature", "properties": { "Art": "EIN", "bw_id": "HAS_EIN_45510", "name": "Rohreinlauf (mit Rückschlagklappe und Böschungssicherung)", "km": "45+510", "rwert": 405448.0, "hwert": 5838060, "bemerk": "DN, Sohllage, U-Pflicht prüfen", "beschreib": "Rohreinlauf (mit Rückschlagklappe und Böschungssicherung)", "stat_von": 45510, "Artgeo": "p" }, "geometry": { "type": "Point", "coordinates": [ 846166.658327828161418, 6924796.928929191082716 ] } },
{ "type": "Feature", "properties": { "Art": "EIN", "bw_id": "HAS_EIN_45575", "name": "Rohreinlauf (mit Rückstauklappe,Straßenentwässerung)", "km": "45+575", "rwert": 405486.0, "hwert": 5838003, "bemerk": "Sohllage, DN, U-Pflicht prüfen", "beschreib": "Rohreinlauf (mit Rückstauklappe,Straßenentwässerung)", "stat_von": 45575, "Artgeo": "p" }, "geometry": { "type": "Point", "coordinates": [ 846231.038171698106453, 6924704.077197938226163 ] } },
{ "type": "Feature", "properties": { "Art": "EIN", "bw_id": "HAS_EIN_45695", "name": "Einmündung Regenwasserkanal", "km": "45+695", "rwert": 405544.0, "hwert": 5837899, "bemerk": "prüfen??", "beschreib": "Einmündung Regenwasserkanal", "stat_von": 45695, "Artgeo": "p" }, "geometry": { "type": "Point", "coordinates": [ 846329.842157849576324, 6924534.302082186564803 ] } },
{ "type": "Feature", "properties": { "Art": "EIN", "bw_id": "HAS_EIN_45925", "name": "Einmündung Graben", "km": "45+925", "rwert": 405656.0, "hwert": 5837702, "bemerk": "OW-Einl. über RRB, Gemeinde Herzlake , 681/657-20-", "beschreib": "Einmündung Graben", "stat_von": 45925, "Artgeo": "p" }, "geometry": { "type": "Point", "coordinates": [ 846520.502100159530528, 6924212.78338985517621 ] } },
{ "type": "Feature", "properties": { "Art": "EIN", "bw_id": "HAS_EIN_46105", "name": "Einmündung Graben", "km": "46+105", "rwert": 405715.0, "hwert": 5837525, "bemerk": "OW-Einl., Baugebiet \"An der Mühle\" , im Baugebiet", "beschreib": "Einmündung Graben", "stat_von": 46105, "Artgeo": "p" }, "geometry": { "type": "Point", "coordinates": [ 846623.266583716846071, 6923922.583326879888773 ] } },
{ "type": "Feature", "properties": { "Art": "EIN", "bw_id": "HAS_EIN_46595", "name": "Einmündung Bakerder Graben", "km": "46+595", "rwert": 406140.0, "hwert": 5837280, "bemerk": null, "beschreib": "Einmündung Bakerder Graben", "stat_von": 46595, "Artgeo": "p" }, "geometry": { "type": "Point", "coordinates": [ 847330.631158422678709, 6923531.847381697967649 ] } },
{ "type": "Feature", "properties": { "Art": "EIN", "bw_id": "HAS_EIN_47225", "name": "Einmündung Graben", "km": "47+225", "rwert": 406769.0, "hwert": 5837376, "bemerk": null, "beschreib": "Einmündung Graben", "stat_von": 47225, "Artgeo": "p" }, "geometry": { "type": "Point", "coordinates": [ 848362.955624852096662, 6923710.195601888932288 ] } },
{ "type": "Feature", "properties": { "Art": "EIN", "bw_id": "HAS_EIN_47635", "name": "Grabeneinmündung (Rohrdurchlass mit Rückstauklappe)", "km": "47+635", "rwert": 407114.0, "hwert": 5837581, "bemerk": null, "beschreib": "Grabeneinmündung (Rohrdurchlass mit Rückstauklappe)", "stat_von": 47635, "Artgeo": "p" }, "geometry": { "type": "Point", "coordinates": [ 848924.411660288693383, 6924059.361166011542082 ] } },
{ "type": "Feature", "properties": { "Art": "EIN", "bw_id": "HAS_EIN_4820", "name": "Einmündung Altarm Wekenborg", "km": "4+820", "rwert": 386746.0, "hwert": 5838430, "bemerk": null, "beschreib": "Kastendurchlass  AA Wekenborg rechts (Nr. 1/17)", "stat_von": 4820, "Artgeo": "p" }, "geometry": { "type": "Point", "coordinates": [ 815367.08689043787308, 6924748.871959070675075 ] } },
{ "type": "Feature", "properties": { "Art": "EIN", "bw_id": "HAS_EIN_48420", "name": "Einmündung Nördlicher Hahnenmoorschloot", "km": "48+420", "rwert": 407837.0, "hwert": 5837803, "bemerk": null, "beschreib": "Einmündung Nördlicher Hahnenmoorschloot", "stat_von": 48420, "Artgeo": "p" }, "geometry": { "type": "Point", "coordinates": [ 850107.656502497382462, 6924448.389305401593447 ] } },
{ "type": "Feature", "properties": { "Art": "EIN", "bw_id": "HAS_EIN_48650", "name": "Einmündung Graben", "km": "48+650", "rwert": 408069.0, "hwert": 5837805, "bemerk": null, "beschreib": "Einmündung Graben", "stat_von": 48650, "Artgeo": "p" }, "geometry": { "type": "Point", "coordinates": [ 850489.51883822248783, 6924458.927547844126821 ] } },
{ "type": "Feature", "properties": { "Art": "EIN", "bw_id": "HAS_EIN_49135", "name": "Einmündung Graben", "km": "49+135", "rwert": 408444.0, "hwert": 5838021, "bemerk": null, "beschreib": "Einmündung Graben", "stat_von": 49135, "Artgeo": "p" }, "geometry": { "type": "Point", "coordinates": [ 851100.169414225732908, 6924827.063156679272652 ] } },
{ "type": "Feature", "properties": { "Art": "EIN", "bw_id": "HAS_EIN_49165", "name": "Einmündung Schöpfwerksgraben_x000d_\nEinhaus", "km": "49+165", "rwert": 408500.0, "hwert": 5838007, "bemerk": null, "beschreib": "Einmündung Schöpfwerksgraben_x000d_\nEinhaus", "stat_von": 49165, "Artgeo": "p" }, "geometry": { "type": "Point", "coordinates": [ 851192.795823770342395, 6924805.695156631059945 ] } },
{ "type": "Feature", "properties": { "Art": "EIN", "bw_id": "HAS_EIN_49300", "name": "Einmündung Hahnenmoorkanal", "km": "49+300", "rwert": 408608.0, "hwert": 5838101, "bemerk": null, "beschreib": "Einmündung Hahnenmoorkanal", "stat_von": 49300, "Artgeo": "p" }, "geometry": { "type": "Point", "coordinates": [ 851367.691935338662006, 6924964.180303866043687 ] } },
{ "type": "Feature", "properties": { "Art": "EIN", "bw_id": "HAS_EIN_49500", "name": "Einmündung Graben", "km": "49+500", "rwert": 408701.0, "hwert": 5838277, "bemerk": null, "beschreib": "Einmündung Graben", "stat_von": 49500, "Artgeo": "p" }, "geometry": { "type": "Point", "coordinates": [ 851515.367711717961356, 6925257.538485481403768 ] } },
{ "type": "Feature", "properties": { "Art": "EIN", "bw_id": "HAS_EIN_50035", "name": "Rohreinlauf", "km": "50+035", "rwert": 408513.0, "hwert": 5838789, "bemerk": null, "beschreib": "Rohreinlauf", "stat_von": 50035, "Artgeo": "p" }, "geometry": { "type": "Point", "coordinates": [ 851190.002517472370528, 6926096.799885808490217 ] } },
{ "type": "Feature", "properties": { "Art": "EIN", "bw_id": "HAS_EIN_5100", "name": "Einmündung Teglinger Bach", "km": "5+100", "rwert": 386929.0, "hwert": 5838231, "bemerk": "Nr. 1/18, Freie Einmündung mit Sohlgleite zwischen Brücke und Mündung ; Planunterlagen für Sohlgleite??", "beschreib": "Freie Einmündung des Teglinger Baches als Gewässer 2. Ordnung", "stat_von": 5100, "Artgeo": "p" }, "geometry": { "type": "Point", "coordinates": [ 815675.921327992924489, 6924427.522144332528114 ] } },
{ "type": "Feature", "properties": { "Art": "EIN", "bw_id": "HAS_EIN_51025", "name": "Einmündung Graben", "km": "51+025", "rwert": 408958.0, "hwert": 5839638, "bemerk": "U-Pflicht, DN, Sohllage prüfen", "beschreib": "Einmündung Graben", "stat_von": 51025, "Artgeo": "p" }, "geometry": { "type": "Point", "coordinates": [ 851896.575232512434013, 6927512.097232888452709 ] } },
{ "type": "Feature", "properties": { "Art": "EIN", "bw_id": "HAS_EIN_51185", "name": "Einmündung Graben", "km": "51+185", "rwert": 409123.0, "hwert": 5839597, "bemerk": "U-Pflicht prüfen", "beschreib": "Einmündung Graben", "stat_von": 51185, "Artgeo": "p" }, "geometry": { "type": "Point", "coordinates": [ 852169.568734648055397, 6927449.500557068735361 ] } },
{ "type": "Feature", "properties": { "Art": "EIN", "bw_id": "HAS_EIN_51350", "name": "Einmündung Westrumer Poldergraben", "km": "51+350", "rwert": 409260.0, "hwert": 5839707, "bemerk": null, "beschreib": "Einmündung Westrumer Poldergraben", "stat_von": 51350, "Artgeo": "p" }, "geometry": { "type": "Point", "coordinates": [ 852391.809653266449459, 6927635.325391480699182 ] } },
{ "type": "Feature", "properties": { "Art": "EIN", "bw_id": "HAS_EIN_51535", "name": "Regenwassereinlauf", "km": "51+535", "rwert": 409337.0, "hwert": 5839878, "bemerk": null, "beschreib": "Regenwassereinlauf", "stat_von": 51535, "Artgeo": "p" }, "geometry": { "type": "Point", "coordinates": [ 852513.373259278596379, 6927920.015348906628788 ] } },
{ "type": "Feature", "properties": { "Art": "EIN", "bw_id": "HAS_EIN_51765", "name": "Rohreinlauf", "km": "51+765", "rwert": 409488.0, "hwert": 5840056, "bemerk": "verstecktes Rohr???", "beschreib": "Rohreinlauf", "stat_von": 51765, "Artgeo": "p" }, "geometry": { "type": "Point", "coordinates": [ 852756.60965195344761, 6928218.54492246452719 ] } },
{ "type": "Feature", "properties": { "Art": "EIN", "bw_id": "HAS_EIN_51915", "name": "Rohreinlauf", "km": "51+915", "rwert": 409635.0, "hwert": 5840098, "bemerk": "verstecktes Rohr??? Oder Entwässerung Gemeinde Herzlake", "beschreib": "Rohreinlauf", "stat_von": 51915, "Artgeo": "p" }, "geometry": { "type": "Point", "coordinates": [ 852997.4359936529072, 6928292.402266926132143 ] } },
{ "type": "Feature", "properties": { "Art": "EIN", "bw_id": "HAS_EIN_52005", "name": "Einmündung Graben", "km": "52+005", "rwert": 409731.0, "hwert": 5840087, "bemerk": "Einlauf fast nicht zu erkennen", "beschreib": "Einmündung Graben", "stat_von": 52005, "Artgeo": "p" }, "geometry": { "type": "Point", "coordinates": [ 853155.887005767552182, 6928277.182338029146194 ] } },
{ "type": "Feature", "properties": { "Art": "EIN", "bw_id": "HAS_EIN_52305", "name": "Einmündung Graben (bzw. ehemaliger Altarm)", "km": "52+305", "rwert": 410008.0, "hwert": 5839966, "bemerk": null, "beschreib": "Auf Höhe Stat. 52+300 befindet sich linksseitig ein alter Flussmäander, der über eine Verrohrung (mit Rückstauklappe) nur eingeschränkt mit der Hase in Verbindung steht", "stat_von": 52305, "Artgeo": "p" }, "geometry": { "type": "Point", "coordinates": [ 853615.79999748186674, 6928085.872798588126898 ] } },
{ "type": "Feature", "properties": { "Art": "EIN", "bw_id": "HAS_EIN_52370", "name": "Einmündung Graben", "km": "52+370", "rwert": 410065.0, "hwert": 5840015, "bemerk": "Einlauf fast nicht zu erkennen", "beschreib": "Einmündung Graben", "stat_von": 52370, "Artgeo": "p" }, "geometry": { "type": "Point", "coordinates": [ 853708.186859892914072, 6928168.515499658882618 ] } },
{ "type": "Feature", "properties": { "Art": "EIN", "bw_id": "HAS_EIN_5960", "name": "Einmündung Röckers Graben  (mit Rückstauklappe)", "km": "5+960", "rwert": 387765.0, "hwert": 5838238, "bemerk": "Nr. 1/18 oder 2/19", "beschreib": "Einmündung Röckers Graben  (mit Rückstauklappe)", "stat_von": 5960, "Artgeo": "p" }, "geometry": { "type": "Point", "coordinates": [ 817051.705730823683552, 6924470.990408745594323 ] } },
{ "type": "Feature", "properties": { "Art": "EIN", "bw_id": "HAS_EIN_6550", "name": "Rohrdurchlass (Grabeneinmündung)", "km": "6+550", "rwert": 387892.0, "hwert": 5838831, "bemerk": "Nr. 1/19 oder 2/20 ; Länge der Haltung 8 m", "beschreib": "Rohrdurchlass (Grabeneinmündung)", "stat_von": 6550, "Artgeo": "p" }, "geometry": { "type": "Point", "coordinates": [ 817238.269570376956835, 6925454.376984745264053 ] } },
{ "type": "Feature", "properties": { "Art": "EIN", "bw_id": "HAS_EIN_7935", "name": "Einleitung Brückenentwässerung", "km": "7+935", "rwert": 388301.0, "hwert": 5839654, "bemerk": null, "beschreib": "Einleitung Brückenentwässerung", "stat_von": 7935, "Artgeo": "p" }, "geometry": { "type": "Point", "coordinates": [ 817880.474258641595952, 6926828.197035305202007 ] } },
{ "type": "Feature", "properties": { "Art": "EIN", "bw_id": "HAS_EIN_8090", "name": "Grabeneinmündung rechts (mit Rückstauklappe)", "km": "8+090", "rwert": 388367.0, "hwert": 5839819, "bemerk": "Nr. 1/25 od. 2/27 ;Länge der Haltung: 12,00 m", "beschreib": "Grabeneinmündung rechts (mit Rückstauklappe)", "stat_von": 8090, "Artgeo": "p" }, "geometry": { "type": "Point", "coordinates": [ 817982.910662521841004, 6927103.045267854817212 ] } },
{ "type": "Feature", "properties": { "Art": "EIN", "bw_id": "HAS_EIN_8370", "name": "Rohrdurchlass mit Rückstauklappe (im U-Weg)", "km": "8+370", "rwert": 388633.0, "hwert": 5839739, "bemerk": "Nr. 1/26 od Nr. 2/28", "beschreib": "Rohrdurchlass mit Rückstauklappe (im U-Weg)", "stat_von": 8370, "Artgeo": "p" }, "geometry": { "type": "Point", "coordinates": [ 818423.908086936804466, 6926981.056205900385976 ] } },
{ "type": "Feature", "properties": { "Art": "EIN", "bw_id": "HAS_EIN_9165", "name": "Rohrdurchlass (Altarmanschluss AA Bokeloh-Rien)", "km": "9+165", "rwert": 389373.0, "hwert": 5839867, "bemerk": "Nr. 2/1 od. 2/31 Länge der Haltung: 8,00 m", "beschreib": "Rohrdurchlass (Altarmanschluss AA Bokeloh-Rien)", "stat_von": 9165, "Artgeo": "p" }, "geometry": { "type": "Point", "coordinates": [ 819637.552875377237797, 6927220.198182064108551 ] } },
{ "type": "Feature", "properties": { "Art": "EIN", "bw_id": "HAS_EIN_9330", "name": "Einmündung Kamphausgraben", "km": "9+330", "rwert": 389513.0, "hwert": 5839754, "bemerk": "Nr. 2/2 od. 1/32", "beschreib": "Über den Mündungsbereich führt eine Überfahrt (Einfeldbrücke mit Holzbohlenbelag). Der Kamphausgraben entwässert über ein Schöpfwerk (ca. 100 m oberhalb) in die Hase.", "stat_von": 9330, "Artgeo": "p" }, "geometry": { "type": "Point", "coordinates": [ 819872.299584428779781, 6927038.92559152469039 ] } },
{ "type": "Feature", "properties": { "Art": "QUE", "bw_id": "HAS_QUE_11985", "name": "Glasfaserkabel, Westnetz GmbH", "km": "11+985", "rwert": 390013.0, "hwert": 5839133, "bemerk": "km prüfen", "beschreib": "Kreuzung der Hase mit einem Leerrohrsystem für den Glasfaser-Breitbandausbau zwischen den Orten Dörgen(Haselünne) und Bokeloh (Meppen)", "stat_von": 11985, "Artgeo": "p" }, "geometry": { "type": "Point", "coordinates": [ 820718.683914735564031, 6926032.641398580744863 ] } },
{ "type": "Feature", "properties": { "Art": "QUE", "bw_id": "HAS_QUE_2000", "name": "Gasleitung", "km": "2+000", "rwert": 386015.0, "hwert": 5838911, "bemerk": "Info aus URPL (Prüfen)", "beschreib": "Gasleitung", "stat_von": 2000, "Artgeo": "p" }, "geometry": { "type": "Point", "coordinates": [ 814145.292019087239169, 6925514.462770591489971 ] } },
{ "type": "Feature", "properties": { "Art": "QUE", "bw_id": "HAS_QUE_22980", "name": "Freileitung", "km": "22+980", "rwert": 393585.0, "hwert": 5836298, "bemerk": null, "beschreib": "Oberleitung", "stat_von": 22980, "Artgeo": "p" }, "geometry": { "type": "Point", "coordinates": [ 826701.545079865376465, 6921485.894848577678204 ] } },
{ "type": "Feature", "properties": { "Art": "QUE", "bw_id": "HAS_QUE_23137", "name": "LWL Kabel, Westnetz GmbH", "km": "23+137", "rwert": 393723.0, "hwert": 5836271, "bemerk": "km prüfen", "beschreib": "Gewässerquerung mit LWL Kabel DN Vertrag?", "stat_von": 23137, "Artgeo": "p" }, "geometry": { "type": "Point", "coordinates": [ 826929.588327373377979, 6921446.326359651982784 ] } },
{ "type": "Feature", "properties": { "Art": "QUE", "bw_id": "HAS_QUE_23245", "name": "Dükerung NWO", "km": "23+245", "rwert": 393822.0, "hwert": 5836307, "bemerk": null, "beschreib": "Dükerung", "stat_von": 23245, "Artgeo": "p" }, "geometry": { "type": "Point", "coordinates": [ 827091.197583989356644, 6921509.270672645419836 ] } },
{ "type": "Feature", "properties": { "Art": "QUE", "bw_id": "HAS_QUE_24985", "name": "Düker Trinkwasserleitung", "km": "24+985", "rwert": 394293.0, "hwert": 5835441, "bemerk": null, "beschreib": "Düker Trinkwasserleitung TAV", "stat_von": 24985, "Artgeo": "p" }, "geometry": { "type": "Point", "coordinates": [ 827897.128424656810239, 6920097.774998236447573 ] } },
{ "type": "Feature", "properties": { "Art": "QUE", "bw_id": "HAS_QUE_25290", "name": "Freileitung", "km": "25+290", "rwert": 394321.0, "hwert": 5835135, "bemerk": null, "beschreib": "Oberleitung", "stat_von": 25290, "Artgeo": "p" }, "geometry": { "type": "Point", "coordinates": [ 827954.110156895942055, 6919594.11651354841888 ] } },
{ "type": "Feature", "properties": { "Art": "QUE", "bw_id": "HAS_QUE_27990", "name": "Freileitung", "km": "27+990", "rwert": 394895.0, "hwert": 5834187, "bemerk": "km prüfen", "beschreib": "Oberleitung", "stat_von": 27990, "Artgeo": "p" }, "geometry": { "type": "Point", "coordinates": [ 828932.017014752491377, 6918051.320169766433537 ] } },
{ "type": "Feature", "properties": { "Art": "QUE", "bw_id": "HAS_QUE_29230", "name": "Dükerung", "km": "29+230", "rwert": 395375.0, "hwert": 5834791, "bemerk": null, "beschreib": "Dükerung", "stat_von": 29230, "Artgeo": "p" }, "geometry": { "type": "Point", "coordinates": [ 829700.187817784608342, 6919064.320698528550565 ] } },
{ "type": "Feature", "properties": { "Art": "QUE", "bw_id": "HAS_QUE_31915", "name": "Dükerung Druckrohrleitung Vivaris zur Kläranlage", "km": "31+915", "rwert": 396498.0, "hwert": 5835450, "bemerk": null, "beschreib": "Dükerung Druckrohrleitung Vivaris zur Kläranlage", "stat_von": 31915, "Artgeo": "p" }, "geometry": { "type": "Point", "coordinates": [ 831524.49789553496521, 6920190.682308074086905 ] } },
{ "type": "Feature", "properties": { "Art": "QUE", "bw_id": "HAS_QUE_32130", "name": "Dükerung", "km": "32+130", "rwert": 396636.0, "hwert": 5835613, "bemerk": null, "beschreib": "Dükerung", "stat_von": 32130, "Artgeo": "p" }, "geometry": { "type": "Point", "coordinates": [ 831745.851542815798894, 6920464.355897371657193 ] } },
{ "type": "Feature", "properties": { "Art": "QUE", "bw_id": "HAS_QUE_32144", "name": "Freileitung??", "km": "32+144", "rwert": 396645.0, "hwert": 5835625, "bemerk": "km prüfen", "beschreib": "Oberleitung", "stat_von": 32144, "Artgeo": "p" }, "geometry": { "type": "Point", "coordinates": [ 831760.240377907641232, 6920484.463213851675391 ] } },
{ "type": "Feature", "properties": { "Art": "QUE", "bw_id": "HAS_QUE_33390", "name": "Düker Trinkwasserleitung", "km": "33+390", "rwert": 397940.0, "hwert": 5836844, "bemerk": null, "beschreib": "Dükerung Trinkwasserleitung", "stat_von": 33390, "Artgeo": "p" }, "geometry": { "type": "Point", "coordinates": [ 833848.889518560958095, 6922540.348437421023846 ] } },
{ "type": "Feature", "properties": { "Art": "QUE", "bw_id": "HAS_QUE_37980", "name": "Dükerung??", "km": "37+980", "rwert": 399659.0, "hwert": 5836065, "bemerk": "Dükerung??", "beschreib": "Dükerung??", "stat_von": 37980, "Artgeo": "p" }, "geometry": { "type": "Point", "coordinates": [ 836704.328603231348097, 6921314.150422819890082 ] } },
{ "type": "Feature", "properties": { "Art": "QUE", "bw_id": "HAS_QUE_38010", "name": "20 kv, Windpark Andrup GmbH", "km": "38+010", "rwert": 399685.0, "hwert": 5836083, "bemerk": "km prüfen", "beschreib": "Gewässerunterquerung der Hase an der Brücke Andrup mit zwei Schutzrohren DN 160 DN 50 für ein 20 kv Erdkabel und einden Netzanschluss des Windparks Andrup an den Netzverknüpfungspunkt am Umspannwerk in Haselünne", "stat_von": 38010, "Artgeo": "p" }, "geometry": { "type": "Point", "coordinates": [ 836746.501677671214566, 6921344.726033496670425 ] } },
{ "type": "Feature", "properties": { "Art": "QUE", "bw_id": "HAS_QUE_38020", "name": "Dükerung Trinkwasserleitung", "km": "38+020", "rwert": 399695.0, "hwert": 5836084, "bemerk": null, "beschreib": "Düker Trinkwasserleitung", "stat_von": 38020, "Artgeo": "p" }, "geometry": { "type": "Point", "coordinates": [ 836762.922834546188824, 6921346.715245055966079 ] } },
{ "type": "Feature", "properties": { "Art": "QUE", "bw_id": "HAS_QUE_38025", "name": "Glasfaserkabel, Westnetz GmbH", "km": "38+025", "rwert": 399700.0, "hwert": 5836086, "bemerk": "km prüfen", "beschreib": "Kreuzung der Hase mit einem Schutzrohr für die FTTB Erschließung Emsland Mitte in der Stadt Haselünne", "stat_von": 38025, "Artgeo": "p" }, "geometry": { "type": "Point", "coordinates": [ 836771.082602800335735, 6921350.184213285334408 ] } },
{ "type": "Feature", "properties": { "Art": "QUE", "bw_id": "HAS_QUE_42709", "name": "Glasfaserkabel, Westnetz GmbH", "km": "42+709", "rwert": 402801.0, "hwert": 5838205, "bemerk": "Gewässerquerung mit LWL Kabel DN Vertrag?", "beschreib": "Gewässerquerung mit LWL Kabel DN Vertrag?", "stat_von": 42709, "Artgeo": "p" }, "geometry": { "type": "Point", "coordinates": [ 841804.272975273546763, 6924950.206320581957698 ] } },
{ "type": "Feature", "properties": { "Art": "QUE", "bw_id": "HAS_QUE_43245", "name": "Dükerung Gasleitung??", "km": "43+245", "rwert": 403251.0, "hwert": 5838443, "bemerk": "Sohllage, U-Pflicht, Vertrag prüfen", "beschreib": "Sohllage, U-Pflicht, Vertrag prüfen", "stat_von": 43245, "Artgeo": "p" }, "geometry": { "type": "Point", "coordinates": [ 842537.311813263571821, 6925357.793688503094018 ] } },
{ "type": "Feature", "properties": { "Art": "QUE", "bw_id": "HAS_QUE_44650", "name": "Dükerung mit Schutzrohr (PE-HD DA 160x9,1)", "km": "44+650", "rwert": 404646.0, "hwert": 5838328, "bemerk": null, "beschreib": "Dükerung", "stat_von": 44650, "Artgeo": "p" }, "geometry": { "type": "Point", "coordinates": [ 844837.713156594894826, 6925213.418493783101439 ] } },
{ "type": "Feature", "properties": { "Art": "QUE", "bw_id": "HAS_QUE_44720", "name": "Dükerung Erdgasleitung MD d 225 PE", "km": "44+720", "rwert": 404716.0, "hwert": 5838320, "bemerk": "Beschilderung prüfen, Bestandspläne fehlen", "beschreib": "Kreuzung mit einer Erdgasleitung MD d 225 PE", "stat_von": 44720, "Artgeo": "p" }, "geometry": { "type": "Point", "coordinates": [ 844953.21533564326819, 6925202.477029982022941 ] } },
{ "type": "Feature", "properties": { "Art": "QUE", "bw_id": "HAS_QUE_45595", "name": "Gasleitungsdüker", "km": "45+595", "rwert": 405479.0, "hwert": 5837979, "bemerk": null, "beschreib": "Dükerung", "stat_von": 45595, "Artgeo": "p" }, "geometry": { "type": "Point", "coordinates": [ 846220.281402859487571, 6924664.245124566368759 ] } },
{ "type": "Feature", "properties": { "Art": "QUE", "bw_id": "HAS_QUE_47453", "name": "Glasfaserkabel, Westnetz GmbH", "km": "47+453", "rwert": 406941.0, "hwert": 5837525, "bemerk": "Gewässerquerung mit LWL Kabel DN Vertrag?", "beschreib": "Gewässerquerung mit LWL Kabel DN Vertrag?", "stat_von": 47453, "Artgeo": "p" }, "geometry": { "type": "Point", "coordinates": [ 848641.391741640982218, 6923961.499216443859041 ] } },
{ "type": "Feature", "properties": { "Art": "QUE", "bw_id": "HAS_QUE_47454", "name": "Glasfaserkabel, Westnetz GmbH", "km": "47+454", "rwert": 406932.0, "hwert": 5837521, "bemerk": "Gewässerquerung mit LWL Kabel DN Vertrag?", "beschreib": "Gewässerquerung mit LWL Kabel DN Vertrag?", "stat_von": 47454, "Artgeo": "p" }, "geometry": { "type": "Point", "coordinates": [ 848626.702540755853988, 6923954.614620582200587 ] } },
{ "type": "Feature", "properties": { "Art": "QUE", "bw_id": "HAS_QUE_47464", "name": "Glasfaserkabel, Westnetz GmbH", "km": "47+464", "rwert": 406950.0, "hwert": 5837530, "bemerk": "Gewässerquerung mit LWL Kabel DN Vertrag?", "beschreib": "Gewässerquerung mit LWL Kabel DN Vertrag?", "stat_von": 47464, "Artgeo": "p" }, "geometry": { "type": "Point", "coordinates": [ 848656.049514147336595, 6923970.033986512571573 ] } },
{ "type": "Feature", "properties": { "Art": "QUE", "bw_id": "HAS_QUE_50000", "name": "Gewässerquerung mit LWL Kabel DN 50", "km": "50+000", "rwert": 408536.0, "hwert": 5838756, "bemerk": "Schild fehlt", "beschreib": "Gewässerquerung mit LWL Kabel DN 50", "stat_von": 50000, "Artgeo": "p" }, "geometry": { "type": "Point", "coordinates": [ 851228.894573089550249, 6926043.042208027094603 ] } },
{ "type": "Feature", "properties": { "Art": "QUE", "bw_id": "HAS_QUE_50015", "name": "Gewässerquerung mit TWL", "km": "50+015", "rwert": 408534.0, "hwert": 5838771, "bemerk": null, "beschreib": "Gewässerquerung mit Trinkwasserleitung", "stat_von": 50015, "Artgeo": "p" }, "geometry": { "type": "Point", "coordinates": [ 851225.137370520387776, 6926067.739732997491956 ] } },
{ "type": "Feature", "properties": { "Art": "QUE", "bw_id": "HAS_QUE_7825", "name": "Seilkrananlage Pegel Bokeloh (GLD)", "km": "7+825", "rwert": 388286.0, "hwert": 5839544, "bemerk": null, "beschreib": "Seilkrananlage Pegel Bokeloh (GLD)", "stat_von": 7825, "Artgeo": "p" }, "geometry": { "type": "Point", "coordinates": [ 817859.934344203327782, 6926646.068284175358713 ] } },
{ "type": "Feature", "properties": { "Art": "QUE", "bw_id": "HAS_QUE_7950", "name": "Dükerung Trinkwasserleitung (TAV)", "km": "7+950", "rwert": 388322.0, "hwert": 5839665, "bemerk": null, "beschreib": "Dükerung", "stat_von": 7950, "Artgeo": "p" }, "geometry": { "type": "Point", "coordinates": [ 817914.634979433729313, 6926847.148817278444767 ] } },
{ "type": "Feature", "properties": { "Art": "SON", "bw_id": "HAS_SON_42550", "name": "Furt Großer Kanal / Bookhofer Graben", "km": "42+550", "rwert": 402728.0, "hwert": 5838067, "bemerk": null, "beschreib": "Furt Großer Kanal / Bookhofer Graben", "stat_von": 42550, "Artgeo": "p" }, "geometry": { "type": "Point", "coordinates": [ 841688.633771530352533, 6924720.055061986669898 ] } },
{ "type": "Feature", "properties": { "Art": "SON", "bw_id": "HAS_SON_42580", "name": "Gehölzentwicklung Mündung Bookhofer Graben", "km": "42+580", "rwert": 402728.0, "hwert": 5838067, "bemerk": null, "beschreib": "Gehölzentwicklung Mündung Bookhofer Graben", "stat_von": 42580, "Artgeo": "p" }, "geometry": { "type": "Point", "coordinates": [ 841688.633771530352533, 6924720.055061986669898 ] } },
{ "type": "Feature", "properties": { "Art": "SON", "bw_id": "HAS_SON_42740", "name": "OW- Entnahme, Hase, Beregnung (E2), Beelmann", "km": "42+740", "rwert": 402834.0, "hwert": 5838417, "bemerk": "OW- Entnahme, Hase E I, Beregnung (56300 m³/a), er", "beschreib": "OW- Entnahme, Hase, Beregnung (E2), Beelmann", "stat_von": 42740, "Artgeo": "p" }, "geometry": { "type": "Point", "coordinates": [ 841851.634341624914669, 6925301.175691062584519 ] } },
{ "type": "Feature", "properties": { "Art": "SON", "bw_id": "HAS_SON_43410", "name": "Sohlgleite Südradde", "km": "43+410", "rwert": 403431.0, "hwert": 5838498, "bemerk": null, "beschreib": "Die Sohlgleite im Mündungsbereich der Südradde wurde in 2015/16 durch den Betriebshof Lehrte im Auftrag des Angelsportvereins / Unterhaltungsverband gebaut. Es wurden Fördermittel nach Richtlinie FGE (Kleinmaßnahmen) verwandt.", "stat_von": 43410, "Artgeo": "p" }, "geometry": { "type": "Point", "coordinates": [ 842831.861209743656218, 6925454.466998342424631 ] } },
{ "type": "Feature", "properties": { "Art": "SON", "bw_id": "HAS_SON_43415", "name": "Überfahrt Südradde", "km": "43+415", "rwert": 403432.0, "hwert": 5838466, "bemerk": null, "beschreib": "Überfahrt Mündung Südradde (Überfahrt mit Holzbohlenbelag und Schrammbord, ohne Geländer). Der Holzbohlenbelag soll 2025 erneuert werden. In 2025 soll die Überfahrt mit einem Geländer versehen werden.", "stat_von": 43415, "Artgeo": "p" }, "geometry": { "type": "Point", "coordinates": [ 842834.5526532237418, 6925401.685142359696329 ] } },
{ "type": "Feature", "properties": { "Art": "SON", "bw_id": "HAS_SON_43650", "name": "OW- Entnahme, Hase, Beregnung (E1), Beelmann", "km": "43+650", "rwert": 403650.0, "hwert": 5838417, "bemerk": "linksseitig??. OW- Entnahme, Hase E I, Beregnung (", "beschreib": "OW- Entnahme, Hase, Beregnung (E1), Beelmann", "stat_von": 43650, "Artgeo": "p" }, "geometry": { "type": "Point", "coordinates": [ 843195.059153267531656, 6925327.94226370099932 ] } },
{ "type": "Feature", "properties": { "Art": "SON", "bw_id": "HAS_SON_10550", "name": "Messstelle (GW??)", "km": "10+550", "rwert": 390235.0, "hwert": 5840399, "bemerk": null, "beschreib": "Messstelle (GW??)", "stat_von": 10550, "Artgeo": "p" }, "geometry": { "type": "Point", "coordinates": [ 821037.154865548713133, 6928130.628410702571273 ] } },
{ "type": "Feature", "properties": { "Art": "SON", "bw_id": "HAS_SON_11675", "name": "Bootsanleger Dörgener Zeltplatz (Rolfes)", "km": "11+675", "rwert": 389972.0, "hwert": 5839439, "bemerk": "Genehmigung vom 22.06.2004 (Amt f. Wirtschaftsförd", "beschreib": "Bootsanleger Dörgener Zeltplatz (Rolfes)", "stat_von": 11675, "Artgeo": "p" }, "geometry": { "type": "Point", "coordinates": [ 820639.794397066580132, 6926536.158161072991788 ] } },
{ "type": "Feature", "properties": { "Art": "SON", "bw_id": "HAS_SON_12720", "name": "Kompostierungsanlage Helte", "km": "12+720", "rwert": 389177.0, "hwert": 5838922, "bemerk": "!!Pachvertrag!!", "beschreib": "Kompostierungsanlage Helte. Gepachtet von Herrn Abeln??", "stat_von": 12720, "Artgeo": "p" }, "geometry": { "type": "Point", "coordinates": [ 819350.250619704136625, 6925653.115633992478251 ] } },
{ "type": "Feature", "properties": { "Art": "SON", "bw_id": "HAS_SON_1520", "name": "Bootssteg (Alter Emskanal)", "km": "1+520", "rwert": 385550.0, "hwert": 5838878, "bemerk": "Genehmigung vom 18.07.2005 (Fachbereich Wirtschaft", "beschreib": "Bootssteg, Bootsanleger (Alter Emskanal)", "stat_von": 1520, "Artgeo": "p" }, "geometry": { "type": "Point", "coordinates": [ 813381.090657294960693, 6925441.998399854637682 ] } },
{ "type": "Feature", "properties": { "Art": "SON", "bw_id": "HAS_SON_15470", "name": "Betriebshof Lehrte", "km": "15+470", "rwert": 390960.0, "hwert": 5837353, "bemerk": "AIS NR fehlt??", "beschreib": "NLWKN, Betriebsstelle Meppen, Betriebshof Lehrte (Kreyenborg 1)", "stat_von": 15470, "Artgeo": "p" }, "geometry": { "type": "Point", "coordinates": [ 822343.407107488717884, 6923130.548390842042863 ] } },
{ "type": "Feature", "properties": { "Art": "SON", "bw_id": "HAS_SON_15570", "name": "Bootsanleger BH Lehrte (mit Böschungstreppe)", "km": "15+570", "rwert": 390985.0, "hwert": 5837477, "bemerk": "Genehmigung vom 05.05.1997", "beschreib": "Bootsanleger BH Lehrte (mit Böschungstreppe)", "stat_von": 15570, "Artgeo": "p" }, "geometry": { "type": "Point", "coordinates": [ 822379.983065541367978, 6923336.055321304127574 ] } },
{ "type": "Feature", "properties": { "Art": "SON", "bw_id": "HAS_SON_16440", "name": "Teichanschluss", "km": "16+440", "rwert": 390459.0, "hwert": 5838153, "bemerk": null, "beschreib": "Teichanschluss", "stat_von": 16440, "Artgeo": "p" }, "geometry": { "type": "Point", "coordinates": [ 821489.259745648945682, 6924431.976036904379725 ] } },
{ "type": "Feature", "properties": { "Art": "SON", "bw_id": "HAS_SON_1745", "name": "Böschungstreppe bei Fußgängerbrücke", "km": "1+745", "rwert": 385776.0, "hwert": 5838818, "bemerk": "Position aktualisieren wenn Luftbild vorliegt ; Ve", "beschreib": "Böschungstreppe bei Fußgängerbrücke (Meppen, Haseknie)", "stat_von": 1745, "Artgeo": "p" }, "geometry": { "type": "Point", "coordinates": [ 813755.444316394045018, 6925351.743906969204545 ] } },
{ "type": "Feature", "properties": { "Art": "SON", "bw_id": "HAS_SON_1755", "name": "Böschungstreppe Fußgängerbrücke", "km": "1+755", "rwert": 385779.0, "hwert": 5838877, "bemerk": "Position aktualisieren wenn Luftbild vorliegt ; Ve", "beschreib": "Böschungstreppe Fußgängerbrücke (rechts ; Meppen Haseknie)", "stat_von": 1755, "Artgeo": "p" }, "geometry": { "type": "Point", "coordinates": [ 813758.103824141086079, 6925449.224558032117784 ] } },
{ "type": "Feature", "properties": { "Art": "SON", "bw_id": "HAS_SON_18000", "name": "Überfahrt rechtsseitig  Mündung Mittelradde", "km": "18+000", "rwert": 391571.0, "hwert": 5839059, "bemerk": null, "beschreib": "Überfahrt rechtsseitig  Mündung Mittelradde", "stat_von": 18000, "Artgeo": "p" }, "geometry": { "type": "Point", "coordinates": [ 823286.435947076883167, 6925968.202730947174132 ] } },
{ "type": "Feature", "properties": { "Art": "SON", "bw_id": "HAS_SON_18350", "name": "Überfahrt rechtsseitig Bleichholter Graben", "km": "18+350", "rwert": 391832.0, "hwert": 5838800, "bemerk": null, "beschreib": "Überfahrt rechtsseitig Bleichholter Graben", "stat_von": 18350, "Artgeo": "p" }, "geometry": { "type": "Point", "coordinates": [ 823725.610885912319645, 6925550.335057669319212 ] } },
{ "type": "Feature", "properties": { "Art": "SON", "bw_id": "HAS_SON_18830", "name": "beidseitiger Kolk beim Altarmanschluss Lahre / Lehrte", "km": "18+830", "rwert": 391965.0, "hwert": 5838453, "bemerk": null, "beschreib": "beidseitiger Kolk beim Altarmanschluss Lahre / Lehrte", "stat_von": 18830, "Artgeo": "p" }, "geometry": { "type": "Point", "coordinates": [ 823957.242590620648116, 6924982.557344742119312 ] } },
{ "type": "Feature", "properties": { "Art": "SON", "bw_id": "HAS_SON_1930", "name": "OW-Entn., Kirschner, Hase - km 59.1 (A-001)", "km": "1+930", "rwert": 385959.0, "hwert": 5838866, "bemerk": "OW-Entn., Kirschner, Hase - km 59.1 (A-001), ertei", "beschreib": "Wasserrecht", "stat_von": 1930, "Artgeo": "p" }, "geometry": { "type": "Point", "coordinates": [ 814054.840611917083152, 6925438.036359324119985 ] } },
{ "type": "Feature", "properties": { "Art": "SON", "bw_id": "HAS_SON_19380", "name": "Überfahrt Sautmannshausener Graben", "km": "19+380", "rwert": 392170.0, "hwert": 5838092, "bemerk": null, "beschreib": "Überfahrt Sautmannshausener Graben", "stat_von": 19380, "Artgeo": "p" }, "geometry": { "type": "Point", "coordinates": [ 824307.866755070863292, 6924394.342803565785289 ] } },
{ "type": "Feature", "properties": { "Art": "SON", "bw_id": "HAS_SON_20610", "name": "Überfahrt zum Cafe Biberburg", "km": "20+610", "rwert": 392383.0, "hwert": 5837899, "bemerk": null, "beschreib": "Überfahrt zum Cafe Biberburg", "stat_von": 20610, "Artgeo": "p" }, "geometry": { "type": "Point", "coordinates": [ 824665.495346318697557, 6924083.651695495471358 ] } },
{ "type": "Feature", "properties": { "Art": "SON", "bw_id": "HAS_SON_20830", "name": "Furt Lahre", "km": "20+830", "rwert": 392485.0, "hwert": 5837672, "bemerk": null, "beschreib": "Furt Lahre", "stat_von": 20830, "Artgeo": "p" }, "geometry": { "type": "Point", "coordinates": [ 824841.63499418029096, 6923712.814904724247754 ] } },
{ "type": "Feature", "properties": { "Art": "SON", "bw_id": "HAS_SON_21235", "name": "Furt Hudenerfähr (Verbandsgraben Nr. 62)", "km": "21+235", "rwert": 392770.0, "hwert": 5837451, "bemerk": null, "beschreib": "Furt Hudenerfähr Verbandsgraben Nr. 62, linksseitig im Zuge der struktiurverbessernden Maßnahmen Hudenerfähr umgesetzt", "stat_von": 21235, "Artgeo": "p" }, "geometry": { "type": "Point", "coordinates": [ 825318.728155113407411, 6923358.544358333572745 ] } },
{ "type": "Feature", "properties": { "Art": "SON", "bw_id": "HAS_SON_21236", "name": "Alte Überfahrt (ergänzt durch Furt)", "km": "21+236", "rwert": 392765.0, "hwert": 5837446, "bemerk": null, "beschreib": "Alte Überfahrt (ergänzt durch Furt)", "stat_von": 21236, "Artgeo": "p" }, "geometry": { "type": "Point", "coordinates": [ 825310.680177080794238, 6923350.113143966533244 ] } },
{ "type": "Feature", "properties": { "Art": "SON", "bw_id": "HAS_SON_21370", "name": "Furt Stadtmarkgraben", "km": "21+370", "rwert": 392890.0, "hwert": 5837371, "bemerk": null, "beschreib": "Furt Stadtmarkgraben rechtsseitig", "stat_von": 21370, "Artgeo": "p" }, "geometry": { "type": "Point", "coordinates": [ 825519.124488495639525, 6923230.909156120382249 ] } },
{ "type": "Feature", "properties": { "Art": "SON", "bw_id": "HAS_SON_21960", "name": "Infotafel Hudenerfähr (alt)", "km": "21+960", "rwert": 393068.0, "hwert": 5836809, "bemerk": null, "beschreib": "Infotafel Hudenerfähr (alt)", "stat_von": 21960, "Artgeo": "p" }, "geometry": { "type": "Point", "coordinates": [ 825832.385248968028463, 6922310.176204457879066 ] } },
{ "type": "Feature", "properties": { "Art": "SON", "bw_id": "HAS_SON_22605", "name": "Überfahrt Altarm Huden / Schullenriedengraben", "km": "22+605", "rwert": 393533.0, "hwert": 5836677, "bemerk": null, "beschreib": "Überfahrt Altarm Huden / Schullenriedengraben", "stat_von": 22605, "Artgeo": "p" }, "geometry": { "type": "Point", "coordinates": [ 826602.350960643496364, 6922109.220844089053571 ] } },
{ "type": "Feature", "properties": { "Art": "SON", "bw_id": "HAS_SON_23670", "name": "Betriebsgebäude (Schafstall Bückelte)", "km": "23+670", "rwert": 394142.0, "hwert": 5835477, "bemerk": null, "beschreib": "Betriebsgebäude Schafstall Bückelte (incl. Kanuverleih)", "stat_von": 23670, "Artgeo": "p" }, "geometry": { "type": "Point", "coordinates": [ 827647.418755705817603, 6920151.742753540165722 ] } },
{ "type": "Feature", "properties": { "Art": "SON", "bw_id": "HAS_SON_24220", "name": "Überfahrt Mündung Bawinkler Bach", "km": "24+220", "rwert": 393651.0, "hwert": 5835523, "bemerk": null, "beschreib": "Überfahrt Mündung Bawinkler Bach", "stat_von": 24220, "Artgeo": "p" }, "geometry": { "type": "Point", "coordinates": [ 826837.977835167665035, 6920209.977438876405358 ] } },
{ "type": "Feature", "properties": { "Art": "SON", "bw_id": "HAS_SON_2470", "name": "Böschungstreppe , Steg (Privat)", "km": "2+470", "rwert": 385958.0, "hwert": 5839322, "bemerk": null, "beschreib": "Böschungstreppe , Steg (Privat)", "stat_von": 2470, "Artgeo": "p" }, "geometry": { "type": "Point", "coordinates": [ 814035.605962454807013, 6926190.549175937660038 ] } },
{ "type": "Feature", "properties": { "Art": "SON", "bw_id": "HAS_SON_24845", "name": "Hasealtarm Blanke,Schüttsteine", "km": "24+845", "rwert": 394266.0, "hwert": 5835600, "bemerk": "Kann der Kostenträger entfallen??", "beschreib": "Hasealtarm Blanke,Schüttsteine", "stat_von": 24845, "Artgeo": "p" }, "geometry": { "type": "Point", "coordinates": [ 827847.032436680630781, 6920359.046530152671039 ] } },
{ "type": "Feature", "properties": { "Art": "SON", "bw_id": "HAS_SON_25020", "name": "Infotafel NLWKN Bootsanleger Bückelte", "km": "25+020", "rwert": 394252.0, "hwert": 5835419, "bemerk": null, "beschreib": "Infotafel NLWKN Bootsanleger Bückelte", "stat_von": 25020, "Artgeo": "p" }, "geometry": { "type": "Point", "coordinates": [ 827830.461170756723732, 6920060.024143582209945 ] } },
{ "type": "Feature", "properties": { "Art": "SON", "bw_id": "HAS_SON_25025", "name": "Schutzhütte", "km": "25+025", "rwert": 394256.0, "hwert": 5835414, "bemerk": null, "beschreib": "Schutzhütte", "stat_von": 25025, "Artgeo": "p" }, "geometry": { "type": "Point", "coordinates": [ 827837.220383431762457, 6920051.921007504686713 ] } },
{ "type": "Feature", "properties": { "Art": "SON", "bw_id": "HAS_SON_25070", "name": "Bootsanleger Bückelte", "km": "25+070", "rwert": 394275.0, "hwert": 5835367, "bemerk": "Genehmigung vom 14.02.1993", "beschreib": "Bootsanleger Bückelte", "stat_von": 25070, "Artgeo": "p" }, "geometry": { "type": "Point", "coordinates": [ 827870.156295685563236, 6919975.086183570325375 ] } },
{ "type": "Feature", "properties": { "Art": "SON", "bw_id": "HAS_SON_28160", "name": "Viehtritt Uferabbruch", "km": "28+160", "rwert": 394734.0, "hwert": 5834252, "bemerk": null, "beschreib": "Viehtritt Uferabbruch", "stat_von": 28160, "Artgeo": "p" }, "geometry": { "type": "Point", "coordinates": [ 828664.899793504155241, 6918152.76866961736232 ] } },
{ "type": "Feature", "properties": { "Art": "SON", "bw_id": "HAS_SON_3000", "name": "OW-Entn., Kirschner, Hase (A-002)", "km": "3+000", "rwert": 386322.0, "hwert": 5839401, "bemerk": "OW-Entn., Kirschner, Hase (A-002), erteilt am: 28.", "beschreib": "Wasserrecht", "stat_von": 3000, "Artgeo": "p" }, "geometry": { "type": "Point", "coordinates": [ 814631.834668127819896, 6926334.98707758076489 ] } },
{ "type": "Feature", "properties": { "Art": "SON", "bw_id": "HAS_SON_30375", "name": "Überfahrt Lotter Beeke", "km": "30+375", "rwert": 395959.0, "hwert": 5834217, "bemerk": null, "beschreib": "Einfach Überfahrt mit Bohlenbelag und Schrammbord (ohne Geländer aber mit Absperrschranke)", "stat_von": 30375, "Artgeo": "p" }, "geometry": { "type": "Point", "coordinates": [ 830681.016377461608499, 6918138.419078052043915 ] } },
{ "type": "Feature", "properties": { "Art": "SON", "bw_id": "HAS_SON_31160", "name": "OW- Entnahme, Hase, Beregnung (Schröder)", "km": "31+160", "rwert": 395917.0, "hwert": 5834961, "bemerk": "OW-Entnahme aus der Hase zur landwirtschaftlichen", "beschreib": "OW- Entnahme, Hase, Beregnung (Schröder)", "stat_von": 31160, "Artgeo": "p" }, "geometry": { "type": "Point", "coordinates": [ 830585.802492628921755, 6919363.804882573895156 ] } },
{ "type": "Feature", "properties": { "Art": "SON", "bw_id": "HAS_SON_31300", "name": "Kompostierungsanlage Hamm", "km": "31+300", "rwert": 395800.0, "hwert": 5835370, "bemerk": null, "beschreib": "Kompostierungsanlage Hamm", "stat_von": 31300, "Artgeo": "p" }, "geometry": { "type": "Point", "coordinates": [ 830378.944937790511176, 6920034.205910564400256 ] } },
{ "type": "Feature", "properties": { "Art": "SON", "bw_id": "HAS_SON_31390", "name": "Überfahrt rechtsseitig Haselünne (Muhne) Kläranlage", "km": "31+390", "rwert": 396069.0, "hwert": 5835146, "bemerk": null, "beschreib": "Überfahrt rechtsseitig Haselünne (Muhne) Kläranlage", "stat_von": 31390, "Artgeo": "p" }, "geometry": { "type": "Point", "coordinates": [ 830829.361228033318184, 6919674.25049885828048 ] } },
{ "type": "Feature", "properties": { "Art": "SON", "bw_id": "HAS_SON_32550", "name": "Bootsanleger Muhne", "km": "32+550", "rwert": 396873.0, "hwert": 5835955, "bemerk": "Genehmigung vom 04.03.2009 (Stadt Haselünne)", "beschreib": "Bootsanleger Muhne", "stat_von": 32550, "Artgeo": "p" }, "geometry": { "type": "Point", "coordinates": [ 832123.875952182221226, 6921036.743492629379034 ] } },
{ "type": "Feature", "properties": { "Art": "SON", "bw_id": "HAS_SON_32570", "name": "Jugendzeltplatz Muhne", "km": "32+570", "rwert": 396986.0, "hwert": 5835962, "bemerk": null, "beschreib": "Jugendzeltplatz Muhne (Lagerfeuerplatz, Grillplatz, Fußballfeld, Tennisplatz)", "stat_von": 32570, "Artgeo": "p" }, "geometry": { "type": "Point", "coordinates": [ 832309.563761738245375, 6921052.23294876050204 ] } },
{ "type": "Feature", "properties": { "Art": "SON", "bw_id": "HAS_SON_33695", "name": "Pegel Haselünne", "km": "33+695", "rwert": 397667.0, "hwert": 5836768, "bemerk": null, "beschreib": "Pegel Haselünne des NLWKN (Siehe auch Pegel-Online : https://www.pegelonline.nlwkn.niedersachsen.de/Karte )", "stat_von": 33695, "Artgeo": "p" }, "geometry": { "type": "Point", "coordinates": [ 833402.233996353927068, 6922405.514658297412097 ] } },
{ "type": "Feature", "properties": { "Art": "SON", "bw_id": "HAS_SON_33705", "name": "Böschungstreppe uh Aussichtsplattform", "km": "33+705", "rwert": 397666.0, "hwert": 5836775, "bemerk": null, "beschreib": "Böschungstreppe unterhalb Aussichtsplattform rechts (Pegel Haselünne)", "stat_von": 33705, "Artgeo": "p" }, "geometry": { "type": "Point", "coordinates": [ 833400.346278901095502, 6922417.028439553454518 ] } },
{ "type": "Feature", "properties": { "Art": "SON", "bw_id": "HAS_SON_33715", "name": "Aussichtsplattform auf ehemaligem Brückenwiderlager", "km": "33+715", "rwert": 397677.0, "hwert": 5836776, "bemerk": null, "beschreib": "Aussichtsplattform auf ehemaligem Brückenwiderlager", "stat_von": 33715, "Artgeo": "p" }, "geometry": { "type": "Point", "coordinates": [ 833418.41441115620546, 6922419.059457691386342 ] } },
{ "type": "Feature", "properties": { "Art": "SON", "bw_id": "HAS_SON_33730", "name": "Böschungstreppe uh Brücke B213 rechts", "km": "33+730", "rwert": 397692.0, "hwert": 5836783, "bemerk": null, "beschreib": "Böschungstreppe uh Brücke B213 rechts", "stat_von": 33730, "Artgeo": "p" }, "geometry": { "type": "Point", "coordinates": [ 833442.857964415918104, 6922431.12772691808641 ] } },
{ "type": "Feature", "properties": { "Art": "SON", "bw_id": "HAS_SON_33770", "name": "Böschungstreppe oh Brücke B213", "km": "33+770", "rwert": 397727.0, "hwert": 5836796, "bemerk": null, "beschreib": "Böschungstreppe oh Brücke B213", "stat_von": 33770, "Artgeo": "p" }, "geometry": { "type": "Point", "coordinates": [ 833500.008390556904487, 6922453.787514240480959 ] } },
{ "type": "Feature", "properties": { "Art": "SON", "bw_id": "HAS_SON_33795", "name": "Vermessungspunkt rechts", "km": "33+795", "rwert": 397751.0, "hwert": 5836800, "bemerk": null, "beschreib": "Vermessungspunkt rechts", "stat_von": 33795, "Artgeo": "p" }, "geometry": { "type": "Point", "coordinates": [ 833539.36721234919969, 6922461.217921385541558 ] } },
{ "type": "Feature", "properties": { "Art": "SON", "bw_id": "HAS_SON_34070", "name": "Bootsanlager (mit Böschungstreppe) Haselünne Stadtmitte", "km": "34+070", "rwert": 398023.0, "hwert": 5836856, "bemerk": "Genehmigung vom 18.05.2000", "beschreib": "Bootsanlager (mit Böschungstreppe) Haselünne Stadtmitte", "stat_von": 34070, "Artgeo": "p" }, "geometry": { "type": "Point", "coordinates": [ 833985.07158068777062, 6922563.014185518026352 ] } },
{ "type": "Feature", "properties": { "Art": "SON", "bw_id": "HAS_SON_34370", "name": "Spielplatz HWRB - Haselünne", "km": "34+370", "rwert": 398242.0, "hwert": 5836634, "bemerk": null, "beschreib": "Spielplatz HWRB - Haselünne", "stat_von": 34370, "Artgeo": "p" }, "geometry": { "type": "Point", "coordinates": [ 834353.119995379238389, 6922204.319574476219714 ] } },
{ "type": "Feature", "properties": { "Art": "SON", "bw_id": "HAS_SON_34600", "name": "Hochwasserrückhaltebecken Haselünne", "km": "34+600", "rwert": 398545.0, "hwert": 5836370, "bemerk": "Normalstau bei 15,15 m NN", "beschreib": "Hochwasserrückhaltebecken Haselünne (Vorwarnung ab 330 cm WS am Pegel Haselünne, Füllung ab 360 cm WS). Die Steuerung erfolgt gemäß Betriebsplan. Der Normalwasserstand im See (Dauerstau) am Auslaussbauwerk soll 15,15 m NN betragen.", "stat_von": 34600, "Artgeo": "p" }, "geometry": { "type": "Point", "coordinates": [ 834860.804758073063567, 6921779.224716387689114 ] } },
{ "type": "Feature", "properties": { "Art": "SON", "bw_id": "HAS_SON_34620", "name": "Infotafel HWRB-Haselünne", "km": "34+620", "rwert": 398301.0, "hwert": 5836365, "bemerk": null, "beschreib": "Infotafel HWRB-Haselünne", "stat_von": 34620, "Artgeo": "p" }, "geometry": { "type": "Point", "coordinates": [ 834459.455651445081457, 6921762.583693471737206 ] } },
{ "type": "Feature", "properties": { "Art": "SON", "bw_id": "HAS_SON_3465", "name": "OW-Entn., Kirschner, Hase (A-003)", "km": "3+465", "rwert": 386609.0, "hwert": 5839079, "bemerk": "OW-Entn., Kirschner, Hase (A-003), erteilt am: 28.", "beschreib": "Wasserrecht", "stat_von": 3465, "Artgeo": "p" }, "geometry": { "type": "Point", "coordinates": [ 815116.692958158673719, 6925814.609836721792817 ] } },
{ "type": "Feature", "properties": { "Art": "SON", "bw_id": "HAS_SON_36230", "name": "Bootsanleger Polle (beim Rückhaltebecken)", "km": "36+230", "rwert": 398419.0, "hwert": 5835002, "bemerk": "Genehmigung vom 11.07.2000 (Ulrich Dröge, Poller s", "beschreib": "Bootsanleger Polle (beim Rückhaltebecken)", "stat_von": 36230, "Artgeo": "p" }, "geometry": { "type": "Point", "coordinates": [ 834700.384858731296845, 6919518.478785288520157 ] } },
{ "type": "Feature", "properties": { "Art": "SON", "bw_id": "HAS_SON_37580", "name": "Betriebspegel Einlassbauwerk HWRB-Haselünne (binnen)", "km": "37+580", "rwert": 399324.0, "hwert": 5835856, "bemerk": null, "beschreib": "Betriebspegel Einlassbauwerk HWRB-Haselünne (binnen)", "stat_von": 37580, "Artgeo": "p" }, "geometry": { "type": "Point", "coordinates": [ 836160.194224991719238, 6920957.99776173196733 ] } },
{ "type": "Feature", "properties": { "Art": "SON", "bw_id": "HAS_SON_37585", "name": "Betriebspegel Einlassbauwerk HWRB - Haselünne (haseseitig)", "km": "37+585", "rwert": 399350.0, "hwert": 5835839, "bemerk": null, "beschreib": "Betriebspegel Einlassbauwerk HWRB (haseseitig)", "stat_von": 37585, "Artgeo": "p" }, "geometry": { "type": "Point", "coordinates": [ 836203.552977138198912, 6920930.842345984652638 ] } },
{ "type": "Feature", "properties": { "Art": "SON", "bw_id": "HAS_SON_37790", "name": "Campingplatz Holt", "km": "37+790", "rwert": 399426.0, "hwert": 5836058, "bemerk": null, "beschreib": "Familiencampingplatz Haselünne", "stat_von": 37790, "Artgeo": "p" }, "geometry": { "type": "Point", "coordinates": [ 836321.166113615268841, 6921294.678529055789113 ] } },
{ "type": "Feature", "properties": { "Art": "SON", "bw_id": "HAS_SON_38520", "name": "Lagerplatz Andrup (incl. Pflanzenkläranlage)", "km": "38+520", "rwert": 400173.0, "hwert": 5836282, "bemerk": null, "beschreib": "Lagerplatz Andrup links", "stat_von": 38520, "Artgeo": "p" }, "geometry": { "type": "Point", "coordinates": [ 837542.799596542376094, 6921689.535753180272877 ] } },
{ "type": "Feature", "properties": { "Art": "SON", "bw_id": "HAS_SON_3880", "name": "OW-Entn., Kirschner, Hase (A-004)", "km": "3+880", "rwert": 387027.0, "hwert": 5839032, "bemerk": "OW-Entn., Kirschner, Hase (A-004), erteilt am: 28.", "beschreib": "Wasserrecht", "stat_von": 3880, "Artgeo": "p" }, "geometry": { "type": "Point", "coordinates": [ 815806.629002365050837, 6925753.084680113941431 ] } },
{ "type": "Feature", "properties": { "Art": "SON", "bw_id": "HAS_SON_38920", "name": "Furt Andrup", "km": "38+920", "rwert": 400259.0, "hwert": 5836690, "bemerk": null, "beschreib": "Furt Andrup", "stat_von": 38920, "Artgeo": "p" }, "geometry": { "type": "Point", "coordinates": [ 837670.572248243493959, 6922365.53064454253763 ] } },
{ "type": "Feature", "properties": { "Art": "SON", "bw_id": "HAS_SON_39015", "name": "Überfahrt Lager Bach", "km": "39+015", "rwert": 400319.0, "hwert": 5836775, "bemerk": null, "beschreib": "Überfahrt Lager Bach (Überfahrt mit Bohlenbelag und Geländer). Der Bohlenbelag soll 2025 erneuert werden.", "stat_von": 39015, "Artgeo": "p" }, "geometry": { "type": "Point", "coordinates": [ 837766.452725176117383, 6922507.790948879905045 ] } },
{ "type": "Feature", "properties": { "Art": "SON", "bw_id": "HAS_SON_39250", "name": "Stillgelegte Sandentnahmestelle (See)", "km": "39+250", "rwert": 400410.0, "hwert": 5836890, "bemerk": null, "beschreib": "Stillgelegte Sandentnahmestelle (See)", "stat_von": 39250, "Artgeo": "p" }, "geometry": { "type": "Point", "coordinates": [ 837912.346197647741064, 6922700.594396405853331 ] } },
{ "type": "Feature", "properties": { "Art": "SON", "bw_id": "HAS_SON_3945", "name": "Badestelle", "km": "3+945", "rwert": 387061.0, "hwert": 5839034, "bemerk": null, "beschreib": "beliebte Bade-, Campingstelle an der Hase mit Sandbank", "stat_von": 3945, "Artgeo": "p" }, "geometry": { "type": "Point", "coordinates": [ 815862.52534986147657, 6925757.687474511563778 ] } },
{ "type": "Feature", "properties": { "Art": "SON", "bw_id": "HAS_SON_39490", "name": "Furt (Auslauf Flutmulde Andrup)", "km": "39+490", "rwert": 400529.0, "hwert": 5837126, "bemerk": null, "beschreib": "Furt Auslauf Flutmulde Andrup", "stat_von": 39490, "Artgeo": "p" }, "geometry": { "type": "Point", "coordinates": [ 838100.262642559944652, 6923093.984765799716115 ] } },
{ "type": "Feature", "properties": { "Art": "SON", "bw_id": "HAS_SON_39790", "name": "Furt (Einlauf Flutmulde Andrup)", "km": "39+790", "rwert": 400782.0, "hwert": 5837276, "bemerk": null, "beschreib": "Furt Einlauf Flutmulde Andrup", "stat_von": 39790, "Artgeo": "p" }, "geometry": { "type": "Point", "coordinates": [ 838511.638845229288563, 6923349.996191305108368 ] } },
{ "type": "Feature", "properties": { "Art": "SON", "bw_id": "HAS_SON_39835", "name": "Betriebsgebäude (Schafstall Andrup)", "km": "39+835", "rwert": 400865.0, "hwert": 5837257, "bemerk": "AIS ID 513 löschen??", "beschreib": "Schafstall Andrup links", "stat_von": 39835, "Artgeo": "p" }, "geometry": { "type": "Point", "coordinates": [ 838648.887288460275158, 6923321.435025406070054 ] } },
{ "type": "Feature", "properties": { "Art": "SON", "bw_id": "HAS_SON_39895", "name": "Absturzbauwerk Auslauf Altarm Wehlage", "km": "39+895", "rwert": 400840.0, "hwert": 5837357, "bemerk": null, "beschreib": "Absturzbauwerk Auslauf Altarm Wehlage", "stat_von": 39895, "Artgeo": "p" }, "geometry": { "type": "Point", "coordinates": [ 838604.388007873552851, 6923485.596744123846292 ] } },
{ "type": "Feature", "properties": { "Art": "SON", "bw_id": "HAS_SON_4385", "name": "OW-Entn., Kirschner, Hase (A-005)", "km": "4+385", "rwert": 386766.0, "hwert": 5838762, "bemerk": "OW-Entn., Kirschner, Hase (A-005), erteilt am: 28.", "beschreib": "Wasserrecht", "stat_von": 4385, "Artgeo": "p" }, "geometry": { "type": "Point", "coordinates": [ 815387.296149955363944, 6925297.499692077748477 ] } },
{ "type": "Feature", "properties": { "Art": "SON", "bw_id": "HAS_SON_44300", "name": "OW- Entnahme, Hase, Beregnung (E3), Beelmann", "km": "44+300", "rwert": 404297.0, "hwert": 5838358, "bemerk": "OW- Entnahme, Hase E I, Beregnung (56300 m³/a), er", "beschreib": "OW- Entnahme, Hase, Beregnung (E3), Beelmann", "stat_von": 44300, "Artgeo": "p" }, "geometry": { "type": "Point", "coordinates": [ 844262.167822008137591, 6925251.629095184616745 ] } },
{ "type": "Feature", "properties": { "Art": "SON", "bw_id": "HAS_SON_44895", "name": "OW- Entnahme, Hase, Beregnung (E 1), Duisen", "km": "44+895", "rwert": 404890.0, "hwert": 5838298, "bemerk": "??Flurstück prüfen, Tel. :", "beschreib": "OW-Entnahme E1 (5500 m³/a)", "stat_von": 44895, "Artgeo": "p" }, "geometry": { "type": "Point", "coordinates": [ 845240.387471561087295, 6925171.783041057176888 ] } },
{ "type": "Feature", "properties": { "Art": "SON", "bw_id": "HAS_SON_45140", "name": "Schutzhütte (privat) auf Böschungsoberkante", "km": "45+140", "rwert": 405132.0, "hwert": 5838269, "bemerk": null, "beschreib": "Schutzhütte (privat) auf Böschungsoberkante", "stat_von": 45140, "Artgeo": "p" }, "geometry": { "type": "Point", "coordinates": [ 845639.733088855748065, 6925131.713576829060912 ] } },
{ "type": "Feature", "properties": { "Art": "SON", "bw_id": "HAS_SON_45690", "name": "Pegel Herzlake (mit Böschungstreppe u. Schrägpegel)", "km": "45+690", "rwert": 405513.0, "hwert": 5837883, "bemerk": null, "beschreib": "Pegel Herzlake des NLWKN (Siehe auch Pegel-Online : https://www.pegelonline.nlwkn.niedersachsen.de/Karte )", "stat_von": 45690, "Artgeo": "p" }, "geometry": { "type": "Point", "coordinates": [ 846279.320516088744625, 6924506.904807170853019 ] } },
{ "type": "Feature", "properties": { "Art": "SON", "bw_id": "HAS_SON_45910", "name": "Bootsanleger Herzlake", "km": "45+910", "rwert": 405644.0, "hwert": 5837710, "bemerk": "Genehmigung vom 05.03.1993", "beschreib": "Bootsanleger Herzlake", "stat_von": 45910, "Artgeo": "p" }, "geometry": { "type": "Point", "coordinates": [ 846500.493073776480742, 6924225.601554398424923 ] } },
{ "type": "Feature", "properties": { "Art": "SON", "bw_id": "HAS_SON_46110", "name": "OW- Entnahme, Hase, A50 sonstige Beregnung oder Berieselung", "km": "46+110", "rwert": 405736.0, "hwert": 5837531, "bemerk": "?? Recht abgelaufen, OW-Entn., Gemeinde Herzlake,", "beschreib": "OW- Entnahme, Hase, A50 sonstige Beregnung oder Berieselung", "stat_von": 46110, "Artgeo": "p" }, "geometry": { "type": "Point", "coordinates": [ 846657.643401248031296, 6923933.155239904299378 ] } },
{ "type": "Feature", "properties": { "Art": "SON", "bw_id": "HAS_SON_48220", "name": "OW- Entnahme, Hase, Beregnung (E 8)", "km": "48+220", "rwert": 407640.0, "hwert": 5837837, "bemerk": "??Flurstück prüfen, OW-Entnahme E8 (5500 m³/a), er", "beschreib": "OW- Entnahme, Hase, Beregnung (E 8)", "stat_von": 48220, "Artgeo": "p" }, "geometry": { "type": "Point", "coordinates": [ 849782.288953409646638, 6924498.339600826613605 ] } },
{ "type": "Feature", "properties": { "Art": "SON", "bw_id": "HAS_SON_48425", "name": "Überfahrt (Nördlicher Hahnenmoorschloot)", "km": "48+425", "rwert": 407838.0, "hwert": 5837803, "bemerk": null, "beschreib": "Überfahrt (Nördlicher Hahnenmoorschloot)", "stat_von": 48425, "Artgeo": "p" }, "geometry": { "type": "Point", "coordinates": [ 850109.302726869820617, 6924448.420541185885668 ] } },
{ "type": "Feature", "properties": { "Art": "SON", "bw_id": "HAS_SON_4890", "name": "Schutzhütte Wekenborg", "km": "4+890", "rwert": 386788.0, "hwert": 5838400, "bemerk": "Vertrag??", "beschreib": "Schutzhütte beim Altarm Wekenborg mit Infotafel vom Landkreis", "stat_von": 4890, "Artgeo": "p" }, "geometry": { "type": "Point", "coordinates": [ 815437.369232600321993, 6924700.980279616080225 ] } },
{ "type": "Feature", "properties": { "Art": "SON", "bw_id": "HAS_SON_4895", "name": "Infotafel LK Emsland rechts (Wekenborg)", "km": "4+895", "rwert": 386792.0, "hwert": 5838396, "bemerk": "Vertrag??", "beschreib": "Infotafel vom Landkreis beim Altarm Wekenborg", "stat_von": 4895, "Artgeo": "p" }, "geometry": { "type": "Point", "coordinates": [ 815444.106488899327815, 6924694.533304364420474 ] } },
{ "type": "Feature", "properties": { "Art": "SON", "bw_id": "HAS_SON_48985", "name": "OW- Entnahme, Hase, Beregnung (E 9)", "km": "48+985", "rwert": 408378.0, "hwert": 5837875, "bemerk": "??Flurstück prüfen, ??Im Wasserrecht falscher Hoch", "beschreib": "OW- Entnahme, Hase, Beregnung (E 9)", "stat_von": 48985, "Artgeo": "p" }, "geometry": { "type": "Point", "coordinates": [ 850996.035976441344246, 6924584.061663278378546 ] } },
{ "type": "Feature", "properties": { "Art": "SON", "bw_id": "HAS_SON_49165", "name": "Schöpfwerk Graben Einhaus I", "km": "49+165", "rwert": 408509.0, "hwert": 5837998, "bemerk": null, "beschreib": "Schöpfwerk Graben Einhaus I", "stat_von": 49165, "Artgeo": "p" }, "geometry": { "type": "Point", "coordinates": [ 851207.890977897448465, 6924791.120854880660772 ] } },
{ "type": "Feature", "properties": { "Art": "SON", "bw_id": "HAS_SON_49300", "name": "Totholzeinbau Mündung Hahnenmoorkanal", "km": "49+300", "rwert": 408597.0, "hwert": 5838096, "bemerk": null, "beschreib": "Totholzeinbau Mündung Hahnenmoorkanal", "stat_von": 49300, "Artgeo": "p" }, "geometry": { "type": "Point", "coordinates": [ 851349.73675638041459, 6924955.587435709312558 ] } },
{ "type": "Feature", "properties": { "Art": "SON", "bw_id": "HAS_SON_49435", "name": "OW- Entnahme, Hase, Beregnung (E 12)", "km": "49+435", "rwert": 408672.0, "hwert": 5838213, "bemerk": "OW-Entnahme E12 (4725 m³/a), erteilt am 20.02.2012", "beschreib": "OW- Entnahme, Hase, Beregnung (E 12)", "stat_von": 49435, "Artgeo": "p" }, "geometry": { "type": "Point", "coordinates": [ 851469.59873373247683, 6925151.011026916094124 ] } },
{ "type": "Feature", "properties": { "Art": "SON", "bw_id": "HAS_SON_49710", "name": "OW- Entnahme, Hase, Beregnung (E 11)", "km": "49+710", "rwert": 408633.0, "hwert": 5838483, "bemerk": "OW-Entnahme E11 (4725 m³/a), erteilt am 20.02.2012", "beschreib": "OW- Entnahme, Hase, Beregnung (E 11)", "stat_von": 49710, "Artgeo": "p" }, "geometry": { "type": "Point", "coordinates": [ 851397.047363954014145, 6925595.437959262169898 ] } },
{ "type": "Feature", "properties": { "Art": "SON", "bw_id": "HAS_SON_50235", "name": "OW- Entnahme, Hase, Beregnung (E 10)", "km": "50+235", "rwert": 408521.0, "hwert": 5837916, "bemerk": "??Flurstück prüfen, OW-Entnahme E10 (4725 m³/a), e", "beschreib": "OW- Entnahme, Hase, Beregnung (E 10)", "stat_von": 50235, "Artgeo": "p" }, "geometry": { "type": "Point", "coordinates": [ 851230.182878893101588, 6924656.163036997430027 ] } },
{ "type": "Feature", "properties": { "Art": "SON", "bw_id": "HAS_SON_50495", "name": "OW- Entnahme, Hase, Beregnung (E 13)", "km": "50+495", "rwert": 408630.0, "hwert": 5839222, "bemerk": "OW-Entnahme E13 (4725 m³/a), erteilt am 20.02.2012", "beschreib": "OW- Entnahme, Hase, Beregnung (E 13)", "stat_von": 50495, "Artgeo": "p" }, "geometry": { "type": "Point", "coordinates": [ 851369.266837826929986, 6926815.189129769802094 ] } },
{ "type": "Feature", "properties": { "Art": "SON", "bw_id": "HAS_SON_50640", "name": "OW- Entnahme, Hase, Beregnung (A-001)", "km": "50+640", "rwert": 408663.0, "hwert": 5839360, "bemerk": null, "beschreib": "OW- Entnahme, Hase, Beregnung (A-001)", "stat_von": 50640, "Artgeo": "p" }, "geometry": { "type": "Point", "coordinates": [ 851419.343724540434778, 6927044.024382275529206 ] } },
{ "type": "Feature", "properties": { "Art": "SON", "bw_id": "HAS_SON_51220", "name": "Bootsrampe (Pflaster)  (Slipanlage)", "km": "51+220", "rwert": 409161.0, "hwert": 5839610, "bemerk": null, "beschreib": "Bootsrampe (Böschungspflaster)", "stat_von": 51220, "Artgeo": "p" }, "geometry": { "type": "Point", "coordinates": [ 852231.749476690543815, 6927472.133941586129367 ] } },
{ "type": "Feature", "properties": { "Art": "SON", "bw_id": "HAS_SON_51350", "name": "Schöpfwerk Westrumer Poldergraben", "km": "51+350", "rwert": 409265.0, "hwert": 5839703, "bemerk": null, "beschreib": "Schöpfwerk Westrumer Poldergraben", "stat_von": 51350, "Artgeo": "p" }, "geometry": { "type": "Point", "coordinates": [ 852400.166938609443605, 6927628.875447450205684 ] } },
{ "type": "Feature", "properties": { "Art": "SON", "bw_id": "HAS_SON_52450", "name": "Pegel Westrum", "km": "52+450", "rwert": 410140.0, "hwert": 5840042, "bemerk": null, "beschreib": "Pegel Westrum", "stat_von": 52450, "Artgeo": "p" }, "geometry": { "type": "Point", "coordinates": [ 853830.891270181280561, 6928215.382767174392939 ] } },
{ "type": "Feature", "properties": { "Art": "SON", "bw_id": "HAS_SON_6975", "name": "Infoschild LK Emsland", "km": "6+975", "rwert": 388310.0, "hwert": 5838809, "bemerk": null, "beschreib": "Infotafel vom Landkreis", "stat_von": 6975, "Artgeo": "p" }, "geometry": { "type": "Point", "coordinates": [ 817927.21655971778091, 6925433.92789966147393 ] } },
{ "type": "Feature", "properties": { "Art": "SON", "bw_id": "HAS_SON_7825", "name": "Pegel Bokeloh", "km": "7+825", "rwert": 388319.0, "hwert": 5839536, "bemerk": null, "beschreib": "Pegel Bokeloh des NLWKN (Siehe auch Pegel-Online : https://www.pegelonline.nlwkn.niedersachsen.de/Karte )", "stat_von": 7825, "Artgeo": "p" }, "geometry": { "type": "Point", "coordinates": [ 817914.569635299034417, 6926634.11415030900389 ] } },
{ "type": "Feature", "properties": { "Art": "SON", "bw_id": "HAS_SON_7930", "name": "Infoschild Brücke Bokeloh (Nabu)", "km": "7+930", "rwert": 388285.0, "hwert": 5839659, "bemerk": null, "beschreib": "Infotafel beim Parkplatz Giese an der  Brücke Bokeloh (Nabu)", "stat_von": 7930, "Artgeo": "p" }, "geometry": { "type": "Point", "coordinates": [ 817853.941397365299053, 6926835.843679633922875 ] } },
{ "type": "Feature", "properties": { "Art": "SON", "bw_id": "HAS_SON_7970", "name": "Bootsanleger Bokeloh", "km": "7+970", "rwert": 388348.0, "hwert": 5839677, "bemerk": "Genehmigung vom 14.02.1993", "beschreib": "Bootsanleger an der Brücke Bokeloh gegenüber von der Kirche", "stat_von": 7970, "Artgeo": "p" }, "geometry": { "type": "Point", "coordinates": [ 817956.990591148962267, 6926867.940427511930466 ] } },
{ "type": "Feature", "properties": { "Art": "SON", "bw_id": "HAS_SON_9145", "name": "Infotafel Landkreis Emsland (Froschkraut)", "km": "9+145", "rwert": 389355.0, "hwert": 5839877, "bemerk": null, "beschreib": "Infotafel Landkreis Emsland (Froschkraut)", "stat_von": 9145, "Artgeo": "p" }, "geometry": { "type": "Point", "coordinates": [ 819607.539938052766956, 6927236.029287557117641 ] } },
{ "type": "Feature", "properties": { "Art": "SON", "bw_id": "HAS_SON_9180", "name": "Stauung, Wehr Bokeloh, Hase km 9.18", "km": "9+180", "rwert": 389376.0, "hwert": 5839840, "bemerk": "??endet 2022, Stauung, Wehr Bokeloh, Hase km 9.18,", "beschreib": "Wasserrecht", "stat_von": 9180, "Artgeo": "p" }, "geometry": { "type": "Point", "coordinates": [ 819643.503298164810985, 6927175.743020083755255 ] } },
{ "type": "Feature", "properties": { "Art": "SON", "bw_id": "HAS_SON_9325", "name": "Schöpfwerk Kamphausgraben", "km": "9+325", "rwert": 389491.0, "hwert": 5839662, "bemerk": null, "beschreib": "Schöpfwerk Kamphausgraben", "stat_von": 9325, "Artgeo": "p" }, "geometry": { "type": "Point", "coordinates": [ 819839.515386999468319, 6926886.244889720343053 ] } },
{ "type": "Feature", "properties": { "Art": "SON", "bw_id": "HAS_SON_9330", "name": "Überfahrt Kamphausgraben", "km": "9+330", "rwert": 389510.0, "hwert": 5839755, "bemerk": null, "beschreib": "Überfahrt Kamphausgraben links", "stat_von": 9330, "Artgeo": "p" }, "geometry": { "type": "Point", "coordinates": [ 819867.322548326803371, 6927040.463787316344678 ] } },
{ "type": "Feature", "properties": { "Art": "WEH", "bw_id": "HAS_WEH_34590", "name": "Auslassbauwerk HWRB - Haselünne", "km": "34+590", "rwert": 398275.0, "hwert": 5836389, "bemerk": "Bauwerk sollte in AIS als BG aufgenommen werdenL; Schild für Gewichtsbeschränkung (20t) fehlt, Max. Stauhöhe Polder = 17,73", "beschreib": "Auslassbauwerk (2018 neu errichtet) Die Brückenplatte ist für einspurigen Verkehr als Einfeldbrücke bemessen worden, sodass ein Unterhaltungsfahrzeug mit bis zu 20 to Eigengewicht diese überqueren kann.", "stat_von": 34590, "Artgeo": "p" }, "geometry": { "type": "Point", "coordinates": [ 834415.846070925355889, 6921801.279933867044747 ] } },
{ "type": "Feature", "properties": { "Art": "WEH", "bw_id": "HAS_WEH_37580", "name": "Einlassbauwerk HWRB-Haselünne", "km": "37+580", "rwert": 399332.0, "hwert": 5835841, "bemerk": "Einlassbauwerk HWRB Hasselünne. Hier noch genauere Angaben machen. In AIS aufnehmen ???, KTR ???, max. Stauhöhe im Polder = 17,73 m NN", "beschreib": "Einlassbauwerk Hochwasserrückhaltebecken Haselünne. Die Füllung erfolgt über den Franzosengraben.  (Vorwarnung ab 330 cm WS am Pegel Haselünne, Füllung ab 360 cm WS)", "stat_von": 37580, "Artgeo": "p" }, "geometry": { "type": "Point", "coordinates": [ 836173.8675194819225, 6920933.52795691601932 ] } },
{ "type": "Feature", "properties": { "Art": "SON", "bw_id": "HAS_SON_45575", "name": "Böschungstreppe (Hasetal-Touristik)", "km": "45+575", "rwert": 405483.0, "hwert": 5838005, "bemerk": "!!Bilder nach Fertigstellung ergänzen; !! Vertrag", "beschreib": "Böschungstreppe (Hasetal-Touristik)", "stat_von": 45575, "Artgeo": "p" }, "geometry": { "type": "Point", "coordinates": [ 846226.035499728168361, 6924707.28175101429224 ] } },
{ "type": "Feature", "properties": { "Art": "QUE", "bw_id": "HAS_QUE_33280", "name": "Dükerung Trinkwasserleitung", "km": "33+280", "rwert": 397313.0, "hwert": 5836542, "bemerk": "wurde in 2023 durch HLB neu errichtet, da die alte Leitung aus 2008 uh der Brücke bei den Neubauarbeiten zur Brücke beschädigt wurde", "beschreib": "Trinkwasserleitung PE 100 OD 225 x 13,4 mm", "stat_von": 33280, "Artgeo": "p" }, "geometry": { "type": "Point", "coordinates": [ 832827.498330408707261, 6922020.384658333845437 ] } },
{ "type": "Feature", "properties": { "Art": "SON", "bw_id": "HAS_SON_22600", "name": "Bootslipanlage mit mobilem Bootssteg", "km": "22+600", "rwert": 394122.0, "hwert": 5835507, "bemerk": "Fotos, Akz, Vertrag nacharbeiten.", "beschreib": "Bootslipanlage mit mobilem Bootssteg.", "stat_von": 22600, "Artgeo": "p" }, "geometry": { "type": "Point", "coordinates": [ 827613.442453785566613, 6920200.504562345333397 ] } },
{ "type": "Feature", "properties": { "Art": "SON", "bw_id": "HAS_SON_33710", "name": "Infotafel Hasebrücke Haselünne", "km": "33+710", "rwert": 397666.0, "hwert": 5836795, "bemerk": null, "beschreib": "Infotafel Hasebrücke Haselünne", "stat_von": 33710, "Artgeo": "p" }, "geometry": { "type": "Point", "coordinates": [ 833399.654789247782901, 6922450.024075958877802 ] } },
{ "type": "Feature", "properties": { "Art": "EIN", "bw_id": "HAS_EIN_33755", "name": "Rohreinlauf mit Böschungsmauer", "km": "33+755", "rwert": 397726.0, "hwert": 5836750, "bemerk": "Graben Nr. 83?? vorher mit Rückstauklappe??", "beschreib": "Rohreinlauf mit Böschungsmauer", "stat_von": 33755, "Artgeo": "p" }, "geometry": { "type": "Point", "coordinates": [ 833499.952167027862743, 6922377.863045813515782 ] } },
{ "type": "Feature", "properties": { "Art": "SON", "bw_id": "HAS_SON_33280", "name": "Böschungstreppe uh Brücke Piusweg", "km": "33+280", "rwert": 397299.0, "hwert": 5836563, "bemerk": null, "beschreib": "Böschungstreppe uh Brücke Piusweg", "stat_von": 33280, "Artgeo": "p" }, "geometry": { "type": "Point", "coordinates": [ 832803.731146449106745, 6922054.541407321579754 ] } },
{ "type": "Feature", "properties": { "Art": "EIN", "bw_id": "HAS_EIN_33130", "name": "Rohreinlauf mit Überfahrt", "km": "33+130", "rwert": 397199.0, "hwert": 5836443, "bemerk": null, "beschreib": "Rohreinlauf mit Überfahrt (Einmündung Regenwasserkanalisation)", "stat_von": 33130, "Artgeo": "p" }, "geometry": { "type": "Point", "coordinates": [ 832643.336272665066645, 6921853.100294490344822 ] } },
{ "type": "Feature", "properties": { "Art": "EIN", "bw_id": "HAS_EIN_45740", "name": "Rohreinlauf mit Rückstauklappe uh Brücke L55", "km": "45+740", "rwert": 405566.0, "hwert": 5837861, "bemerk": null, "beschreib": "Rohreinlauf mit Rückstauklappe uh Brücke L55", "stat_von": 45740, "Artgeo": "p" }, "geometry": { "type": "Point", "coordinates": [ 846367.272194458637387, 6924472.295291568152606 ] } },
{ "type": "Feature", "properties": { "Art": "EIN", "bw_id": "HAS_EIN_45750", "name": "Rohreinlauf mit Rückstauklappe (BÖK) uh Brücke L55", "km": "45+750", "rwert": 405545.0, "hwert": 5837836, "bemerk": null, "beschreib": "Rohreinlauf mit Rückstauklappe (BÖK) uh Brücke L55", "stat_von": 45750, "Artgeo": "p" }, "geometry": { "type": "Point", "coordinates": [ 846333.500212169252336, 6924430.366123765707016 ] } },
{ "type": "Feature", "properties": { "Art": "EIN", "bw_id": "HAS_EIN_45850", "name": "Rohreinlauf mit Rückstauklappe (DRK-Haus)", "km": "45+850", "rwert": 405592.0, "hwert": 5837750, "bemerk": null, "beschreib": "Rohreinlauf mit Rückstauklappe (DRK-Haus)", "stat_von": 45850, "Artgeo": "p" }, "geometry": { "type": "Point", "coordinates": [ 846413.616340558743104, 6924289.947892174124718 ] } },
{ "type": "Feature", "properties": { "Art": "EIN", "bw_id": "HAS_EIN_45950", "name": "Rohreinlauf (PVC)", "km": "45+950", "rwert": 405636.0, "hwert": 5837658, "bemerk": null, "beschreib": "Rohreinlauf (PVC)", "stat_von": 45950, "Artgeo": "p" }, "geometry": { "type": "Point", "coordinates": [ 846488.982627409510314, 6924139.534029014408588 ] } },
{ "type": "Feature", "properties": { "Art": "EIN", "bw_id": "HAS_EIN_46100", "name": "Rohreinlauf mit Rückstauklappe (bei OW-Entnahmestele)", "km": "46+100", "rwert": 405743.0, "hwert": 5837548, "bemerk": null, "beschreib": "Rohreinlauf mit Rückstauklappe (bei OW-Entnahmestele)", "stat_von": 46100, "Artgeo": "p" }, "geometry": { "type": "Point", "coordinates": [ 846668.624438159167767, 6923961.431858510710299 ] } },
{ "type": "Feature", "properties": { "Art": "EIN", "bw_id": "HAS_EIN_45805", "name": "Rohreinlauf", "km": "45+805", "rwert": 405602.0, "hwert": 5837807, "bemerk": null, "beschreib": "Rohreinlauf", "stat_von": 45805, "Artgeo": "p" }, "geometry": { "type": "Point", "coordinates": [ 846428.258981326827779, 6924384.332432850264013 ] } },
{ "type": "Feature", "properties": { "Art": "SON", "bw_id": "HAS_SON_22105", "name": "Überfahrt", "km": "22+105", "rwert": 393068.0, "hwert": 5836674, "bemerk": null, "beschreib": "Überfahrt", "stat_von": 22105, "Artgeo": "p" }, "geometry": { "type": "Point", "coordinates": [ 825837.262117547099479, 6922087.469269764609635 ] } },
{ "type": "Feature", "properties": { "Art": "SON", "bw_id": "HAS_SON_22750", "name": "Überfahrt", "km": "22+750", "rwert": 393597.0, "hwert": 5836518, "bemerk": null, "beschreib": "Überfahrt", "stat_von": 22750, "Artgeo": "p" }, "geometry": { "type": "Point", "coordinates": [ 826713.383806066936813, 6921849.234553828835487 ] } },
{ "type": "Feature", "properties": { "Art": "EIN", "bw_id": "HAS_EIN_22750", "name": "Grabeneinlauf mit Überfahrt (Hammer Bach??)", "km": "22+750", "rwert": 393597.0, "hwert": 5836518, "bemerk": "prüfen", "beschreib": "Grabeneinlauf mit Überfahrt (Hammer Bach??)", "stat_von": 22750, "Artgeo": "p" }, "geometry": { "type": "Point", "coordinates": [ 826713.383806066936813, 6921849.234553828835487 ] } },
{ "type": "Feature", "properties": { "Art": "SON", "bw_id": "HAS_SON_2500", "name": "Betriebsstelle Meppen", "km": "2+500", "rwert": 385647.0, "hwert": 5840495, "bemerk": null, "beschreib": "NLWKN Betriebsstelle Meppen", "stat_von": 2500, "Artgeo": "p" }, "geometry": { "type": "Point", "coordinates": [ 813478.210598710691556, 6928114.660073656588793 ] } },
{ "type": "Feature", "properties": { "Art": "SON", "bw_id": "HAS_SON_18360", "name": "Infotafel LK Emsland", "km": "18+360", "rwert": 391819.0, "hwert": 5838792, "bemerk": null, "beschreib": "Infotafel LK Emsland", "stat_von": 18360, "Artgeo": "p" }, "geometry": { "type": "Point", "coordinates": [ 823704.502018332947046, 6925536.655499105341733 ] } },
{ "type": "Feature", "properties": { "Art": "SON", "bw_id": "HAS_SON_19365", "name": "Infotafel LK Emsland", "km": "19+365", "rwert": 392050.0, "hwert": 5838217, "bemerk": null, "beschreib": "Infotafel LK Emsland", "stat_von": 19365, "Artgeo": "p" }, "geometry": { "type": "Point", "coordinates": [ 824105.779990353737958, 6924596.222186652943492 ] } },
{ "type": "Feature", "properties": { "Art": "SON", "bw_id": "HAS_SON_20485", "name": "Infotafel Landkreis Emsland", "km": "20+485", "rwert": 392278.0, "hwert": 5837984, "bemerk": null, "beschreib": "Infotafel Landkreis Emsland", "stat_von": 20485, "Artgeo": "p" }, "geometry": { "type": "Point", "coordinates": [ 824489.572294996469282, 6924220.076569688506424 ] } },
{ "type": "Feature", "properties": { "Art": "QUE", "bw_id": "HAS_QUE_2035", "name": "Dükerung Abwasserleitung", "km": "2+035", "rwert": 386050.0, "hwert": 5838931, "bemerk": "Nr. 1/9 ; Prüfen ob Bauwerk noch vorhanden", "beschreib": "Dükerung", "stat_von": 2035, "Artgeo": "p" }, "geometry": { "type": "Point", "coordinates": [ 814202.138136501773261, 6925548.820607917383313 ] } },
{ "type": "Feature", "properties": { "Art": "SON", "bw_id": "HAS_SON_45895", "name": "Slipanlage Herzlake", "km": "45+895", "rwert": 405642.0, "hwert": 5837724, "bemerk": null, "beschreib": "Slipanlage Herzlake", "stat_von": 45895, "Artgeo": "p" }, "geometry": { "type": "Point", "coordinates": [ 846496.754180797608569, 6924248.640907128341496 ] } },
{ "type": "Feature", "properties": { "Art": "EIN", "bw_id": "HAS_EIN_51345", "name": "Rohreinlauf mit Rückstauklappe", "km": "51+345", "rwert": 409255.0, "hwert": 5839705, "bemerk": null, "beschreib": "Rohreinlauf mit Rückstauklappe", "stat_von": 51345, "Artgeo": "p" }, "geometry": { "type": "Point", "coordinates": [ 852383.6366198125761, 6927631.869528193958104 ] } },
{ "type": "Feature", "properties": { "Art": "QUE", "bw_id": "HAS_QUE_21340", "name": "Dükerung Gas- und Fernmeldeleitung", "km": "21+340", "rwert": 392850.0, "hwert": 5837380, "bemerk": "Vertrag??", "beschreib": "Dükerung", "stat_von": 21340, "Artgeo": "p" }, "geometry": { "type": "Point", "coordinates": [ 825452.966139713767916, 6923244.306426962837577 ] } },
{ "type": "Feature", "properties": { "Art": "SON", "bw_id": "HAS_SON_12830", "name": "Furt in naturnaher Bauweise", "km": "12+830", "rwert": 389585.0, "hwert": 5838546, "bemerk": "FGE Akz.: 62615-22-041", "beschreib": "Furt in naturnaher Bauweise in Kombination mit  ökologischer Aufwertung des Mündungsbereiches. Umgesetzt in 2022 mit FGE-Fördermitteln (ca. 68.000 €). Die Sohllage der Furt liegt zwischen 11,74 und 11,78 m NN.", "stat_von": 12830, "Artgeo": "P" }, "geometry": { "type": "Point", "coordinates": [ 820035.967047075042501, 6925047.910708919167519 ] } },
{ "type": "Feature", "properties": { "Art": "SON", "bw_id": "HAS_SON_2670", "name": "Biotop (Nr. : 24.12/01, Spiek)", "km": "2+670", "rwert": 386053.0, "hwert": 5839559, "bemerk": "Biotop auf landeseigener Fläche", "beschreib": "Biotop (§ 30;  Spiek) auf landeseigener Fläche (Typ: NRW,NSR)", "stat_von": 2670, "Artgeo": "p" }, "geometry": { "type": "Point", "coordinates": [ 814182.872234797105193, 6926585.378281144425273 ] } },
{ "type": "Feature", "properties": { "Art": "SON", "bw_id": "HAS_SON_2820", "name": "Biotop (Nr.: 24.12/10, Hase-Altwasser Bokeloher Straße)", "km": "2+820", "rwert": 386216.0, "hwert": 5839635, "bemerk": null, "beschreib": "Biotop (§ 30; Hase-Altwasser Bokeloher Straße; Typ: SEF)", "stat_von": 2820, "Artgeo": "p" }, "geometry": { "type": "Point", "coordinates": [ 814448.312571809161454, 6926717.111289979889989 ] } },
{ "type": "Feature", "properties": { "Art": "SON", "bw_id": "HAS_SON_2850", "name": "Biotop (Nr.: 24.12/10, Hase-Altwasser Bokeloher Straße)", "km": "2+850", "rwert": 386302.0, "hwert": 5839654, "bemerk": null, "beschreib": "Biotop (§ 30; Hase-Altwasser Bokeloher Straße; Typ: SEF)", "stat_von": 2850, "Artgeo": "p" }, "geometry": { "type": "Point", "coordinates": [ 814589.175967412884347, 6926751.78878275025636 ] } },
{ "type": "Feature", "properties": { "Art": "SON", "bw_id": "HAS_SON_3800", "name": "Biotop (Nr.: 24.12/13; Binsenwiese Wekenborgshof)", "km": "3+800", "rwert": 386939.0, "hwert": 5839185, "bemerk": null, "beschreib": "Biotop (§ 30; Binsenwiese Wekenborgshof; Typ: GMF,NS)", "stat_von": 3800, "Artgeo": "p" }, "geometry": { "type": "Point", "coordinates": [ 815655.907726502045989, 6926002.21728353202343 ] } },
{ "type": "Feature", "properties": { "Art": "SON", "bw_id": "HAS_SON_3950", "name": "Biotop (Nr. 24.13/05 ; Wekenborgshof)", "km": "3+950", "rwert": 387240.0, "hwert": 5839087, "bemerk": null, "beschreib": "Biotop (§ 30; Wekenborgshof; Typ: GMS,NS)", "stat_von": 3950, "Artgeo": "p" }, "geometry": { "type": "Point", "coordinates": [ 816155.184589201817289, 6925852.004730191081762 ] } },
{ "type": "Feature", "properties": { "Art": "SON", "bw_id": "HAS_SON_4150", "name": "Biotop (Nr. : 24.12/03, Bröke)", "km": "4+150", "rwert": 386991.0, "hwert": 5838844, "bemerk": null, "beschreib": "Biotop (§ 30; Bröke; Typ: GNF,SE)", "stat_von": 4150, "Artgeo": "p" }, "geometry": { "type": "Point", "coordinates": [ 815754.548985767643899, 6925441.449003710411489 ] } },
{ "type": "Feature", "properties": { "Art": "SON", "bw_id": "HAS_SON_4260", "name": "Biotop (Nr.: 24.12/14; Haseschleife Wekenborg)", "km": "4+260", "rwert": 386895.0, "hwert": 5838796, "bemerk": null, "beschreib": "Biotop (§ 30;  Haseschleife Wekenborg, Typ: GMA)", "stat_von": 4260, "Artgeo": "p" }, "geometry": { "type": "Point", "coordinates": [ 815598.350555403274484, 6925358.557064319960773 ] } },
{ "type": "Feature", "properties": { "Art": "SON", "bw_id": "HAS_SON_4650", "name": "Biotop (Nr.: 24.12/14; Haseschleife Wekenborg)", "km": "4+650", "rwert": 386792.0, "hwert": 5838601, "bemerk": null, "beschreib": "Biotop (§ 30; Haseschleife Wekenborg; GMA)", "stat_von": 4650, "Artgeo": "p" }, "geometry": { "type": "Point", "coordinates": [ 815436.259601043071598, 6925032.813773988746107 ] } },
{ "type": "Feature", "properties": { "Art": "SON", "bw_id": "HAS_SON_6580", "name": "Biotop (Nr.: 24.13/09; Auengewässer)", "km": "6+580", "rwert": 387887.0, "hwert": 5838892, "bemerk": null, "beschreib": "Biotop (§ 30 ; Auengewässer; SEN)", "stat_von": 6580, "Artgeo": "p" }, "geometry": { "type": "Point", "coordinates": [ 817227.72571497480385, 6925554.854820193722844 ] } },
{ "type": "Feature", "properties": { "Art": "SON", "bw_id": "HAS_SON_7000", "name": "Biotop (Nr.:  24.13/08; Heide im Haseknie)", "km": "7+000", "rwert": 388306.0, "hwert": 5838871, "bemerk": null, "beschreib": "Biotop (§ 3ß; Heide im Haseknie; HC,RS)", "stat_von": 7000, "Artgeo": "p" }, "geometry": { "type": "Point", "coordinates": [ 817918.28978998796083, 6925536.094676541164517 ] } },
{ "type": "Feature", "properties": { "Art": "SON", "bw_id": "HAS_SON_7405", "name": "Biotop (Nr.: 24.13/08, Heide im Haseknie)", "km": "7+405", "rwert": 388206.0, "hwert": 5839114, "bemerk": null, "beschreib": "Biotop (§ 30; Heide im Haseknie, HC,RS)", "stat_von": 7405, "Artgeo": "p" }, "geometry": { "type": "Point", "coordinates": [ 817744.479227985953912, 6925933.339724040590227 ] } },
{ "type": "Feature", "properties": { "Art": "SON", "bw_id": "HAS_SON_37100", "name": "Bockweide (im HWRB)", "km": "37+100", "rwert": 398919.0, "hwert": 5835633, "bemerk": null, "beschreib": "Bockweide im HWRB - Haselünne. Verpachtet zur Schafbeweidung an Anton Tietze", "stat_von": 37100, "Artgeo": "p" }, "geometry": { "type": "Point", "coordinates": [ 835501.412126336828806, 6920576.338232593610883 ] } },
{ "type": "Feature", "properties": { "Art": "EIN", "bw_id": "HAS_EIN_33690", "name": "Rohreinlauf Oberflächenentwässerung", "km": "33+690", "rwert": 397650.0, "hwert": 5836765, "bemerk": null, "beschreib": "Rohreinlauf E3 Stadt Haselünne südl. Hasestraßee  (Oberflächenentwässerung, Einleitungsmenge: 1.826,9 l/s)", "stat_von": 33690, "Artgeo": "p" }, "geometry": { "type": "Point", "coordinates": [ 833374.360874774400145, 6922399.976071796379983 ] } },
{ "type": "Feature", "properties": { "Art": "EIN", "bw_id": "HAS_EIN_33020", "name": "Rohreinlauf Oberflächenentwässerung (Freibad, Schwimmbad Haselünne)", "km": "33+020", "rwert": 397163.0, "hwert": 5836336, "bemerk": null, "beschreib": "Rohreinlauf E5, Freibad Stadt Haselünne (Einleitungsmenge: 13,8 l/s), Einleitung von Abwasser aus dem Schwimmbad Haselünne. Die Einleitungstelle befindet sich unterhalb des Wasserspiegels??.", "stat_von": 33020, "Artgeo": "p" }, "geometry": { "type": "Point", "coordinates": [ 832587.812270461581647, 6921675.335425448603928 ] } },
{ "type": "Feature", "properties": { "Art": "SON", "bw_id": "HAS_SON_24530", "name": "Zeltplatz Altarm Blanke", "km": "24+530", "rwert": 393955.0, "hwert": 5835588, "bemerk": null, "beschreib": "Zeltplatz Altarm Blanke", "stat_von": 24530, "Artgeo": "p" }, "geometry": { "type": "Point", "coordinates": [ 827335.793190978933126, 6920328.108462892472744 ] } },
{ "type": "Feature", "properties": { "Art": "QUE", "bw_id": "HAS_QUE_45210", "name": "Dükerung Abwasserdruckrohrleitung", "km": "45+210", "rwert": 405196.0, "hwert": 5838222, "bemerk": "??Vertrag ist noch abzuschließen??", "beschreib": "Dükerung Abwasserdruckrohrleitung (AW-Druckrohrleitung PE100-RC OD225 x13,4mm)", "stat_von": 45210, "Artgeo": "P" }, "geometry": { "type": "Point", "coordinates": [ 845746.605388888739981, 6925056.201986108906567 ] } },
{ "type": "Feature", "properties": { "Art": "QUE", "bw_id": "HAS_QUE_21940", "name": "Dükerung Breitband Muenet", "km": "21+940", "rwert": 393109.0, "hwert": 5836841, "bemerk": "Vertrag ist noch abzuschließen", "beschreib": "Breitbandausbau Landkreis Emsland, Dükerung Breitbandleitung HDD (Fa. Muenet)", "stat_von": 21940, "Artgeo": "p" }, "geometry": { "type": "Point", "coordinates": [ 825898.700303240679204, 6922364.451483126729727 ] } },
{ "type": "Feature", "properties": { "Art": "SON", "bw_id": "HAS_SON_22030", "name": "Infoschild Strukturverbessernde Maßnahmen Hudenerfähr", "km": "22+030", "rwert": 393041.0, "hwert": 5836781, "bemerk": null, "beschreib": "Infoschild Strukturverbessernde Maßnahmen Hudenerfähr", "stat_von": 22030, "Artgeo": "p" }, "geometry": { "type": "Point", "coordinates": [ 825788.965150035917759, 6922263.006697759963572 ] } },
{ "type": "Feature", "properties": { "Art": "QUE", "bw_id": "HAS_QUE_25035", "name": "Dükerung Mittelspannungskabel Westnetz", "km": "25+035", "rwert": 394348.0, "hwert": 5835027, "bemerk": "Vertrag abschließen, Dükerschild kontrollieren", "beschreib": "Kreuzung der Hase (Gewässer I. Ordnung) mit einem Mittelspannungskabel in  einem Schutzrohr DN 295 mm", "stat_von": 25035, "Artgeo": "p" }, "geometry": { "type": "Point", "coordinates": [ 828002.378922563046217, 6919416.974063058383763 ] } },
{ "type": "Feature", "properties": { "Art": "EIN", "bw_id": "HAS_EIN_10165", "name": "Grabeneinmündung links (mit Rückstauklappe)", "km": "10+165", "rwert": 389850.0, "hwert": 5840330, "bemerk": null, "beschreib": "Grabeneinmündung links (mit Rückstauklappe)", "stat_von": 10165, "Artgeo": "p" }, "geometry": { "type": "Point", "coordinates": [ 820405.717455600854009, 6928002.356303738430142 ] } },
{ "type": "Feature", "properties": { "Art": "BRU", "bw_id": "HRK_BRU_1105", "name": "Klappbrücke „Holterhuis-Brücke“", "km": "1+105", "rwert": 380878.0, "hwert": 5850486, "bemerk": null, "beschreib": "Klappbrücke im Zuge der Landesstraße L 48", "stat_von": 1105, "Artgeo": "p" }, "geometry": { "type": "Point", "coordinates": [ 805221.356353588518687, 6944434.739891962148249 ] } },
{ "type": "Feature", "properties": { "Art": "BRU", "bw_id": "HRK_BRU_11160", "name": "Klappbrücke (Hinterm-Busch-Brücke)", "km": "11+160", "rwert": 373300.0, "hwert": 5856063, "bemerk": "Lichte Höhe (5,80m) ist zu prüfen (FOK bis UK Waagbalken)_x000d_\nSanierung (Rückziehung Widerlager) ergänzen", "beschreib": "Klappbrücke im Zuge der Kreisstraße K 202.Die Brücke wurde als Dreifeldbrücke mit zwei seitlich angeordneten festen Stahlbetonüberbauten ausgebildet. Eine Waagebalkenklappenkonstruktion in Stahlbauweise überbrückt den mittleren Brückenteil.", "stat_von": 11160, "Artgeo": "p" }, "geometry": { "type": "Point", "coordinates": [ 792477.485113667906262, 6953346.169638223946095 ] } },
{ "type": "Feature", "properties": { "Art": "BRU", "bw_id": "HRK_BRU_12065", "name": "Drehbrücke Billerei", "km": "12+065", "rwert": 372493.0, "hwert": 5856477, "bemerk": null, "beschreib": "Drehbrücke im Zuge der Gemeindestraße „Billerei“", "stat_von": 12065, "Artgeo": "p" }, "geometry": { "type": "Point", "coordinates": [ 791126.528504835674539, 6953996.605944727547467 ] } },
{ "type": "Feature", "properties": { "Art": "BRU", "bw_id": "HRK_BRU_13430", "name": "Schleusendrehbrücke Schleuse IV (Grenzschleuse)", "km": "13+430", "rwert": 371282.0, "hwert": 5857102, "bemerk": null, "beschreib": "Über dem Oberhaupt der Schleuse IV befindet sich diese Drehbrücke und liegt im Zuge einer Gemeindestraße „Barenfleer“", "stat_von": 13430, "Artgeo": "p" }, "geometry": { "type": "Point", "coordinates": [ 789098.685915764188394, 6954978.526018233969808 ] } },
{ "type": "Feature", "properties": { "Art": "BRU", "bw_id": "HRK_BRU_1795", "name": "Drehbrücke „Reinersbrücke“", "km": "1+795", "rwert": 380376.0, "hwert": 5850938, "bemerk": null, "beschreib": "Drehbrücke im Zuge der Gemeindestraße  „Reinersweg“", "stat_von": 1795, "Artgeo": "p" }, "geometry": { "type": "Point", "coordinates": [ 804374.656295496737584, 6945161.971563127823174 ] } },
{ "type": "Feature", "properties": { "Art": "BRU", "bw_id": "HRK_BRU_2645", "name": "Klappbrücke „Knepper-Brücke“", "km": "2+645", "rwert": 379610.0, "hwert": 5851310, "bemerk": null, "beschreib": "Klappbrücke im Zuge der Gemeindestraße „Zeppelinstraße“.", "stat_von": 2645, "Artgeo": "p" }, "geometry": { "type": "Point", "coordinates": [ 803095.405004059313796, 6945745.995938846841455 ] } },
{ "type": "Feature", "properties": { "Art": "BRU", "bw_id": "HRK_BRU_45", "name": "Schleusendrehbrücke (Schleuse I)", "km": "0+045", "rwert": 381797.0, "hwert": 5850174, "bemerk": "Baudenkmal: Kennziffer: 454018.00015", "beschreib": "Die für den Fuß- und Radwegverkehr vorgesehene Brücke verbindet das innerstädtische Radwegenetz.  Die drehbare Schleusenbrücke ist als Zweifeld-Brücke ausgebildet, deren Hauptöffnung das Unterhaupt der Schleuse überbrückt.", "stat_von": 45, "Artgeo": "p" }, "geometry": { "type": "Point", "coordinates": [ 806750.269246930372901, 6943955.874858854338527 ] } },
{ "type": "Feature", "properties": { "Art": "BRU", "bw_id": "HRK_BRU_475", "name": "Klappbrücke (Kirchstraße)", "km": "0+475", "rwert": 381370.0, "hwert": 5850123, "bemerk": null, "beschreib": "Die auf Stahlspundbohlen gegründete Klappbrücke hat eine Fahrbahnklappe aus Stahl, die durch einen Hydraulikzylinder bewegt wird. Das Hydraulikaggregat befindet sich in dem zur Brücke gehörenden Bediengebäude.", "stat_von": 475, "Artgeo": "p" }, "geometry": { "type": "Point", "coordinates": [ 806047.813087386428379, 6943854.278573502786458 ] } },
{ "type": "Feature", "properties": { "Art": "BRU", "bw_id": "HRK_BRU_5010", "name": "Stahlbetonbrücke BAB A 31", "km": "5+010", "rwert": 378101.0, "hwert": 5853090, "bemerk": null, "beschreib": "Bei der Stahlbetonbrücke handelt es sich um eine vierspurige Autobahnbrücke im Zuge der A 31", "stat_von": 5010, "Artgeo": "p" }, "geometry": { "type": "Point", "coordinates": [ 800531.297417759313248, 6948628.795935555361211 ] } },
{ "type": "Feature", "properties": { "Art": "BRU", "bw_id": "HRK_BRU_6770", "name": "Klappbrücke (Schleuse 68)", "km": "6+770", "rwert": 377460.0, "hwert": 5854688, "bemerk": "Lichte Höhe (5,80m) ist zu prüfen (FOK bis UK Waagbalken)", "beschreib": "Waagbalkenbrücke über dem Unterhaupt der Schleuse II (Schleuse 68) HRK. Der bewegliche Brückenteil über die Durchfahrtsöffnung für die Schifffahrt ist als Waagebalkenklappbrücke aus Stahl hergestellt. In 2017 wurde das Widerlager zurückgestellt.", "stat_von": 6770, "Artgeo": "p" }, "geometry": { "type": "Point", "coordinates": [ 799406.375372435082681, 6951246.973340624012053 ] } },
{ "type": "Feature", "properties": { "Art": "BRU", "bw_id": "HRK_BRU_805", "name": "Stahlbetonbrücke  Schulzentrum", "km": "0+805", "rwert": 381083.0, "hwert": 5850259, "bemerk": null, "beschreib": "Die Stahlbetonbrücke für Fußgänger ist als Hochbrücke über den Kanal geführt", "stat_von": 805, "Artgeo": "p" }, "geometry": { "type": "Point", "coordinates": [ 805568.792393297073431, 6944067.594957723282278 ] } },
{ "type": "Feature", "properties": { "Art": "BRU", "bw_id": "HRK_BRU_9210", "name": "Klappbrücke (Erika-Schul-Brücke)", "km": "9+210", "rwert": 375138.0, "hwert": 5855421, "bemerk": null, "beschreib": "Klappbrücke im Zuge der Gemeindestraße „Oberlangener Straße“. Es handelt sich hier um eine elektrisch angetriebene einspurige asymmetrische Drehbrücke.", "stat_von": 9210, "Artgeo": "p" }, "geometry": { "type": "Point", "coordinates": [ 795540.761538241524249, 6952362.26996970269829 ] } },
{ "type": "Feature", "properties": { "Art": "EIN", "bw_id": "HRK_EIN_10240", "name": "Einleitung (Notüberlauf von Versickerungsbecken)", "km": "10+240", "rwert": 374134.0, "hwert": 5855678, "bemerk": "F-001 (aktiv, real) ,  OW-Einl.,Betr.-GelÃ¤nde an", "beschreib": "Einleitung (Notüberlauf von Versickerungsbecken)", "stat_von": 10240, "Artgeo": "p" }, "geometry": { "type": "Point", "coordinates": [ 793871.573544300044887, 6952744.730920764617622 ] } },
{ "type": "Feature", "properties": { "Art": "EIN", "bw_id": "HRK_EIN_10740", "name": "Einmündung Alter Schloot", "km": "10+740", "rwert": 373674.0, "hwert": 5855871, "bemerk": "Einlauf und U_Pflicht prüfen", "beschreib": "Einmündung Alter Schloot", "stat_von": 10740, "Artgeo": "p" }, "geometry": { "type": "Point", "coordinates": [ 793103.511356035014614, 6953044.44582637026906 ] } },
{ "type": "Feature", "properties": { "Art": "EIN", "bw_id": "HRK_EIN_10860", "name": "Umlauf Schleuse III (Auslauf)", "km": "10+860", "rwert": 373571.0, "hwert": 5855937, "bemerk": null, "beschreib": "Auslauf Umlauf Schleuse III", "stat_von": 10860, "Artgeo": "p" }, "geometry": { "type": "Point", "coordinates": [ 792930.541622112621553, 6953149.273236950859427 ] } },
{ "type": "Feature", "properties": { "Art": "EIN", "bw_id": "HRK_EIN_10915", "name": "Umlauf Schleuse III (Einlauf)", "km": "10+915", "rwert": 373525.0, "hwert": 5855960, "bemerk": null, "beschreib": "Einlauf Umlauf Schleuse III", "stat_von": 10915, "Artgeo": "p" }, "geometry": { "type": "Point", "coordinates": [ 792853.571000844356604, 6953185.366263913922012 ] } },
{ "type": "Feature", "properties": { "Art": "EIN", "bw_id": "HRK_EIN_11025", "name": "Einmündung Süd-Nord-Kanal", "km": "11+025", "rwert": 373413.0, "hwert": 5855989, "bemerk": null, "beschreib": "Einmündung Süd-Nord-Kanal rechts", "stat_von": 11025, "Artgeo": "p" }, "geometry": { "type": "Point", "coordinates": [ 792667.327594458591193, 6953228.536430829204619 ] } },
{ "type": "Feature", "properties": { "Art": "EIN", "bw_id": "HRK_EIN_11700", "name": "Einleitung KA Albe Fischfarm", "km": "11+700", "rwert": 372777.0, "hwert": 5856300, "bemerk": "Direkteinleitung ind. Abwasserbehandlungsanlage: E", "beschreib": "Einleitung KA Albe Fischfarm", "stat_von": 11700, "Artgeo": "p" }, "geometry": { "type": "Point", "coordinates": [ 791603.34190419386141, 6953715.887662457302213 ] } },
{ "type": "Feature", "properties": { "Art": "EIN", "bw_id": "HRK_EIN_12680", "name": "Grabeneinmündung", "km": "12+680", "rwert": 371942.0, "hwert": 5856748, "bemerk": "Einlauf prüfen", "beschreib": "Grabeneinmündung", "stat_von": 12680, "Artgeo": "p" }, "geometry": { "type": "Point", "coordinates": [ 790204.513843129621819, 6954421.280787024646997 ] } },
{ "type": "Feature", "properties": { "Art": "EIN", "bw_id": "HRK_EIN_30", "name": "Auslauf Umlauf Schleuse I", "km": "0+030", "rwert": 381816.0, "hwert": 5850145, "bemerk": null, "beschreib": "Auslauf Umlauf Schleuse I", "stat_von": 30, "Artgeo": "p" }, "geometry": { "type": "Point", "coordinates": [ 806782.783697411767207, 6943908.675187922082841 ] } },
{ "type": "Feature", "properties": { "Art": "EIN", "bw_id": "HRK_EIN_3450", "name": "Einlauf??", "km": "3+450", "rwert": 379088.0, "hwert": 5851900, "bemerk": "Einlauf und U-Pflicht prüfen", "beschreib": "Einlauf??", "stat_von": 3450, "Artgeo": "p" }, "geometry": { "type": "Point", "coordinates": [ 802209.686205558362417, 6946700.610062500461936 ] } },
{ "type": "Feature", "properties": { "Art": "EIN", "bw_id": "HRK_EIN_460", "name": "Einlauf", "km": "0+460", "rwert": 381383.0, "hwert": 5850134, "bemerk": "Einlauf und U-Pflicht prüfen", "beschreib": "Einlauf", "stat_von": 460, "Artgeo": "p" }, "geometry": { "type": "Point", "coordinates": [ 806068.817852738313377, 6943872.99806212913245 ] } },
{ "type": "Feature", "properties": { "Art": "EIN", "bw_id": "HRK_EIN_6715", "name": "Einmündung Steinberggraben", "km": "6+715", "rwert": 377511.0, "hwert": 5854657, "bemerk": "Einlauf prüfen", "beschreib": "Einmündung Steinberggraben", "stat_von": 6715, "Artgeo": "p" }, "geometry": { "type": "Point", "coordinates": [ 799491.889595268759876, 6951197.791134043596685 ] } },
{ "type": "Feature", "properties": { "Art": "EIN", "bw_id": "HRK_EIN_6760", "name": "Einmündung Meesenmeerschloot", "km": "6+760", "rwert": 377475.0, "hwert": 5854695, "bemerk": "Einlauf prüfen", "beschreib": "Einmündung Meesenmeerschloot", "stat_von": 6760, "Artgeo": "p" }, "geometry": { "type": "Point", "coordinates": [ 799430.853335513500497, 6951259.189593165181577 ] } },
{ "type": "Feature", "properties": { "Art": "EIN", "bw_id": "HRK_EIN_6765", "name": "Umlauf Schleuse II (Auslauf)", "km": "6+765", "rwert": 377467.0, "hwert": 5854697, "bemerk": null, "beschreib": "Auslauf Umlauf Schleuse II", "stat_von": 6765, "Artgeo": "p" }, "geometry": { "type": "Point", "coordinates": [ 799417.558860297314823, 6951262.165376710705459 ] } },
{ "type": "Feature", "properties": { "Art": "EIN", "bw_id": "HRK_EIN_6825", "name": "Umlauf Schleuse II (Einlauf)", "km": "6+825", "rwert": 377417.0, "hwert": 5854714, "bemerk": null, "beschreib": "Einlaufbauwerk zum Umlauf Schleuse II (Schleuse 68)", "stat_von": 6825, "Artgeo": "p" }, "geometry": { "type": "Point", "coordinates": [ 799334.280074684182182, 6951288.21298449113965 ] } },
{ "type": "Feature", "properties": { "Art": "EIN", "bw_id": "HRK_EIN_90", "name": "Umlauf Schleuse I Einlauf", "km": "0+090", "rwert": 381753.0, "hwert": 5850149, "bemerk": null, "beschreib": "Umlauf Schleuse I Einlauf", "stat_von": 90, "Artgeo": "p" }, "geometry": { "type": "Point", "coordinates": [ 806678.678404985112138, 6943912.751280169002712 ] } },
{ "type": "Feature", "properties": { "Art": "QUE", "bw_id": "HRK_QUE_8360", "name": "Gasleitungsdüker", "km": "8+360", "rwert": 375947.0, "hwert": 5855165, "bemerk": null, "beschreib": "Dükerung", "stat_von": 8360, "Artgeo": "p" }, "geometry": { "type": "Point", "coordinates": [ 796887.712007944937795, 6951972.866996318101883 ] } },
{ "type": "Feature", "properties": { "Art": "QUE", "bw_id": "HRK_QUE_9185", "name": "Gasleitungsdüker ; Glasfaserkabel, EWE Netz GmbH", "km": "9+185", "rwert": 375160.0, "hwert": 5855412, "bemerk": null, "beschreib": "Kreuzung des Haren-Rütenbrock-Kanals mit einem Kabelschutzrohr PE 50 x 4,6 in Höhe Marienstraße 3,", "stat_von": 9185, "Artgeo": "p" }, "geometry": { "type": "Point", "coordinates": [ 795577.479087670100853, 6952348.308624058961868 ] } },
{ "type": "Feature", "properties": { "Art": "QUE", "bw_id": "HRK_QUE_9355", "name": "Glasfaserkabel, Westnetz GmbH", "km": "9+355", "rwert": 374998.0, "hwert": 5855465, "bemerk": "Gewässerquerung mit LWL Kabel DN Vertrag?", "beschreib": "Gewässerquerung mit LWL Kabel DN Vertrag?", "stat_von": 9355, "Artgeo": "p" }, "geometry": { "type": "Point", "coordinates": [ 795307.667412938433699, 6952429.136669252067804 ] } },
{ "type": "Feature", "properties": { "Art": "QUE", "bw_id": "HRK_QUE_9375", "name": "Dükerung", "km": "9+375", "rwert": 375120.0, "hwert": 5855424, "bemerk": null, "beschreib": "Dükerung", "stat_von": 9375, "Artgeo": "p" }, "geometry": { "type": "Point", "coordinates": [ 795510.905694160610437, 6952366.468246130272746 ] } },
{ "type": "Feature", "properties": { "Art": "QUE", "bw_id": "HRK_QUE_105", "name": "Dükerung oh Schleuse I", "km": "0+105", "rwert": 381739.0, "hwert": 5850156, "bemerk": null, "beschreib": "Dükerung", "stat_von": 105, "Artgeo": "p" }, "geometry": { "type": "Point", "coordinates": [ 806655.298027185257524, 6943923.764546710066497 ] } },
{ "type": "Feature", "properties": { "Art": "QUE", "bw_id": "HRK_QUE_985", "name": "Dükerung Abwasserleitung", "km": "0+985", "rwert": 380958.0, "hwert": 5850397, "bemerk": null, "beschreib": "Dükerung", "stat_von": 985, "Artgeo": "p" }, "geometry": { "type": "Point", "coordinates": [ 805356.961727886577137, 6944290.77785996068269 ] } },
{ "type": "Feature", "properties": { "Art": "QUE", "bw_id": "HRK_QUE_840", "name": "Gasleitungsdüker", "km": "0+840", "rwert": 381054.0, "hwert": 5850291, "bemerk": null, "beschreib": "Dükerung", "stat_von": 840, "Artgeo": "p" }, "geometry": { "type": "Point", "coordinates": [ 805519.649376736604609, 6944119.346892121247947 ] } },
{ "type": "Feature", "properties": { "Art": "QUE", "bw_id": "HRK_QUE_10120", "name": "Mittelspannungsleitung, Agrowea GmbH & Co. KG", "km": "10+120", "rwert": 374268.0, "hwert": 5855698, "bemerk": "Baujahr nicht gesichert und Koordinaten nicht gesi", "beschreib": "Gewässerquerung für Mittelspannungsleitung (Windpark)", "stat_von": 10120, "Artgeo": "p" }, "geometry": { "type": "Point", "coordinates": [ 794092.033395119826309, 6952783.609682163223624 ] } },
{ "type": "Feature", "properties": { "Art": "QUE", "bw_id": "HRK_QUE_10130", "name": "Dükerung", "km": "10+130", "rwert": 374259.0, "hwert": 5855700, "bemerk": null, "beschreib": "Dükerung", "stat_von": 10130, "Artgeo": "p" }, "geometry": { "type": "Point", "coordinates": [ 794077.082903696573339, 6952786.534064367413521 ] } },
{ "type": "Feature", "properties": { "Art": "QUE", "bw_id": "HRK_QUE_10235", "name": "10 kV-Mittelspannungskabel", "km": "10+235", "rwert": 374159.0, "hwert": 5855733, "bemerk": "Bauwerk noch nicht fertiggestellt. Baujahr nach Fe", "beschreib": "Kreuzung des HRK mit einem 10 km Mittelspannungskabel und zwei Schutzrohre_x000d_\nTel 0800 0793427", "stat_von": 10235, "Artgeo": "p" }, "geometry": { "type": "Point", "coordinates": [ 793910.502917411387898, 6952836.870172866620123 ] } },
{ "type": "Feature", "properties": { "Art": "QUE", "bw_id": "HRK_QUE_1025", "name": "Dükerung Trinkwasser", "km": "1+025", "rwert": 380939.0, "hwert": 5850418, "bemerk": null, "beschreib": "Dükerung", "stat_von": 1025, "Artgeo": "p" }, "geometry": { "type": "Point", "coordinates": [ 805324.761462279129773, 6944324.741392466239631 ] } },
{ "type": "Feature", "properties": { "Art": "QUE", "bw_id": "HRK_QUE_10710", "name": "Dükerung", "km": "10+710", "rwert": 373707.0, "hwert": 5855876, "bemerk": null, "beschreib": "Dükerung", "stat_von": 10710, "Artgeo": "p" }, "geometry": { "type": "Point", "coordinates": [ 793157.801313473260961, 6953054.150152426213026 ] } },
{ "type": "Feature", "properties": { "Art": "QUE", "bw_id": "HRK_QUE_10805", "name": "Dükerung LWL - Kabel", "km": "10+805", "rwert": 373616.0, "hwert": 5855907, "bemerk": null, "beschreib": "Dükerung", "stat_von": 10805, "Artgeo": "p" }, "geometry": { "type": "Point", "coordinates": [ 793006.161712889326736, 6953101.546124611049891 ] } },
{ "type": "Feature", "properties": { "Art": "QUE", "bw_id": "HRK_QUE_1110", "name": "Dükerung", "km": "1+110", "rwert": 380890.0, "hwert": 5850472, "bemerk": null, "beschreib": "Dükerung", "stat_von": 1110, "Artgeo": "p" }, "geometry": { "type": "Point", "coordinates": [ 805241.723812206764705, 6944412.070429387502372 ] } },
{ "type": "Feature", "properties": { "Art": "QUE", "bw_id": "HRK_QUE_11150", "name": "Gasleitungsdüker", "km": "11+150", "rwert": 373307.0, "hwert": 5856058, "bemerk": null, "beschreib": "Gasleitungsdüker", "stat_von": 11150, "Artgeo": "p" }, "geometry": { "type": "Point", "coordinates": [ 792489.26340830209665, 6953338.19401540979743 ] } },
{ "type": "Feature", "properties": { "Art": "QUE", "bw_id": "HRK_QUE_11165", "name": "Dükerung", "km": "11+165", "rwert": 373293.0, "hwert": 5856066, "bemerk": null, "beschreib": "Dükerung", "stat_von": 11165, "Artgeo": "p" }, "geometry": { "type": "Point", "coordinates": [ 792465.79326445388142, 6953350.833654711954296 ] } },
{ "type": "Feature", "properties": { "Art": "QUE", "bw_id": "HRK_QUE_12045", "name": "Grabenquerung", "km": "12+045", "rwert": 372508.0, "hwert": 5856469, "bemerk": null, "beschreib": "Düker Graben", "stat_von": 12045, "Artgeo": "p" }, "geometry": { "type": "Point", "coordinates": [ 791151.654460598831065, 6953984.012910574674606 ] } },
{ "type": "Feature", "properties": { "Art": "QUE", "bw_id": "HRK_QUE_12110", "name": "Dükerung", "km": "12+110", "rwert": 372453.0, "hwert": 5856497, "bemerk": null, "beschreib": "Dükerung", "stat_von": 12110, "Artgeo": "p" }, "geometry": { "type": "Point", "coordinates": [ 791059.583615195238963, 6954027.979172497056425 ] } },
{ "type": "Feature", "properties": { "Art": "QUE", "bw_id": "HRK_QUE_12560", "name": "Dükerung", "km": "12+560", "rwert": 372053.0, "hwert": 5856703, "bemerk": null, "beschreib": "Dükerung", "stat_von": 12560, "Artgeo": "p" }, "geometry": { "type": "Point", "coordinates": [ 790389.844247495988384, 6954351.622746465727687 ] } },
{ "type": "Feature", "properties": { "Art": "QUE", "bw_id": "HRK_QUE_1270", "name": "Düker Trinkwasserleitung", "km": "1+270", "rwert": 380864.0, "hwert": 5850501, "bemerk": null, "beschreib": "Dükerung", "stat_von": 1270, "Artgeo": "p" }, "geometry": { "type": "Point", "coordinates": [ 805197.648220516508445, 6944458.982172640971839 ] } },
{ "type": "Feature", "properties": { "Art": "QUE", "bw_id": "HRK_QUE_13310", "name": "Dükerung", "km": "13+310", "rwert": 371387.0, "hwert": 5857046, "bemerk": null, "beschreib": "Dükerung", "stat_von": 13310, "Artgeo": "p" }, "geometry": { "type": "Point", "coordinates": [ 789274.609279732219875, 6954890.408135541714728 ] } },
{ "type": "Feature", "properties": { "Art": "QUE", "bw_id": "HRK_QUE_13330", "name": "Dükerung", "km": "13+330", "rwert": 371369.0, "hwert": 5857056, "bemerk": null, "beschreib": "Dükerung", "stat_von": 13330, "Artgeo": "p" }, "geometry": { "type": "Point", "coordinates": [ 789244.433695184299722, 6954906.17670535761863 ] } },
{ "type": "Feature", "properties": { "Art": "QUE", "bw_id": "HRK_QUE_13350", "name": "Glasfaserkabel, Westnetz GmbH", "km": "13+350", "rwert": 371351.0, "hwert": 5857065, "bemerk": null, "beschreib": "Gewässerquerung mit LWL Kabel DN 160 Vertrag?", "stat_von": 13350, "Artgeo": "p" }, "geometry": { "type": "Point", "coordinates": [ 789214.301912153372541, 6954920.289097629487514 ] } },
{ "type": "Feature", "properties": { "Art": "QUE", "bw_id": "HRK_QUE_13405", "name": "Oberleitung", "km": "13+405", "rwert": 371302.0, "hwert": 5857090, "bemerk": null, "beschreib": "Oberleitung", "stat_von": 13405, "Artgeo": "p" }, "geometry": { "type": "Point", "coordinates": [ 789132.254004233633168, 6954959.533755770884454 ] } },
{ "type": "Feature", "properties": { "Art": "QUE", "bw_id": "HRK_QUE_13440", "name": "Oberleitung", "km": "13+440", "rwert": 371270.0, "hwert": 5857104, "bemerk": null, "beschreib": "Oberleitung", "stat_von": 13440, "Artgeo": "p" }, "geometry": { "type": "Point", "coordinates": [ 789078.773513975902461, 6954981.309584625996649 ] } },
{ "type": "Feature", "properties": { "Art": "QUE", "bw_id": "HRK_QUE_1735", "name": "Dükerung", "km": "1+735", "rwert": 380428.0, "hwert": 5850913, "bemerk": null, "beschreib": "Dükerung", "stat_von": 1735, "Artgeo": "p" }, "geometry": { "type": "Point", "coordinates": [ 804461.481448093079962, 6945122.73795960471034 ] } },
{ "type": "Feature", "properties": { "Art": "QUE", "bw_id": "HRK_QUE_2605", "name": "Dükerung", "km": "2+605", "rwert": 379645.0, "hwert": 5851289, "bemerk": null, "beschreib": "Dükerung", "stat_von": 2605, "Artgeo": "p" }, "geometry": { "type": "Point", "coordinates": [ 803154.0244174846448, 6945712.69275732897222 ] } },
{ "type": "Feature", "properties": { "Art": "QUE", "bw_id": "HRK_QUE_2655", "name": "Dükerung", "km": "2+655", "rwert": 379602.0, "hwert": 5851315, "bemerk": null, "beschreib": "Dükerung", "stat_von": 2655, "Artgeo": "p" }, "geometry": { "type": "Point", "coordinates": [ 803081.998016852186993, 6945753.938917944207788 ] } },
{ "type": "Feature", "properties": { "Art": "QUE", "bw_id": "HRK_QUE_3985", "name": "Dükerung", "km": "3+985", "rwert": 378790.0, "hwert": 5852336, "bemerk": null, "beschreib": "Dükerung", "stat_von": 3985, "Artgeo": "p" }, "geometry": { "type": "Point", "coordinates": [ 801699.857290513347834, 6947409.693784181959927 ] } },
{ "type": "Feature", "properties": { "Art": "QUE", "bw_id": "HRK_QUE_4683", "name": "Oberleitung", "km": "4+683", "rwert": 378299.0, "hwert": 5852827, "bemerk": null, "beschreib": "Oberleitung", "stat_von": 4683, "Artgeo": "p" }, "geometry": { "type": "Point", "coordinates": [ 800869.066754924831912, 6948201.805586556904018 ] } },
{ "type": "Feature", "properties": { "Art": "QUE", "bw_id": "HRK_QUE_4687", "name": "Dükerung", "km": "4+687", "rwert": 378296.0, "hwert": 5852831, "bemerk": null, "beschreib": "Dükerung", "stat_von": 4687, "Artgeo": "p" }, "geometry": { "type": "Point", "coordinates": [ 800863.948678676388226, 6948208.300152014940977 ] } },
{ "type": "Feature", "properties": { "Art": "QUE", "bw_id": "HRK_QUE_4865", "name": "Kabeldüker", "km": "4+865", "rwert": 378298.0, "hwert": 5852829, "bemerk": "Name des Betreibers fehlt", "beschreib": "Name des Betreibers fehlt", "stat_von": 4865, "Artgeo": "p" }, "geometry": { "type": "Point", "coordinates": [ 800867.333091494510882, 6948205.073649345897138 ] } },
{ "type": "Feature", "properties": { "Art": "QUE", "bw_id": "HRK_QUE_5335", "name": "Gasleitungsdüker", "km": "5+335", "rwert": 378000.0, "hwert": 5853397, "bemerk": "könnte auch längsverlegung sein??", "beschreib": "könnte auch längsverlegung sein??", "stat_von": 5335, "Artgeo": "p" }, "geometry": { "type": "Point", "coordinates": [ 800351.801875911769457, 6949132.657614354975522 ] } },
{ "type": "Feature", "properties": { "Art": "QUE", "bw_id": "HRK_QUE_6670", "name": "Oberleitung", "km": "6+670", "rwert": 377553.0, "hwert": 5854646, "bemerk": null, "beschreib": "Oberleitung", "stat_von": 6670, "Artgeo": "p" }, "geometry": { "type": "Point", "coordinates": [ 799561.705662222229876, 6951181.339792540296912 ] } },
{ "type": "Feature", "properties": { "Art": "QUE", "bw_id": "HRK_QUE_7000", "name": "Dükerung TWL", "km": "7+000", "rwert": 377244.0, "hwert": 5854756, "bemerk": null, "beschreib": "Dükerung", "stat_von": 7000, "Artgeo": "p" }, "geometry": { "type": "Point", "coordinates": [ 799046.835473479353823, 6951350.487001601606607 ] } },
{ "type": "Feature", "properties": { "Art": "QUE", "bw_id": "HRK_QUE_7090", "name": "Oberleitung", "km": "7+090", "rwert": 377158.0, "hwert": 5854782, "bemerk": null, "beschreib": "Oberleitung", "stat_von": 7090, "Artgeo": "p" }, "geometry": { "type": "Point", "coordinates": [ 798903.727798325824551, 6951389.918522937223315 ] } },
{ "type": "Feature", "properties": { "Art": "QUE", "bw_id": "HRK_QUE_7130", "name": "Glasfaserkabel, Westnetz GmbH", "km": "7+130", "rwert": 377120.0, "hwert": 5854795, "bemerk": null, "beschreib": "Dükerung", "stat_von": 7130, "Artgeo": "p" }, "geometry": { "type": "Point", "coordinates": [ 798840.430395952425897, 6951409.843419265933335 ] } },
{ "type": "Feature", "properties": { "Art": "QUE", "bw_id": "HRK_QUE_7645", "name": "Oberleitung", "km": "7+645", "rwert": 376628.0, "hwert": 5854950, "bemerk": null, "beschreib": "Oberleitung", "stat_von": 7645, "Artgeo": "p" }, "geometry": { "type": "Point", "coordinates": [ 798021.42805721971672, 6951645.732850146479905 ] } },
{ "type": "Feature", "properties": { "Art": "QUE", "bw_id": "HRK_QUE_7900", "name": "Kabeldüker", "km": "7+900", "rwert": 376386.0, "hwert": 5855028, "bemerk": null, "beschreib": "Dükerung", "stat_von": 7900, "Artgeo": "p" }, "geometry": { "type": "Point", "coordinates": [ 797618.493979589082301, 6951764.645178747363389 ] } },
{ "type": "Feature", "properties": { "Art": "QUE", "bw_id": "HRK_QUE_7940", "name": "Glasfaserkabel, Westnetz GmbH", "km": "7+940", "rwert": 376347.0, "hwert": 5855039, "bemerk": "Gewässerquerung mit LWL Kabel DN Vertrag?", "beschreib": "Gewässerquerung mit LWL Kabel DN Vertrag?", "stat_von": 7940, "Artgeo": "p" }, "geometry": { "type": "Point", "coordinates": [ 797553.62344947247766, 6951781.207405344583094 ] } },
{ "type": "Feature", "properties": { "Art": "QUE", "bw_id": "HRK_QUE_805", "name": "Wärmeleitung DN 50", "km": "0+805", "rwert": 381081.0, "hwert": 5850261, "bemerk": "Baujahr nicht gesichert", "beschreib": "Kreuzung des Haren-Rütenbrock-Kanals mit einer Wärmeleitung DN 50", "stat_von": 805, "Artgeo": "p" }, "geometry": { "type": "Point", "coordinates": [ 805565.411610485753044, 6944070.821848668158054 ] } },
{ "type": "Feature", "properties": { "Art": "QUE", "bw_id": "HRK_QUE_8185", "name": "Kabeldüker", "km": "8+185", "rwert": 376109.0, "hwert": 5855114, "bemerk": null, "beschreib": "Dükerung", "stat_von": 8185, "Artgeo": "p" }, "geometry": { "type": "Point", "coordinates": [ 797157.408618363901041, 6951895.300729820504785 ] } },
{ "type": "Feature", "properties": { "Art": "QUE", "bw_id": "HRK_QUE_8210", "name": "Gasleitungsdüker", "km": "8+210", "rwert": 376100.0, "hwert": 5855117, "bemerk": null, "beschreib": "Dükerung", "stat_von": 8210, "Artgeo": "p" }, "geometry": { "type": "Point", "coordinates": [ 797142.418564117979258, 6951899.886111599393189 ] } },
{ "type": "Feature", "properties": { "Art": "QUE", "bw_id": "HRK_QUE_835", "name": "Dükerung", "km": "0+835", "rwert": 381062.0, "hwert": 5850283, "bemerk": "Vertrag??", "beschreib": "Dükerung (Gasleitung)", "stat_von": 835, "Artgeo": "p" }, "geometry": { "type": "Point", "coordinates": [ 805533.172647054772824, 6944106.439329310320318 ] } },
{ "type": "Feature", "properties": { "Art": "SLE", "bw_id": "HRK_SLE_10890", "name": "Schleuse III", "km": "10+890", "rwert": 373542.0, "hwert": 5855939, "bemerk": null, "beschreib": "Die Schleuse III liegt bei km 10+890 des Haren-Rütenbrock-Kanals in der Stadt Haren - Ortsteil Rütenbrock.", "stat_von": 10890, "Artgeo": "p" }, "geometry": { "type": "Point", "coordinates": [ 792882.556079531321302, 6953151.330572864972055 ] } },
{ "type": "Feature", "properties": { "Art": "SLE", "bw_id": "HRK_SLE_13410", "name": "Schleuse IV (Grenzschleuse)", "km": "13+410", "rwert": 371301.0, "hwert": 5857091, "bemerk": null, "beschreib": "Die Schleuse IV liegt in Kanal-km 13+410 des Haren-Rütenbrock-Kanals in der Stadt Haren – Ortsteil Rütenbrock, Landkreis Emsland. Sie stellt die Verbindung zum niederländischen Kanalnetz her.", "stat_von": 13410, "Artgeo": "p" }, "geometry": { "type": "Point", "coordinates": [ 789130.558028930448927, 6954961.145811201073229 ] } },
{ "type": "Feature", "properties": { "Art": "SLE", "bw_id": "HRK_SLE_6800", "name": "Schleuse II (Schleuse 68)", "km": "6+800", "rwert": 377438.0, "hwert": 5854694, "bemerk": "Lichte Breite: 6,50 m, Gesamtlänge ca. 49,90 m (von Oberhaupt zu Unterhaupt), Drempelhöhe NN +7,96 m, Oberkante Sohle: NN + 6,07 m (UH) / NN + 6,41m (OH)", "beschreib": "Die Schleuse II befindet sich bei km 6+800 des Haren-Rütenbrock-Kanals im Ortsteil Erika der Stadt Haren. Die Steuerung der Wasserstände erfolgt automatisch. Über dem Unterhaupt der Schleuse befindet sich eine Klappbrücke (BW-Nr. HRK-B1102).", "stat_von": 6800, "Artgeo": "p" }, "geometry": { "type": "Point", "coordinates": [ 799369.794678999227472, 6951255.984283120371401 ] } },
{ "type": "Feature", "properties": { "Art": "SLE", "bw_id": "HRK_SLE_85", "name": "Schleuse I (Emsschleuse)", "km": "0+085", "rwert": 381777.0, "hwert": 5850169, "bemerk": "Sanierung Schleusentore??", "beschreib": "Die Schleuse I liegt bei km 0+060 des Haren-Rütenbrock-Kanals in der Stadt Haren (Landkreis Emsland), an der Mündung des Kanals in die Ems. 2004-2005 wurde die Schleuse grundlegend von der Betriebsstelle Meppen des NLWKN saniert.", "stat_von": 85, "Artgeo": "p" }, "geometry": { "type": "Point", "coordinates": [ 806717.471923458622769, 6943946.798638796433806 ] } },
{ "type": "Feature", "properties": { "Art": "SON", "bw_id": "HRK_SON_10", "name": "Bootsanleger 1 uh Schleuse I", "km": "0+010", "rwert": 381826.0, "hwert": 5850172, "bemerk": null, "beschreib": "Bootsanleger 1 uh Schleuse I", "stat_von": 10, "Artgeo": "p" }, "geometry": { "type": "Point", "coordinates": [ 806798.197369707166217, 6943953.735756944864988 ] } },
{ "type": "Feature", "properties": { "Art": "SON", "bw_id": "HRK_SON_10835", "name": "Bootsanleger uh Schleuse III", "km": "10+835", "rwert": 373591.0, "hwert": 5855925, "bemerk": null, "beschreib": "Bootsanleger uh Schleuse III links", "stat_von": 10835, "Artgeo": "p" }, "geometry": { "type": "Point", "coordinates": [ 792964.093155524111353, 6953130.268917762674391 ] } },
{ "type": "Feature", "properties": { "Art": "SON", "bw_id": "HRK_SON_10870", "name": "Infotafel Schleuse III", "km": "10+870", "rwert": 373562.0, "hwert": 5855943, "bemerk": "Tafel umstellen??", "beschreib": "Infotafel Schleuse III", "stat_von": 10870, "Artgeo": "p" }, "geometry": { "type": "Point", "coordinates": [ 792915.417496729409322, 6953158.818605720996857 ] } },
{ "type": "Feature", "properties": { "Art": "SON", "bw_id": "HRK_SON_10930", "name": "Bootsanleger oh Schleuse III rechts", "km": "10+930", "rwert": 373504.0, "hwert": 5855948, "bemerk": null, "beschreib": "Bootsanleger oh Schleuse III rechts", "stat_von": 10930, "Artgeo": "p" }, "geometry": { "type": "Point", "coordinates": [ 792819.403112176340073, 6953164.588572832755744 ] } },
{ "type": "Feature", "properties": { "Art": "SON", "bw_id": "HRK_SON_115", "name": "Bootssteg oberhalb Schleuse I Rechts", "km": "0+115", "rwert": 381731.0, "hwert": 5850146, "bemerk": null, "beschreib": "Bootssteg oh Schleuse I Rechts", "stat_von": 115, "Artgeo": "p" }, "geometry": { "type": "Point", "coordinates": [ 806642.501055988599546, 6943906.902106666006148 ] } },
{ "type": "Feature", "properties": { "Art": "SON", "bw_id": "HRK_SON_13360", "name": "Bootsanleger uh Grenzschleuse links", "km": "13+360", "rwert": 371346.0, "hwert": 5857079, "bemerk": null, "beschreib": "Bootsanleger uh Grenzschleuse links", "stat_von": 13360, "Artgeo": "p" }, "geometry": { "type": "Point", "coordinates": [ 789205.426864490495063, 6954943.254282823763788 ] } },
{ "type": "Feature", "properties": { "Art": "SON", "bw_id": "HRK_SON_13420", "name": "Infotafel Grenzschleuse", "km": "13+420", "rwert": 371300.0, "hwert": 5857107, "bemerk": null, "beschreib": "Infotafel Grenzschleuse", "stat_von": 13420, "Artgeo": "p" }, "geometry": { "type": "Point", "coordinates": [ 789128.202996486215852, 6954987.599409035407007 ] } },
{ "type": "Feature", "properties": { "Art": "SON", "bw_id": "HRK_SON_13425", "name": "Grenzschleuse Betriebsgebäude", "km": "13+425", "rwert": 371293.0, "hwert": 5857112, "bemerk": null, "beschreib": "Grenzschleuse Betriebsgebäude links", "stat_von": 13425, "Artgeo": "p" }, "geometry": { "type": "Point", "coordinates": [ 789116.418986887205392, 6954995.571614075452089 ] } },
{ "type": "Feature", "properties": { "Art": "SON", "bw_id": "HRK_SON_13450", "name": "Bootsanleger oh Grenzschleuse rechts", "km": "13+450", "rwert": 371258.0, "hwert": 5857104, "bemerk": null, "beschreib": "Bootsanleger oh Grenzschleuse rechts", "stat_von": 13450, "Artgeo": "p" }, "geometry": { "type": "Point", "coordinates": [ 789058.949002175009809, 6954980.78089464455843 ] } },
{ "type": "Feature", "properties": { "Art": "SON", "bw_id": "HRK_SON_13460", "name": "Schutzhütte Grenzschleuse", "km": "13+460", "rwert": 371263.0, "hwert": 5857136, "bemerk": null, "beschreib": "Schutzhütte Grenzschleuse", "stat_von": 13460, "Artgeo": "p" }, "geometry": { "type": "Point", "coordinates": [ 789065.802809209679253, 6955033.996673931367695 ] } },
{ "type": "Feature", "properties": { "Art": "SON", "bw_id": "HRK_SON_13475", "name": "Grenze zu den Niederlanden", "km": "13+475", "rwert": 371241.0, "hwert": 5857120, "bemerk": null, "beschreib": "Grenze zu den Niederlanden", "stat_von": 13475, "Artgeo": "p" }, "geometry": { "type": "Point", "coordinates": [ 789030.16096305323299, 6955006.529524164274335 ] } },
{ "type": "Feature", "properties": { "Art": "SON", "bw_id": "HRK_SON_145", "name": "Bootssteg 1 oh Schleuse I", "km": "0+145", "rwert": 381695.0, "hwert": 5850164, "bemerk": null, "beschreib": "Bootssteg oh Schleuse I (Schiffahrtsmuseum) für Museumsschiff \"Haren\". Das Streckenboot HAREN wurde im Jahre 1953 auf der Kriegerwerft in Berlin für das WSA Meppen gebaut. Es hat eine Länge von 14,71 m, eine Breite von 3,04 m und einen Tiefgang von 0,85m", "stat_von": 145, "Artgeo": "p" }, "geometry": { "type": "Point", "coordinates": [ 806582.37987664854154, 6943935.221531100571156 ] } },
{ "type": "Feature", "properties": { "Art": "SON", "bw_id": "HRK_SON_15", "name": "Bootsanleger Amisia", "km": "0+015", "rwert": 381819.0, "hwert": 5850196, "bemerk": null, "beschreib": "Bootsanleger Amisia", "stat_von": 15, "Artgeo": "p" }, "geometry": { "type": "Point", "coordinates": [ 806785.683013632660732, 6943993.149442799389362 ] } },
{ "type": "Feature", "properties": { "Art": "SON", "bw_id": "HRK_SON_175", "name": "Bootssteg 2 oberhalb Schleuse I", "km": "0+175", "rwert": 381665.0, "hwert": 5850162, "bemerk": null, "beschreib": "Bootssteg oh Schleuse I (Schiffahrtsmuseum) links für Bereisungsboot \"Meppen\". Das Bereisungsboot MEPPEN wurde 1933 auf der Werft Ewald Berninghaus in Köln-Deutz gebaut. Es hat eine Länge von 21,23 m, eine Breite von4,23 m und einen Tiefgang von 0,90 m.", "stat_von": 175, "Artgeo": "p" }, "geometry": { "type": "Point", "coordinates": [ 806532.962935475748964, 6943930.703051467426121 ] } },
{ "type": "Feature", "properties": { "Art": "SON", "bw_id": "HRK_SON_195", "name": "Bootssteg 3 oberhalb Schleuse I (Dampfschlepper August)", "km": "0+195", "rwert": 381646.0, "hwert": 5850159, "bemerk": null, "beschreib": "Bootssteg oh Schleuse I (Schiffahrtsmuseum) links für Dampfschlepper August", "stat_von": 195, "Artgeo": "p" }, "geometry": { "type": "Point", "coordinates": [ 806501.73535925487522, 6943924.974292847327888 ] } },
{ "type": "Feature", "properties": { "Art": "SON", "bw_id": "HRK_SON_2225", "name": "Steganlage", "km": "2+225", "rwert": 379991.0, "hwert": 5851134, "bemerk": null, "beschreib": "Steganlage", "stat_von": 2225, "Artgeo": "p" }, "geometry": { "type": "Point", "coordinates": [ 803731.344768018228933, 6945470.465248113498092 ] } },
{ "type": "Feature", "properties": { "Art": "SON", "bw_id": "HRK_SON_2415", "name": "Steganlage", "km": "2+415", "rwert": 379833.0, "hwert": 5851213, "bemerk": null, "beschreib": "Steganlage", "stat_von": 2415, "Artgeo": "p" }, "geometry": { "type": "Point", "coordinates": [ 803467.381000615772791, 6945594.679888657294214 ] } },
{ "type": "Feature", "properties": { "Art": "SON", "bw_id": "HRK_SON_245", "name": "Bootssteg 4 oberhalb Schleuse I (Thea Angela)", "km": "0+245", "rwert": 381598.0, "hwert": 5850154, "bemerk": null, "beschreib": "Bootssteg oh Schleuse I (Schiffahrtsmuseum) links für Museumsschiff Thea Angela. Die \"THEA-ANGELA\" wurde 1929 auf der Werft \"Wolthuis & Sohn\" in Veendam (NL) als eisernes Schleppschiff gebaut: Länge: 34 m, Breite: 6,02 m, Höhe: 1,95 m.", "stat_von": 245, "Artgeo": "p" }, "geometry": { "type": "Point", "coordinates": [ 806422.740969043574296, 6943914.766634619794786 ] } },
{ "type": "Feature", "properties": { "Art": "SON", "bw_id": "HRK_SON_25", "name": "Bootsanleger 2 uh Schleuse I", "km": "0+025", "rwert": 381820.0, "hwert": 5850170, "bemerk": null, "beschreib": "Bootsanleger 2 uh Schleuse I", "stat_von": 25, "Artgeo": "p" }, "geometry": { "type": "Point", "coordinates": [ 806788.378252187045291, 6943950.185969921760261 ] } },
{ "type": "Feature", "properties": { "Art": "SON", "bw_id": "HRK_SON_260", "name": "Bootssteg 5 oberhalb Schleuse I (Emspünte Haren I)", "km": "0+260", "rwert": 381582.0, "hwert": 5850155, "bemerk": null, "beschreib": "Bootssteg oh Schleuse I (Schiffahrtsmuseum) links Emspünte Haren I.", "stat_von": 260, "Artgeo": "p" }, "geometry": { "type": "Point", "coordinates": [ 806396.302127601811662, 6943915.774515426717699 ] } },
{ "type": "Feature", "properties": { "Art": "SON", "bw_id": "HRK_SON_275", "name": "Bootssteg 6 oberhalb Schleuse I (Emspünte Haren I)", "km": "0+275", "rwert": 381565.0, "hwert": 5850153, "bemerk": null, "beschreib": "Bootssteg oh Schleuse I (Schiffahrtsmuseum) links (Bootssteg 6 (Emspünte Haren I)", "stat_von": 275, "Artgeo": "p" }, "geometry": { "type": "Point", "coordinates": [ 806368.334241384523921, 6943911.779990464448929 ] } },
{ "type": "Feature", "properties": { "Art": "SON", "bw_id": "HRK_SON_315", "name": "Bootssteg 7 oberhalb Schleuse I (Spitzpünte Helene)", "km": "0+315", "rwert": 381527.0, "hwert": 5850149, "bemerk": null, "beschreib": "Bootssteg oh Schleuse I links für das Museumsschiff \"Helene\". Die Spitzpünte \"HELENE\" wurde im Jahre 1890 bei der Werft Sibum in Haren (Ems) gebaut. Sie war für die \"Große Fahrt\" ausgelegt und hatte eine Ladefähigkeit von 220 Tonnen.", "stat_von": 315, "Artgeo": "p" }, "geometry": { "type": "Point", "coordinates": [ 806305.798929282347672, 6943903.629047223366797 ] } },
{ "type": "Feature", "properties": { "Art": "SON", "bw_id": "HRK_SON_45", "name": "Infotafel Schleuse I", "km": "0+045", "rwert": 381797.0, "hwert": 5850162, "bemerk": null, "beschreib": "Infotafel Schleuse I", "stat_von": 45, "Artgeo": "p" }, "geometry": { "type": "Point", "coordinates": [ 806750.751787386834621, 6943936.027028813958168 ] } },
{ "type": "Feature", "properties": { "Art": "SON", "bw_id": "HRK_SON_5", "name": "aufgebockter Schlepper August", "km": "0+005", "rwert": 381830.0, "hwert": 5850159, "bemerk": null, "beschreib": "aufgebockter Schlepper August vor der Schleuse I rechtsseitig", "stat_von": 5, "Artgeo": "p" }, "geometry": { "type": "Point", "coordinates": [ 806805.319659539731219, 6943932.395144325681031 ] } },
{ "type": "Feature", "properties": { "Art": "SON", "bw_id": "HRK_SON_60", "name": "Betriebsgebäude (Schleusenwärterhaus)", "km": "0+060", "rwert": 381782.0, "hwert": 5850164, "bemerk": null, "beschreib": "Betriebsgebäude (Schleusenwärterhaus)", "stat_von": 60, "Artgeo": "p" }, "geometry": { "type": "Point", "coordinates": [ 806725.922602082719095, 6943938.730297761037946 ] } },
{ "type": "Feature", "properties": { "Art": "SON", "bw_id": "HRK_SON_6725", "name": "Bootsanleger uh Schleuse 68", "km": "6+725", "rwert": 377500.0, "hwert": 5854665, "bemerk": null, "beschreib": "Bootsanleger uh Schleuse 68 rechts", "stat_von": 6725, "Artgeo": "p" }, "geometry": { "type": "Point", "coordinates": [ 799473.390564145520329, 6951210.573877886869013 ] } },
{ "type": "Feature", "properties": { "Art": "SON", "bw_id": "HRK_SON_6780", "name": "Infotafel Schleuse 68", "km": "6+780", "rwert": 377460.0, "hwert": 5854706, "bemerk": null, "beschreib": "Infotafel Schleuse 68", "stat_von": 6780, "Artgeo": "p" }, "geometry": { "type": "Point", "coordinates": [ 799405.623245937516913, 6951276.7710304511711 ] } },
{ "type": "Feature", "properties": { "Art": "SON", "bw_id": "HRK_SON_6840", "name": "Bootsanleger oberhalb Schleuse 68", "km": "6+840", "rwert": 377393.0, "hwert": 5854699, "bemerk": null, "beschreib": "Bootsanleger oh Schleuse 68 rechts", "stat_von": 6840, "Artgeo": "p" }, "geometry": { "type": "Point", "coordinates": [ 799295.274340722942725, 6951262.375788149423897 ] } },
{ "type": "Feature", "properties": { "Art": "SON", "bw_id": "HRK_SON_6860", "name": "Betriebsanleger/-hafen (schwimmendes Bootshaus im Kanalstich)", "km": "6+860", "rwert": 377388.0, "hwert": 5854757, "bemerk": null, "beschreib": "schwimmendes Bootshaus im Kanalstich links", "stat_von": 6860, "Artgeo": "p" }, "geometry": { "type": "Point", "coordinates": [ 799284.592543904087506, 6951358.181527247652411 ] } },
{ "type": "Feature", "properties": { "Art": "SON", "bw_id": "HRK_SON_6900", "name": "Bootsanleger LKG II (Betriebsanleger)", "km": "6+900", "rwert": 377345.0, "hwert": 5854737, "bemerk": null, "beschreib": "Bootsanleger LKG I oberhalb Schleuse 68", "stat_von": 6900, "Artgeo": "p" }, "geometry": { "type": "Point", "coordinates": [ 799214.419594020349905, 6951323.270098223350942 ] } },
{ "type": "Feature", "properties": { "Art": "SON", "bw_id": "HRK_SON_6960", "name": "Schutzhütte mit Bank", "km": "6+960", "rwert": 377287.0, "hwert": 5854758, "bemerk": null, "beschreib": "Schutzhütte mit Bank", "stat_von": 6960, "Artgeo": "p" }, "geometry": { "type": "Point", "coordinates": [ 799117.76112324395217, 6951355.601966306567192 ] } },
{ "type": "Feature", "properties": { "Art": "SON", "bw_id": "HRK_SON_7160", "name": "Grundwassermessstelle Amprion", "km": "7+160", "rwert": 377097.0, "hwert": 5854823, "bemerk": null, "beschreib": "Grundwassermessstelle Amprion", "stat_von": 7160, "Artgeo": "p" }, "geometry": { "type": "Point", "coordinates": [ 798801.27492750773672, 6951455.229996149428189 ] } },
{ "type": "Feature", "properties": { "Art": "SON", "bw_id": "HRK_SON_980", "name": "Bootsanleger Aldi Haren", "km": "0+980", "rwert": 380970.0, "hwert": 5850395, "bemerk": null, "beschreib": "Bootsanleger Aldi Haren", "stat_von": 980, "Artgeo": "p" }, "geometry": { "type": "Point", "coordinates": [ 805376.842469678958878, 6944287.956961174495518 ] } },
{ "type": "Feature", "properties": { "Art": "DUE", "bw_id": "HRK_DUE_12050", "name": "Grabendüker Billereibrücke", "km": "12+050", "rwert": 372506.0, "hwert": 5856470, "bemerk": null, "beschreib": "Der Düker liegt bei km 12+055 des Haren-Rütenbrock-Kanals in der Stadt Haren, OT Rütenbrock.", "stat_von": 12050, "Artgeo": "p" }, "geometry": { "type": "Point", "coordinates": [ 791148.307238448876888, 6953985.581590832211077 ] } },
{ "type": "Feature", "properties": { "Art": "DUE", "bw_id": "HRK_DUE_3055", "name": "Düker (Mersbach)", "km": "3+055", "rwert": 379306.0, "hwert": 5851573, "bemerk": "Bei Hochwasser in der Ems (HHW1946 = NN+11,01m) werden an der Schleuse I in Haren die Hochwasserkehrtore geschlossen.Die Abflüsse aus dem Haren-Rütenbrock-Kanal werden dann über den Düker in den Mersbach abgeleitet.", "beschreib": "Der Düker liegt bei km 3+055 des Haren-Rütenbrock-Kanals in der Stadt Haren. Über den Mersbach entwässert das südlich vom Haren-Rütenbrock-Kanal gelegene Einzugsgebiet mit einer Größe von rund 38,68 km² zum Düker.", "stat_von": 3055, "Artgeo": "p" }, "geometry": { "type": "Point", "coordinates": [ 802582.921595286694355, 6946168.589439778588712 ] } },
{ "type": "Feature", "properties": { "Art": "DUE", "bw_id": "HRK_DUE_3120", "name": "Düker (Vossebergschloot)", "km": "3+120", "rwert": 379265.0, "hwert": 5851622, "bemerk": null, "beschreib": "Düker (Vossebergschloot)", "stat_von": 3120, "Artgeo": "p" }, "geometry": { "type": "Point", "coordinates": [ 802513.243539121234789, 6946247.966746376827359 ] } },
{ "type": "Feature", "properties": { "Art": "BRU", "bw_id": "HRK_BRU_780", "name": "Fuß-/Radwegbrücke (Drehbrücke)", "km": "0+780", "rwert": 381100.0, "hwert": 5850244, "bemerk": "Akte, Bilder, Vertrag, … nachtragen", "beschreib": "Fuß-/Radwegbrücke zum Sportzentrum", "stat_von": 780, "Artgeo": "p" }, "geometry": { "type": "Point", "coordinates": [ 805597.44803748303093, 6944043.474370094947517 ] } },
{ "type": "Feature", "properties": { "Art": "QUE", "bw_id": "HRK_QUE_1005", "name": "Dükerung Gasleitung", "km": "1+005", "rwert": 380947.0, "hwert": 5850409, "bemerk": null, "beschreib": "Dükerung", "stat_von": 1005, "Artgeo": "p" }, "geometry": { "type": "Point", "coordinates": [ 805338.32589770515915, 6944310.179790914058685 ] } },
{ "type": "Feature", "properties": { "Art": "SON", "bw_id": "HRK_SON_2680", "name": "Schaltschrank", "km": "2+680", "rwert": 379586.0, "hwert": 5851337, "bemerk": null, "beschreib": "Schaltschrank", "stat_von": 2680, "Artgeo": "p" }, "geometry": { "type": "Point", "coordinates": [ 803054.692109578871168, 6945789.676817331463099 ] } },
{ "type": "Feature", "properties": { "Art": "SON", "bw_id": "HRK_SON_2226", "name": "Treppe Außenböschung", "km": "2+226", "rwert": 379996.0, "hwert": 5851143, "bemerk": null, "beschreib": "Treppe Außenböschung", "stat_von": 2226, "Artgeo": "p" }, "geometry": { "type": "Point", "coordinates": [ 803739.228210408939049, 6945485.55845963396132 ] } },
{ "type": "Feature", "properties": { "Art": "QUE", "bw_id": "HRK_QUE_8010", "name": "Dükerung", "km": "8+010", "rwert": 376281.0, "hwert": 5855060, "bemerk": null, "beschreib": "Dükerung", "stat_von": 8010, "Artgeo": "p" }, "geometry": { "type": "Point", "coordinates": [ 797443.741341647459194, 6951813.182443568482995 ] } },
{ "type": "Feature", "properties": { "Art": "QUE", "bw_id": "HRK_QUE_2675", "name": "Dükerung", "km": "2+675", "rwert": 379580.0, "hwert": 5851318, "bemerk": null, "beschreib": "Dükerung", "stat_von": 2675, "Artgeo": "p" }, "geometry": { "type": "Point", "coordinates": [ 803045.569305471843109, 6945757.997990823350847 ] } },
{ "type": "Feature", "properties": { "Art": "EIN", "bw_id": "HRK_EIN_8705", "name": "Rohreinlauf mit Rückstauklappe (Entwässerung Baugebiet Sanddornweg)", "km": "8+705", "rwert": 375613.0, "hwert": 5855257, "bemerk": null, "beschreib": "Rohreinlauf mit Rückstauklappe (Entwässerung Baugebiet Sanddornweg)", "stat_von": 8705, "Artgeo": "p" }, "geometry": { "type": "Point", "coordinates": [ 796332.212599436868913, 6952110.993130115792155 ] } },
{ "type": "Feature", "properties": { "Art": "SON", "bw_id": "HRK_SON_6900", "name": "Lagerplatz Schleuse 68", "km": "6+800", "rwert": 377348.0, "hwert": 5854750, "bemerk": null, "beschreib": "NLWKN, Betriebshof Georgsdorf, Lagerplatz Schleuse 68", "stat_von": 6800, "Artgeo": "p" }, "geometry": { "type": "Point", "coordinates": [ 799218.830008562654257, 6951344.916606525890529 ] } },
{ "type": "Feature", "properties": { "Art": "SON", "bw_id": "HRK_SON_11180", "name": "Rastplatz Hinterm Busch (Pflasterfläche, Pavillion, Sitzgelegenheiten)", "km": "11+180", "rwert": 373297.0, "hwert": 5856095, "bemerk": null, "beschreib": "Rastplatz Hinterm Busch, Bereich K202/B408 nördlich des Haren-Rütenbrock-Kanals. Im Einzelnen: Pflasterfläche, Pavillon, Sitzgelegenheiten, Fahrradanlehnbügeln,  Aufstellen von Mülleimern,  Aufstellen einer Informationstafel", "stat_von": 11180, "Artgeo": "p" }, "geometry": { "type": "Point", "coordinates": [ 792471.146443435922265, 6953399.02529916446656 ] } },
{ "type": "Feature", "properties": { "Art": "QUE", "bw_id": "HRK_QUE_565", "name": "Querung von drei Mittelspannungskabel", "km": "0+565", "rwert": 381280.0, "hwert": 5850136, "bemerk": "Hier ist der Vertrag noch abzuschließen", "beschreib": "Querung von drei Mittelspannungskabeln der Westnetz GmbH incl. Längsverlegung auf nördlicher Kanalseite", "stat_von": 565, "Artgeo": "p" }, "geometry": { "type": "Point", "coordinates": [ 805898.797638638759963, 6943872.137727455236018 ] } },
{ "type": "Feature", "properties": { "Art": "EIN", "bw_id": "HRK_EIN_10530", "name": "Rohreinlauf mit Stirnwand aus Klinkermauerwerk", "km": "10+530", "rwert": 373881.0, "hwert": 5855805, "bemerk": "Durchmesser prüfen", "beschreib": "Rohreinlauf mit Stirnwand aus Klinkermauerwerk gegenüber von Fa. Röchling", "stat_von": 10530, "Artgeo": "p" }, "geometry": { "type": "Point", "coordinates": [ 793448.249197224155068, 6952944.103738977573812 ] } },
{ "type": "Feature", "properties": { "Art": "EIN", "bw_id": "HRK_EIN_10415", "name": "Einlauf- (oder Entnahmebauwerk)", "km": "10+415", "rwert": 373985.0, "hwert": 5855771, "bemerk": "Zuständigkeit prüfen, Vertrag vorhanden??", "beschreib": "Betonbauwerk als Einlauf- oder Entnahmebauwerk ggü. Fa. Röchling", "stat_von": 10415, "Artgeo": "p" }, "geometry": { "type": "Point", "coordinates": [ 793621.483777174842544, 6952892.293366105295718 ] } },
{ "type": "Feature", "properties": { "Art": "EIN", "bw_id": "HRK_EIN_10320", "name": "Rohreinlauf (Betonrohr mit Betonstirnwand)", "km": "10+320", "rwert": 374074.0, "hwert": 5855744, "bemerk": "Durchmesser prüfen, Zuständigkeit prüfen, Vertrag prüfen", "beschreib": "Rohreinlauf (Betonrohr mit Betonstirnwand)", "stat_von": 10320, "Artgeo": "p" }, "geometry": { "type": "Point", "coordinates": [ 793769.640810860670172, 6952851.423509748652577 ] } },
{ "type": "Feature", "properties": { "Art": "EIN", "bw_id": "HRK_EIN_10245", "name": "Rohreinlauf mit Stirnwand aus Klinkermauerwerk", "km": "10+245", "rwert": 374147.0, "hwert": 5855725, "bemerk": "Durchmesser prüfen, Zuständigkeit prüfen, Vertrag ??", "beschreib": "Rohreinlauf mit Stirnwand aus Klinkermauerwerk, siehe auch Einleitung (HRK_EIN_10240, Notüberlauf von Versickerungsbecken)", "stat_von": 10245, "Artgeo": "p" }, "geometry": { "type": "Point", "coordinates": [ 793891.026694699190557, 6952823.10807525087148 ] } },
{ "type": "Feature", "properties": { "Art": "EIN", "bw_id": "HRK_EIN_10165", "name": "Rohreinlauf mit Stirnwand in Klinkermauerwerk", "km": "10+165", "rwert": 374225.0, "hwert": 5855700, "bemerk": "Daten prüfen; Zuständigkeit, Vertrag??", "beschreib": "Rohreinlauf mit Stirnwand in Klinkermauerwerk", "stat_von": 10165, "Artgeo": "p" }, "geometry": { "type": "Point", "coordinates": [ 794020.927373659098521, 6952785.071781035512686 ] } },
{ "type": "Feature", "properties": { "Art": "EIN", "bw_id": "HRK_EIN_13380", "name": "Einlaufbauwerk am Unterhaupt rechts i.F.", "km": "13+380", "rwert": 371321.0, "hwert": 5857073, "bemerk": "Fotos??, Zuständigkeit??, Einleitungsart??", "beschreib": "Rohreinlauf mit Klinkerstirnwand am Unterhaupt rechts in Fließrichtung oben an der Böschung", "stat_von": 13380, "Artgeo": "p" }, "geometry": { "type": "Point", "coordinates": [ 789164.38954693544656, 6954932.21688133943826 ] } },
{ "type": "Feature", "properties": { "Art": "QUE", "bw_id": "HRK_QUE_7165", "name": "Höchstspannungsleitung", "km": "7+165", "rwert": 377086.0, "hwert": 5854805, "bemerk": "Weitere Infos nacharbeiten", "beschreib": "Dükerung Höchstspannungsleitung A-Nord (Amprion)", "stat_von": 7165, "Artgeo": "p" }, "geometry": { "type": "Point", "coordinates": [ 798783.864003914641216, 6951424.969563553109765 ] } },
{ "type": "Feature", "properties": { "Art": "QUE", "bw_id": "HRK_QUE_7150", "name": "LWL Querung", "km": "7+150", "rwert": 377101.0, "hwert": 5854800, "bemerk": "Vertrag??", "beschreib": "Die GasLine GmbH & Co. KG beabsichtigt eine neue 216 faserige LWL-Trasse als Lückenschluss zwischen Bunde und Nordhorn (Wietmarschen) zu bauen.", "stat_von": 7150, "Artgeo": "p" }, "geometry": { "type": "Point", "coordinates": [ 798808.84444326069206, 6951417.322514262981713 ] } },
{ "type": "Feature", "properties": { "Art": "BRU", "bw_id": "KOR_BRU_1090", "name": "Brücke Kornmühlenwehr", "km": "1+090", "rwert": 368747.0, "hwert": 5811089, "bemerk": "Durch die Querfugen des Bohlenbelages erfolgt permanent eine Verschmutzung des (nicht abgedichteten)_x000d_\nStahlbetonüberbaus. Diese Verschmutzung führt ggf. zu erdfeuchten Ablagerungen auf der ungeschützten_x000d_\nStahlbetonoberfläche. Durch chemische Bestandteile", "beschreib": "Bei der Brücke Kornmühlenwehr besteht die Besonderheit der Kombination von zwei Baulastträgern. Das NLWKN ist Eigentümer der Wehranlage und vom Stahlbetonüberbau der Brücke.", "stat_von": 1090, "Artgeo": "p" }, "geometry": { "type": "Point", "coordinates": [ 786947.584239581367001, 6879023.026582414284348 ] } },
{ "type": "Feature", "properties": { "Art": "BRU", "bw_id": "KOR_BRU_1160", "name": "Brücke Bentheimer Straße / Hauptstraße", "km": "1+160", "rwert": 368818.0, "hwert": 5811101, "bemerk": null, "beschreib": "Brücke Bentheimer Straße / Hauptstraße", "stat_von": 1160, "Artgeo": "p" }, "geometry": { "type": "Point", "coordinates": [ 787063.251213389798068, 6879045.825447978451848 ] } },
{ "type": "Feature", "properties": { "Art": "BRU", "bw_id": "KOR_BRU_1245", "name": "Fußgängerbrücke Püntedamm", "km": "1+245", "rwert": 368902.0, "hwert": 5811122, "bemerk": null, "beschreib": "Fußgängerbrücke Püntedamm", "stat_von": 1245, "Artgeo": "p" }, "geometry": { "type": "Point", "coordinates": [ 787199.800394632504322, 6879083.957473727874458 ] } },
{ "type": "Feature", "properties": { "Art": "BRU", "bw_id": "KOR_BRU_1335", "name": "Fußgängerbrücke Am Vechteufer / Püntedamm", "km": "1+335", "rwert": 368989.0, "hwert": 5811141, "bemerk": null, "beschreib": "Fußgängerbrücke Am Vechteufer / Püntedamm", "stat_von": 1335, "Artgeo": "p" }, "geometry": { "type": "Point", "coordinates": [ 787341.347764516831376, 6879118.937410358339548 ] } },
{ "type": "Feature", "properties": { "Art": "BRU", "bw_id": "KOR_BRU_480", "name": "Brücke Stadtring", "km": "0+480", "rwert": 368224.0, "hwert": 5811269, "bemerk": null, "beschreib": "Brücke Stadtring auch als Verbindung zum Rawe-Ringcenter und zum Gymnasium", "stat_von": 480, "Artgeo": "p" }, "geometry": { "type": "Point", "coordinates": [ 786083.796054625767283, 6879295.364588079042733 ] } },
{ "type": "Feature", "properties": { "Art": "BRU", "bw_id": "KOR_BRU_650", "name": "Brücke van-Delden-Straße", "km": "0+650", "rwert": 368388.0, "hwert": 5811226, "bemerk": null, "beschreib": "Fuß- und Radwegbrücke van-Delden-Straße", "stat_von": 650, "Artgeo": "p" }, "geometry": { "type": "Point", "coordinates": [ 786354.075514960917644, 6879232.031179281882942 ] } },
{ "type": "Feature", "properties": { "Art": "EIN", "bw_id": "KOR_EIN_1100", "name": "Einmündung Verbindungsarm", "km": "1+100", "rwert": 368758.0, "hwert": 5811090, "bemerk": null, "beschreib": "Einmündung Verbindungsarm", "stat_von": 1100, "Artgeo": "p" }, "geometry": { "type": "Point", "coordinates": [ 786965.541996779851615, 6879025.149377022869885 ] } },
{ "type": "Feature", "properties": { "Art": "SON", "bw_id": "KOR_SON_1080", "name": "Betriebsgebäude (Wehrsteuerung Kornmühle)", "km": "1+080", "rwert": 368735.0, "hwert": 5811099, "bemerk": null, "beschreib": "Betriebsgebäude Kornmühlenwehr Nordhorn mit Steuereinrichtungen und Hydraulik", "stat_von": 1080, "Artgeo": "p" }, "geometry": { "type": "Point", "coordinates": [ 786927.508938190992922, 6879038.906495437957346 ] } },
{ "type": "Feature", "properties": { "Art": "WEH", "bw_id": "KOR_WEH_1080", "name": "Kornmühlenwehr", "km": "1+080", "rwert": 368747.0, "hwert": 5811087, "bemerk": "Kein Tosbecken (Schussrinne), Denkmalschutz, Wasserkraft,…", "beschreib": "Kornmühlenwehr (einfeldriges hydraulisches Klappenwehr) ohne Fischwanderhilfe. Das Bauwerk steht unter Denkmalschutz. Die Kornmühle liegt im Herzen der Nordhorner Innenstadt.Urkundlich erwähnt wurde die Kornmühle erstmals im Jahre 1396.", "stat_von": 1080, "Artgeo": "p" }, "geometry": { "type": "Point", "coordinates": [ 786947.671696193399839, 6879019.745387542061508 ] } },
{ "type": "Feature", "properties": { "Art": "EIN", "bw_id": "KOR_EIN_1115", "name": "Einlaufbauwerk", "km": "1+115", "rwert": 368775.0, "hwert": 5811086, "bemerk": "Informationen einholen. Gibt es einen Vertrag?", "beschreib": "Einlaufbauwerk mit Schieber?", "stat_von": 1115, "Artgeo": "p" }, "geometry": { "type": "Point", "coordinates": [ 786993.537355908774771, 6879019.332118421792984 ] } },
{ "type": "Feature", "properties": { "Art": "EIN", "bw_id": "KOR_EIN_470", "name": "Rohreinlauf (Oberflächenentwässerung) mit Gitter", "km": "0+470", "rwert": 368209.0, "hwert": 5811261, "bemerk": null, "beschreib": "Rohreinlauf (Oberflächenentwässerung) mit Gitter", "stat_von": 470, "Artgeo": "p" }, "geometry": { "type": "Point", "coordinates": [ 786059.599157564574853, 6879281.579155831597745 ] } },
{ "type": "Feature", "properties": { "Art": "SON", "bw_id": "KOR_SON_0", "name": "Böschungstreppe mit Geländer uh Brücke Stadtring", "km": "0+000", "rwert": 368215.0, "hwert": 5811282, "bemerk": null, "beschreib": "Böschungstreppe mit Geländer uh Brücke Stadtring", "stat_von": 0, "Artgeo": "p" }, "geometry": { "type": "Point", "coordinates": [ 786068.496318091754802, 6879316.296842525713146 ] } },
{ "type": "Feature", "properties": { "Art": "SON", "bw_id": "KOR_SON_495", "name": "Böschungstreppe mit Geländer oh. Brücke Stadtring", "km": "0+495", "rwert": 368243.0, "hwert": 5811271, "bemerk": null, "beschreib": "Böschungstreppe mit Geländer oh. Brücke Stadtring", "stat_von": 495, "Artgeo": "p" }, "geometry": { "type": "Point", "coordinates": [ 786114.802632347797044, 6879299.482130796648562 ] } },
{ "type": "Feature", "properties": { "Art": "QUE", "bw_id": "KOR_QUE_645", "name": "Dükerung", "km": "0+645", "rwert": 368382.0, "hwert": 5811226, "bemerk": null, "beschreib": "Dükerung", "stat_von": 645, "Artgeo": "p" }, "geometry": { "type": "Point", "coordinates": [ 786344.256302482681349, 6879231.767409142106771 ] } },
{ "type": "Feature", "properties": { "Art": "QUE", "bw_id": "KOR_QUE_655", "name": "Dükerung Abwasserleitung", "km": "0+655", "rwert": 368392.0, "hwert": 5811226, "bemerk": null, "beschreib": "Dükerung Abwasserleitung", "stat_von": 655, "Artgeo": "p" }, "geometry": { "type": "Point", "coordinates": [ 786360.621657075709663, 6879232.207019375637174 ] } },
{ "type": "Feature", "properties": { "Art": "SON", "bw_id": "KOR_SON_1081", "name": "Sägemühle Nordhorn", "km": "1+081", "rwert": 368740.0, "hwert": 5811078, "bemerk": null, "beschreib": "Ehemalige Korn- und Sägemühle an der Vechte in Nordhorn (hier die Sägemühle). Die Gebäude wurden vermutlich im frühen 18. Jahrhundert errichtet. Heute werden die sanierten Bauten für kulturelle Veranstaltungen genutzt.", "stat_von": 1081, "Artgeo": "p" }, "geometry": { "type": "Point", "coordinates": [ 786936.609788386733271, 6879004.673155552707613 ] } },
{ "type": "Feature", "properties": { "Art": "BRU", "bw_id": "NAK_BRU_2740", "name": "Stahlbeton-Eisenbahnbrücke", "km": "2+740", "rwert": 368810.0, "hwert": 5809656, "bemerk": null, "beschreib": "Dreifeld-Stahlbetonbrücke der Bentheimer Eisenbahn AG. Die Brücke wird östlich von einer Fuß- und Radwegunterführung unterquert", "stat_von": 2740, "Artgeo": "p" }, "geometry": { "type": "Point", "coordinates": [ 787113.292696931166574, 6876675.149420608766377 ] } },
{ "type": "Feature", "properties": { "Art": "BRU", "bw_id": "NAK_BRU_1800", "name": "Stahlbetonbrücke \"Nürnberger Straße / Daimlerstraße\", Fuß- und Radwegbrücke", "km": "1+800", "rwert": 368299.0, "hwert": 5808877, "bemerk": null, "beschreib": "Einfeld-Stahlbetonbrücke für den Fuß- und Radwegverkehr im Zuge der Nürnberger Straße", "stat_von": 1800, "Artgeo": "p" }, "geometry": { "type": "Point", "coordinates": [ 786311.435280966805294, 6875375.185361726209521 ] } },
{ "type": "Feature", "properties": { "Art": "BRU", "bw_id": "NAK_BRU_2290", "name": "Stahlbetonbrücke \"Kanalweg\"", "km": "2+290", "rwert": 368510.0, "hwert": 5809317, "bemerk": null, "beschreib": "Einfeld-Stahlbetonbrücke im Zuge des Kanalwegs. Die Brücke wird östlich von einer Fuß- und Radwegunterführung unterquert.", "stat_von": 2290, "Artgeo": "p" }, "geometry": { "type": "Point", "coordinates": [ 786637.324767607729882, 6876106.018563221208751 ] } },
{ "type": "Feature", "properties": { "Art": "BRU", "bw_id": "NAK_BRU_2730", "name": "Stahlbetonbrücke \"Friedrich-Ebert-Straße\"", "km": "2+730", "rwert": 368803.0, "hwert": 5809645, "bemerk": null, "beschreib": "Dreifeld-Stahlbetonbrücke im Zuge der Friedrich-Ebert-Straße. Die Brücke wird östlich von einer Fuß- und Radwegunterführung unterquert.", "stat_von": 2730, "Artgeo": "p" }, "geometry": { "type": "Point", "coordinates": [ 787102.320975571288727, 6876656.80158120021224 ] } },
{ "type": "Feature", "properties": { "Art": "BRU", "bw_id": "NAK_BRU_3005", "name": "Stahlbetonbrücke NINO", "km": "3+005", "rwert": 368979.0, "hwert": 5809856, "bemerk": null, "beschreib": "Die ehemalige Werkbrücke der Fa. NINO AG (Textilwerke) wurde 2020 abgerissen und ca. 50 m unterhalb 2020 als Stahlbetonbrücke neu gebaut.", "stat_von": 3005, "Artgeo": "p" }, "geometry": { "type": "Point", "coordinates": [ 787381.056883898796514, 6877010.576379301026464 ] } },
{ "type": "Feature", "properties": { "Art": "BRU", "bw_id": "NAK_BRU_310", "name": "Schleusenbrücke (Frensdorfer Haar)", "km": "0+310", "rwert": 367648.0, "hwert": 5807533, "bemerk": null, "beschreib": "Die Brücke verbindet das städtische Straßennetz und liegt im Verlauf der Gemeindestraße Frensdorfer Haar. Die Schleusenbrücke ist als feste Einfeld-Brücke ausgebildet. Sie besteht aus einer Stahlkonstruktion mit Holzbohlen als Fahrbahnbelag.", "stat_von": 310, "Artgeo": "p" }, "geometry": { "type": "Point", "coordinates": [ 785305.73689019982703, 6873142.867604079656303 ] } },
{ "type": "Feature", "properties": { "Art": "BRU", "bw_id": "NAK_BRU_3355", "name": "Stahlbetonbrücke \"Bentheimer Straße\"", "km": "3+355", "rwert": 369190.0, "hwert": 5810134, "bemerk": null, "beschreib": "Dreifeld-Stahlbetonbrücke im Zuge der Bentheimer Straße. Die Brücke wird östlich von einer Fuß- und Radwegunterführung unterquert.", "stat_von": 3355, "Artgeo": "p" }, "geometry": { "type": "Point", "coordinates": [ 787714.164639924420044, 6877475.784640136174858 ] } },
{ "type": "Feature", "properties": { "Art": "BRU", "bw_id": "NAK_BRU_3730", "name": "Stahlbetonbrücke \"Frensdorfer Ring\"", "km": "3+730", "rwert": 369291.0, "hwert": 5810485, "bemerk": null, "beschreib": "Einfeld-Stahlbetonbrücke im Zuge der Verbindungs-straße „Frensdorfer Ring“ für den Anschluss des Stadtkerns an die Osttangente. Die Brücke wird östlich von einer Fuß- und Radwegunterführung unterquert", "stat_von": 3730, "Artgeo": "p" }, "geometry": { "type": "Point", "coordinates": [ 787864.141167517285794, 6878055.956935281865299 ] } },
{ "type": "Feature", "properties": { "Art": "BRU", "bw_id": "NAK_BRU_4290", "name": "Stahlbrücke \"Vechteaue\", (Fuß- und Radwegbrücke)", "km": "4+290", "rwert": 369213.0, "hwert": 5811025, "bemerk": null, "beschreib": "Einfeld-Stahlbrücke für den Fuß- und Radwegverkehr", "stat_von": 4290, "Artgeo": "p" }, "geometry": { "type": "Point", "coordinates": [ 787712.983564805821516, 6878938.420577983371913 ] } },
{ "type": "Feature", "properties": { "Art": "BRU", "bw_id": "NAK_BRU_450", "name": "Stahlbetonbrücke Südtangente, B 213", "km": "0+450", "rwert": 367712.0, "hwert": 5807659, "bemerk": null, "beschreib": "Dreifeld-Stahlbetonbrücke im Zuge der Bundesstraße B 213 „Südtangente“. Die Brücke wird östlich von einer Fuß- und Radwegunterführung sowie beidseitig von Betriebswegunterführungen für Unterhaltungsfahr-zeuge unterquert.", "stat_von": 450, "Artgeo": "p" }, "geometry": { "type": "Point", "coordinates": [ 785404.852703266660683, 6873352.257190332747996 ] } },
{ "type": "Feature", "properties": { "Art": "EIN", "bw_id": "NAK_EIN_4260", "name": "Einmündung  Seitenkanal (Alte Weberei)", "km": "4+260", "rwert": 369222.0, "hwert": 5810995, "bemerk": null, "beschreib": "Einmündung  Seitenkanal (Alte Weberei). Diese Gracht führt zum Wohngebiet Vechteaue", "stat_von": 4260, "Artgeo": "p" }, "geometry": { "type": "Point", "coordinates": [ 787729.019012760953046, 6878889.596218974329531 ] } },
{ "type": "Feature", "properties": { "Art": "EIN", "bw_id": "NAK_EIN_430", "name": "OW-Einl. Nr. 3, Bau-km 11+065", "km": "0+430", "rwert": 367721.0, "hwert": 5807636, "bemerk": "B-001 (aktiv, real) , OW-Einl. Nr. 3, Bau-km 11+06", "beschreib": "Oberflächenwassereinleitung (Einleitungsmenge: 391,17 l/s, Kennziffer: 7245, Nutzungsort Nr. 02)", "stat_von": 430, "Artgeo": "p" }, "geometry": { "type": "Point", "coordinates": [ 785420.582478749449365, 6873314.947126586921513 ] } },
{ "type": "Feature", "properties": { "Art": "EIN", "bw_id": "NAK_EIN_470", "name": "OW-Einl., Nr. 2, Bau-km 11+040", "km": "0+470", "rwert": 367713.0, "hwert": 5807686, "bemerk": "B-001 (aktiv, real) , \tOW-Einl:,Nr.2, Bau-Km 11+040", "beschreib": "Oberflächenwassereinleitung (Einleitungsmenge: 45,24 l/s, Kennziffer: 7245, Nutzungsort Nr. 01)", "stat_von": 470, "Artgeo": "p" }, "geometry": { "type": "Point", "coordinates": [ 785405.30023373127915, 6873396.566225664690137 ] } },
{ "type": "Feature", "properties": { "Art": "EIN", "bw_id": "NAK_EIN_705", "name": "Einleitung", "km": "0+705", "rwert": 367831.0, "hwert": 5807885, "bemerk": "Die Einleitung ist zu prüfen??", "beschreib": "Oberflächenwassereinleitung (Einleitungsmenge: 45,24 l/s, Kennziffer: 13309, Akz.: \t660/657-20-3/22)", "stat_von": 705, "Artgeo": "p" }, "geometry": { "type": "Point", "coordinates": [ 785589.523701724712737, 6873728.025048890151083 ] } },
{ "type": "Feature", "properties": { "Art": "EIN", "bw_id": "NAK_EIN_1565", "name": "Einleitung??", "km": "1+565", "rwert": 368209.0, "hwert": 5808659, "bemerk": "Die Einleitung ist zu prüfen??", "beschreib": "Einleitung??", "stat_von": 1565, "Artgeo": "p" }, "geometry": { "type": "Point", "coordinates": [ 786173.777669782168232, 6875013.74985274951905 ] } },
{ "type": "Feature", "properties": { "Art": "EIN", "bw_id": "NAK_EIN_2750", "name": "Einlaufbauwerk", "km": "2+750", "rwert": 368823.0, "hwert": 5809651, "bemerk": null, "beschreib": "Einlaufbauwerk", "stat_von": 2750, "Artgeo": "p" }, "geometry": { "type": "Point", "coordinates": [ 787134.779353757156059, 6876667.517964059486985 ] } },
{ "type": "Feature", "properties": { "Art": "EIN", "bw_id": "NAK_EIN_2800", "name": "OW-Einleit., Nordhorn-Almelo-Kanal,Nordhorn (B-003)", "km": "2+800", "rwert": 368857.0, "hwert": 5809690, "bemerk": "B-003 (aktiv, real) , OW-Einl., Nordhorn-Almelo-Ka", "beschreib": "OW-Einleit., Nordhorn-Almelo-Kanal,Nordhorn (B-003)", "stat_von": 2800, "Artgeo": "p" }, "geometry": { "type": "Point", "coordinates": [ 787188.701413695816882, 6876732.971344391815364 ] } },
{ "type": "Feature", "properties": { "Art": "EIN", "bw_id": "NAK_EIN_2810", "name": "Klukkerthafen", "km": "2+810", "rwert": 368836.0, "hwert": 5809721, "bemerk": "Der Hafen wurde am 30. Juni 1904 – einige Jahre nach dem Bau des Kanals – eröffnet. Das Hafenbecken ist rund 100 Meter lang und 25 Meter breit. Der Nino-Klukkert-Hafen wurde am 6. Mai 2006 zum 2.ten mal durch Christian Wulf eröffnet", "beschreib": "Klukkerthafen", "stat_von": 2810, "Artgeo": "p" }, "geometry": { "type": "Point", "coordinates": [ 787152.990993256215006, 6876782.896499743685126 ] } },
{ "type": "Feature", "properties": { "Art": "EIN", "bw_id": "NAK_EIN_3075", "name": "OW-Einleit., Nordhorn-Almelo-Kanal,Nordhorn (B-004)", "km": "3+075", "rwert": 369029.0, "hwert": 5809906, "bemerk": "B-004 (aktiv, real) , OW-Einl., Nordhorn-Almelo-Ka", "beschreib": "OW-Einleit., Nordhorn-Almelo-Kanal,Nordhorn (B-004)", "stat_von": 3075, "Artgeo": "p" }, "geometry": { "type": "Point", "coordinates": [ 787460.681262515252456, 6877094.772761070169508 ] } },
{ "type": "Feature", "properties": { "Art": "EIN", "bw_id": "NAK_EIN_3076", "name": "OW-Einleit., Nordhorn-Almelo-Kanal,Nordhorn (B-006)", "km": "3+076", "rwert": 369028.0, "hwert": 5809932, "bemerk": "B-006 (aktiv, real) , OW-Einl., Nordhorn-Almelo-Ka", "beschreib": "OW-Einleit., Nordhorn-Almelo-Kanal,Nordhorn (B-006)", "stat_von": 3076, "Artgeo": "p" }, "geometry": { "type": "Point", "coordinates": [ 787457.911343065439723, 6877137.37466992251575 ] } },
{ "type": "Feature", "properties": { "Art": "EIN", "bw_id": "NAK_EIN_3150", "name": "OW-Einleit., Nordhorn-Almelo-Kanal,Nordhorn (B-005)", "km": "3+150", "rwert": 369074.0, "hwert": 5809965, "bemerk": "B-005 (aktiv, real) , OW-Einl., Nordhorn-Almelo-Ka", "beschreib": "OW-Einleit., Nordhorn-Almelo-Kanal,Nordhorn (B-005)", "stat_von": 3150, "Artgeo": "p" }, "geometry": { "type": "Point", "coordinates": [ 787531.734313098480925, 6877193.512824415229261 ] } },
{ "type": "Feature", "properties": { "Art": "EIN", "bw_id": "NAK_EIN_4040", "name": "Seitenkanal (Alte Weberei)", "km": "4+040", "rwert": 369280.0, "hwert": 5810792, "bemerk": null, "beschreib": "Der Stichkanal führt zum Wohngebiet Südgracht.", "stat_von": 4040, "Artgeo": "p" }, "geometry": { "type": "Point", "coordinates": [ 787832.774738212348893, 6878559.098269395530224 ] } },
{ "type": "Feature", "properties": { "Art": "EIN", "bw_id": "NAK_EIN_4115", "name": "Seitenkanal (links)", "km": "4+115", "rwert": 369273.0, "hwert": 5810865, "bemerk": null, "beschreib": "Seitenkanal (links)", "stat_von": 4115, "Artgeo": "p" }, "geometry": { "type": "Point", "coordinates": [ 787818.140890800976194, 6878678.550902795046568 ] } },
{ "type": "Feature", "properties": { "Art": "QUE", "bw_id": "NAK_QUE_2045", "name": "Querung mit 10 kv Stromleitung?", "km": "2+045", "rwert": 368391.0, "hwert": 5809104, "bemerk": "Die Leitung ist im Plan zur Leitung bei km 2020 (S", "beschreib": "Dükerung", "stat_von": 2045, "Artgeo": "p" }, "geometry": { "type": "Point", "coordinates": [ 786451.982459711260162, 6875751.482015117071569 ] } },
{ "type": "Feature", "properties": { "Art": "QUE", "bw_id": "NAK_QUE_2300", "name": "10 kv, NVB", "km": "2+300", "rwert": 368519.0, "hwert": 5809322, "bemerk": "Bestandspläne?", "beschreib": "Kreuzung NAK mit mehreren Stromleitungen. Die Dükerung erfolgt im lenkbaren HDD-Verfahren, parallel zum Brückenbauwerk, Länge ca. 100 m, 4 x HDPE Rohr DN 150 als Schutzrohr für 10 kV Kabel 3x1x185 und 1 x Leerrohr PE 50, Überdeckung 4,00 m", "stat_von": 2300, "Artgeo": "p" }, "geometry": { "type": "Point", "coordinates": [ 786651.829087572870776, 6876114.613463019952178 ] } },
{ "type": "Feature", "properties": { "Art": "QUE", "bw_id": "NAK_QUE_950", "name": "Kreuzung NAK mit Trinkwasserleitung PVC 200", "km": "0+950", "rwert": 367932.0, "hwert": 5808111, "bemerk": null, "beschreib": "Kreuzung des NAK mit einer Trinkwasserleitung PVC 200 (HDPE da 225 mm x 20,5mm) und Kreuzung mit der parallel zum NAK verlaufenden MD Erdgasleitung (HDPE da 225 mm x 20,5 mm) sowie einem Leerrohr (HDPE da 110x10mm)", "stat_von": 950, "Artgeo": "p" }, "geometry": { "type": "Point", "coordinates": [ 785744.772869391134009, 6874103.013677212409675 ] } },
{ "type": "Feature", "properties": { "Art": "SLE", "bw_id": "NAK_SLE_280", "name": "Grenzschleuse (Frensdorferhaar)", "km": "0+280", "rwert": 367639.0, "hwert": 5807512, "bemerk": null, "beschreib": "Die Schleuse stellte früher die Verbindung des Nordhorn-Almelo-Kanals nach den Niederlanden dar. Heute ist die Verbindung durch einen Erdwall südwestlich der Schleuse unterbrochen.", "stat_von": 280, "Artgeo": "p" }, "geometry": { "type": "Point", "coordinates": [ 785291.94355600583367, 6873108.043294973671436 ] } },
{ "type": "Feature", "properties": { "Art": "SON", "bw_id": "NAK_SON_155", "name": "Altes Zollhaus", "km": "0+155", "rwert": 367559.0, "hwert": 5807416, "bemerk": null, "beschreib": "Das rund 115 Jahre alte Baudenkmal war in allerletzter Minute vor dem Verfall gerettet worden und ist nun ein Ort der Begegnung.", "stat_von": 155, "Artgeo": "p" }, "geometry": { "type": "Point", "coordinates": [ 785165.348610879154876, 6872947.132851231843233 ] } },
{ "type": "Feature", "properties": { "Art": "SON", "bw_id": "NAK_SON_210", "name": "Schutzhütte oh Schleuse Frensdorfer Haar", "km": "0+210", "rwert": 367625.0, "hwert": 5807438, "bemerk": null, "beschreib": "Schutzhütte (Raststation) oberhalb Schleuse Frensdorfer-Haar", "stat_von": 210, "Artgeo": "p" }, "geometry": { "type": "Point", "coordinates": [ 785272.306860536686145, 6872986.11181106697768 ] } },
{ "type": "Feature", "properties": { "Art": "SON", "bw_id": "NAK_SON_295", "name": "Böschungstreppe Schleuse Frensdorfer Haar", "km": "0+295", "rwert": 367633.0, "hwert": 5807531, "bemerk": null, "beschreib": "Böschungstreppe Schleuse Frensdorfer Haar", "stat_von": 295, "Artgeo": "p" }, "geometry": { "type": "Point", "coordinates": [ 785281.295548663823865, 6873138.926956874318421 ] } },
{ "type": "Feature", "properties": { "Art": "SON", "bw_id": "NAK_SON_315", "name": "Böschungstreppe uh Schleuse (untere Böschung)", "km": "0+315", "rwert": 367663.0, "hwert": 5807537, "bemerk": null, "beschreib": "Böschungstreppe uh Schleuse (untere Böschung)", "stat_von": 315, "Artgeo": "p" }, "geometry": { "type": "Point", "coordinates": [ 785330.090244393795729, 6873150.08697035163641 ] } },
{ "type": "Feature", "properties": { "Art": "SON", "bw_id": "NAK_SON_3280", "name": "OW-Entn.,Nordhorn-Almelo-Kanal,Nordhorn", "km": "3+280", "rwert": 369143.0, "hwert": 5810078, "bemerk": "A-002 (aktiv, real), OW-Entn.,Nordhorn-Almelo-Kana", "beschreib": "OW-Entn.,Nordhorn-Almelo-Kanal,Nordhorn", "stat_von": 3280, "Artgeo": "p" }, "geometry": { "type": "Point", "coordinates": [ 787639.703836646396667, 6877381.876127833500504 ] } },
{ "type": "Feature", "properties": { "Art": "SON", "bw_id": "NAK_SON_300", "name": "Böschungstreppe links uh Brücke", "km": "0+300", "rwert": 367656.0, "hwert": 5807525, "bemerk": null, "beschreib": "Böschungstreppe links uh Brücke", "stat_von": 300, "Artgeo": "p" }, "geometry": { "type": "Point", "coordinates": [ 785319.171291729784571, 6873130.105420535430312 ] } },
{ "type": "Feature", "properties": { "Art": "SON", "bw_id": "NAK_SON_290", "name": "Infotafel Grenzschleuse NAK", "km": "0+290", "rwert": 367659.0, "hwert": 5807511, "bemerk": null, "beschreib": "Infotafel Grenzschleuse NAK", "stat_von": 290, "Artgeo": "p" }, "geometry": { "type": "Point", "coordinates": [ 785324.693259051418863, 6873107.286321337334812 ] } },
{ "type": "Feature", "properties": { "Art": "QUE", "bw_id": "NAK_QUE_415", "name": "Dükerung Gasleitung", "km": "0+415", "rwert": 367693.0, "hwert": 5807621, "bemerk": null, "beschreib": "Dükerung", "stat_von": 415, "Artgeo": "p" }, "geometry": { "type": "Point", "coordinates": [ 785375.453290158882737, 6873289.120803315192461 ] } },
{ "type": "Feature", "properties": { "Art": "SON", "bw_id": "NAK_SON_2810", "name": "Klukkert-Hafen", "km": "2+810", "rwert": 368838.0, "hwert": 5809717, "bemerk": null, "beschreib": "Der Nino-Klukkert-Hafen, auch Klukkert-Hafen oder Nino-Hafen genannt, liegt am Nordhorn-Almelo-Kanal an der Augustastraße auf der Höhe der Kanalbrücke Gildehauser Weg in Nordhorn (Landkreis Grafschaft Bentheim in Niedersachsen).", "stat_von": 2810, "Artgeo": "p" }, "geometry": { "type": "Point", "coordinates": [ 787156.437750671757385, 6876776.423469558358192 ] } },
{ "type": "Feature", "properties": { "Art": "EIN", "bw_id": "NAK_EIN_2470", "name": "Einlaufbauwerk", "km": "2+470", "rwert": 368622.0, "hwert": 5809453, "bemerk": null, "beschreib": "Einlaufbauwerk", "stat_von": 2470, "Artgeo": "p" }, "geometry": { "type": "Point", "coordinates": [ 786814.598794692661613, 6876333.974668016657233 ] } },
{ "type": "Feature", "properties": { "Art": "EIN", "bw_id": "NAK_EIN_2230", "name": "Einlaufbauwerk", "km": "2+230", "rwert": 368464.0, "hwert": 5809275, "bemerk": null, "beschreib": "Einlaufbauwerk", "stat_von": 2230, "Artgeo": "p" }, "geometry": { "type": "Point", "coordinates": [ 786563.912013070075773, 6876035.120047025382519 ] } },
{ "type": "Feature", "properties": { "Art": "EIN", "bw_id": "NAK_EIN_1045", "name": "Einlaufbauwerk", "km": "1+045", "rwert": 367981.0, "hwert": 5808192, "bemerk": null, "beschreib": "Einlaufbauwerk", "stat_von": 1045, "Artgeo": "p" }, "geometry": { "type": "Point", "coordinates": [ 785821.354806331917644, 6874237.979402954690158 ] } },
{ "type": "Feature", "properties": { "Art": "SON", "bw_id": "NAK_SON_1945", "name": "Bootsanlger Ludwig-Povel-Schule", "km": "1+945", "rwert": 368358.0, "hwert": 5809004, "bemerk": "Vertrag??", "beschreib": "Bootsanlger Ludwig-Povel-Schule", "stat_von": 1945, "Artgeo": "p" }, "geometry": { "type": "Point", "coordinates": [ 786402.381129217450507, 6875586.041350993327796 ] } },
{ "type": "Feature", "properties": { "Art": "SON", "bw_id": "NAK_SON_2815", "name": "Infotafel Wasserstadt", "km": "2+815", "rwert": 368872.0, "hwert": 5809696, "bemerk": null, "beschreib": "Infotafel Wasserstadt", "stat_von": 2815, "Artgeo": "p" }, "geometry": { "type": "Point", "coordinates": [ 787212.980026008561254, 6876743.468668824061751 ] } },
{ "type": "Feature", "properties": { "Art": "QUE", "bw_id": "NAK_QUE_2750", "name": "Dükerung Gasleitung", "km": "2+750", "rwert": 368819.0, "hwert": 5809656, "bemerk": "Noch im Antragsverfahren", "beschreib": "Dükerung", "stat_von": 2750, "Artgeo": "p" }, "geometry": { "type": "Point", "coordinates": [ 787128.016908955411054, 6876675.543461695313454 ] } },
{ "type": "Feature", "properties": { "Art": "SON", "bw_id": "NAK_SON_2710", "name": "Böschungstreppe", "km": "2+710", "rwert": 368801.0, "hwert": 5809619, "bemerk": null, "beschreib": "Böschungstreppe", "stat_von": 2710, "Artgeo": "p" }, "geometry": { "type": "Point", "coordinates": [ 787100.184533329214901, 6876614.070991705171764 ] } },
{ "type": "Feature", "properties": { "Art": "SON", "bw_id": "NAK_SON_2715", "name": "Steganlage (Privat)", "km": "2+715", "rwert": 368790.0, "hwert": 5809636, "bemerk": null, "beschreib": "Steganlage (Privat)", "stat_von": 2715, "Artgeo": "p" }, "geometry": { "type": "Point", "coordinates": [ 787081.445848122471943, 6876641.471268702298403 ] } },
{ "type": "Feature", "properties": { "Art": "SON", "bw_id": "NAK_SON_2975", "name": "Feuerlöschentnahmestelle", "km": "2+975", "rwert": 368967.0, "hwert": 5809824, "bemerk": null, "beschreib": "Feuerlöschentnahmestelle", "stat_von": 2975, "Artgeo": "p" }, "geometry": { "type": "Point", "coordinates": [ 787362.819806390209123, 6876957.56552819442004 ] } },
{ "type": "Feature", "properties": { "Art": "SON", "bw_id": "NAK_SON_3000", "name": "Schaltschrank", "km": "3+000", "rwert": 368987.0, "hwert": 5809846, "bemerk": null, "beschreib": "Schaltschrank", "stat_von": 3000, "Artgeo": "p" }, "geometry": { "type": "Point", "coordinates": [ 787394.581835487508215, 6876994.524296998046339 ] } },
{ "type": "Feature", "properties": { "Art": "SON", "bw_id": "NAK_SON_2890", "name": "Revisionsschacht TW-Längsverlegung", "km": "2+890", "rwert": 368922.0, "hwert": 5809758, "bemerk": null, "beschreib": "Revisionsschacht TW-Längsverlegung", "stat_von": 2890, "Artgeo": "p" }, "geometry": { "type": "Point", "coordinates": [ 787292.076357864425518, 6876847.34577713906765 ] } },
{ "type": "Feature", "properties": { "Art": "EIN", "bw_id": "NAK_EIN_1865", "name": "Einlaufbauwerk", "km": "1+865", "rwert": 368313.0, "hwert": 5808942, "bemerk": "Vertrag nachtragen", "beschreib": "Einlaufbauwerk", "stat_von": 1865, "Artgeo": "p" }, "geometry": { "type": "Point", "coordinates": [ 786331.487379946396686, 6875482.391685382463038 ] } },
{ "type": "Feature", "properties": { "Art": "SON", "bw_id": "NAK_SON_1815", "name": "Trafohaus Brücke Nürnberger Weg", "km": "1+815", "rwert": 368320.0, "hwert": 5808887, "bemerk": "Vertrag suchen??", "beschreib": "Trafohaus Brücke Nürnberger Weg", "stat_von": 1815, "Artgeo": "p" }, "geometry": { "type": "Point", "coordinates": [ 786345.347905169473961, 6875392.506509190425277 ] } },
{ "type": "Feature", "properties": { "Art": "EIN", "bw_id": "NAK_EIN_1780", "name": "Rohreinlauf", "km": "1+780", "rwert": 368299.0, "hwert": 5808855, "bemerk": null, "beschreib": "Rohreinlauf", "stat_von": 1780, "Artgeo": "p" }, "geometry": { "type": "Point", "coordinates": [ 786312.399450018885545, 6875339.108646622858942 ] } },
{ "type": "Feature", "properties": { "Art": "EIN", "bw_id": "NAK_EIN_1930", "name": "Rohreinlauf (mit Gitter)", "km": "1+930", "rwert": 368356.0, "hwert": 5808994, "bemerk": "Vertrag suchen??", "beschreib": "Rohreinlauf (mit Gitter)", "stat_von": 1930, "Artgeo": "p" }, "geometry": { "type": "Point", "coordinates": [ 786399.547636417672038, 6875569.554551151581109 ] } },
{ "type": "Feature", "properties": { "Art": "QUE", "bw_id": "NAK_QUE_1000", "name": "Abwasserdüker 2xDN250", "km": "1+000", "rwert": 367953.0, "hwert": 5808156, "bemerk": "!! Dükerschild kontrollieren", "beschreib": "Abwasserdüker 2 x DN 250 mit 2 Schächten jeweils rechts und links am NAK. Der dort bisher vorhandene Düker wurde in 2022/23 erneuert bzw. durch 2 Leitungen DN 250 ersetzt. Die Baumaßnahme wurde in offener Bauweise umgesetzt", "stat_von": 1000, "Artgeo": "p" }, "geometry": { "type": "Point", "coordinates": [ 785777.141596956062131, 6874177.720457836054265 ] } },
{ "type": "Feature", "properties": { "Art": "SON", "bw_id": "NAK_SON_0", "name": "Absperrdamm und Querung der Rammelbecke", "km": "0+000", "rwert": 367438.0, "hwert": 5807321, "bemerk": null, "beschreib": "Absperrdamm und Querung der Rammelbecke. 1961 wurde der Kanal auf niederländischer Seite zugeschüttet.", "stat_von": 0, "Artgeo": "p" }, "geometry": { "type": "Point", "coordinates": [ 784971.670736973988824, 6872786.051641155965626 ] } },
{ "type": "Feature", "properties": { "Art": "SON", "bw_id": "NAK_SON_3560", "name": "Steganlage", "km": "3+560", "rwert": 369269.0, "hwert": 5810291, "bemerk": "Position prüfen ; widerrechtlich", "beschreib": "widerrechtlich errichtete Steganlage", "stat_von": 3560, "Artgeo": "p" }, "geometry": { "type": "Point", "coordinates": [ 787836.588859463459812, 6877736.763506748713553 ] } },
{ "type": "Feature", "properties": { "Art": "BRU", "bw_id": "PCK_BRU_10380", "name": "Brücke Landesstraße L 46", "km": "10+380", "rwert": 360904.0, "hwert": 5830997, "bemerk": null, "beschreib": "Einfeld-Stahlbetonbrücke im Zuge der Landesstraße L 46 „Meppener Straße“", "stat_von": 10380, "Artgeo": "p" }, "geometry": { "type": "Point", "coordinates": [ 773185.945658191456459, 6911392.185586216859519 ] } },
{ "type": "Feature", "properties": { "Art": "BRU", "bw_id": "PCK_BRU_11450", "name": "Brücke Brookstraße", "km": "11+450", "rwert": 359883.0, "hwert": 5831234, "bemerk": null, "beschreib": "Dreifeld-Stahlbetonbrücke im Zuge der Gemeindestraße „Brookstraße“", "stat_von": 11450, "Artgeo": "p" }, "geometry": { "type": "Point", "coordinates": [ 771497.314262710395269, 6911734.436038977466524 ] } },
{ "type": "Feature", "properties": { "Art": "BRU", "bw_id": "PCK_BRU_12850", "name": "Brücke Höftestraße", "km": "12+850", "rwert": 358555.0, "hwert": 5831598, "bemerk": null, "beschreib": "Dreifeld-Stahlbetonbrücke im Zuge der Gemeindestraße „Höftestraße“", "stat_von": 12850, "Artgeo": "p" }, "geometry": { "type": "Point", "coordinates": [ 769298.074706659186631, 6912270.890822738409042 ] } },
{ "type": "Feature", "properties": { "Art": "BRU", "bw_id": "PCK_BRU_14465", "name": "Dükerbrücke Entlastungskanal (Einlauf)", "km": "14+465", "rwert": 357040.0, "hwert": 5832130, "bemerk": "Was wurde hier in 2024 für Arbeiten durchgeführt (siehe EPE)", "beschreib": "Über dem Dükereinlauf befindet sich eine Brücke aus Stahlträgern mit Holzbohlen als Brückenbelag. Das Bauwerk ist als Baudenkmal eingestuft. Die Dükerbrücke Entlastungskanal/ Einlauf ist als Einfeld Plattenbrücke ausgebildet.", "stat_von": 14465, "Artgeo": "p" }, "geometry": { "type": "Point", "coordinates": [ 766783.185537765501067, 6913074.498113874346018 ] } },
{ "type": "Feature", "properties": { "Art": "BRU", "bw_id": "PCK_BRU_14625", "name": "Drehbrücke Hahnenberger Diek", "km": "14+625", "rwert": 356879.0, "hwert": 5832140, "bemerk": null, "beschreib": "Die Drehbrücke liegt im Zuge der Gemeindestraße „Hahnenberger Diek\". Die denkmalgeschützte Brücke ist als 3-feldrige Brücke ausgebildet. Sie besteht aus einem festen Brückenteil (Vorlandbrücke) sowie einer ungleicharmigen Drehbrück.", "stat_von": 14625, "Artgeo": "p" }, "geometry": { "type": "Point", "coordinates": [ 766518.141192380338907, 6913083.195364152081311 ] } },
{ "type": "Feature", "properties": { "Art": "BRU", "bw_id": "PCK_BRU_15585", "name": "Brücke Neuerostraße", "km": "15+585", "rwert": 355937.0, "hwert": 5832315, "bemerk": null, "beschreib": "Einfeld-Stahlbetonbrücke im Zuge der Gemeinde-straße „Neuerostraße“", "stat_von": 15585, "Artgeo": "p" }, "geometry": { "type": "Point", "coordinates": [ 764961.723642897675745, 6913325.80643402878195 ] } },
{ "type": "Feature", "properties": { "Art": "BRU", "bw_id": "PCK_BRU_15890", "name": "Rohrleitungsbrücke Wintershall", "km": "15+890", "rwert": 355646.0, "hwert": 5832248, "bemerk": "??Denkmalschutz?;ID:36064681??", "beschreib": "Rohrleitungsbrücke Wintershall", "stat_von": 15890, "Artgeo": "p" }, "geometry": { "type": "Point", "coordinates": [ 764486.788030493305996, 6913201.263846770860255 ] } },
{ "type": "Feature", "properties": { "Art": "BRU", "bw_id": "PCK_BRU_16070", "name": "Werksbrücke (Stahlbrücke)", "km": "16+070", "rwert": 355470.0, "hwert": 5832194, "bemerk": null, "beschreib": "Die Zweifeld-Brücke verbindet das durch den Kanal zerschnittene Werksgelände der Emsland-Stärke. Die Brücke ist auf der nördlichen Seite mit einer Unterführung für den Fahrzeugverkehr versehen. Die Brücke ist nur für den Werksverkehr zugelassen.", "stat_von": 16070, "Artgeo": "p" }, "geometry": { "type": "Point", "coordinates": [ 764200.205210319370963, 6913103.724590628407896 ] } },
{ "type": "Feature", "properties": { "Art": "BRU", "bw_id": "PCK_BRU_16305", "name": "Förderband", "km": "16+305", "rwert": 355230.0, "hwert": 5832184, "bemerk": null, "beschreib": "Im Bereich des Werksgeländes der Stärkefabrik Emlichheim überquert ein Förderband den Piccardie-Coevorden-Kanal.", "stat_von": 16305, "Artgeo": "p" }, "geometry": { "type": "Point", "coordinates": [ 763806.318998059723526, 6913075.529534596949816 ] } },
{ "type": "Feature", "properties": { "Art": "BRU", "bw_id": "PCK_BRU_16400", "name": "Stahlbetonbrücke (Werksbrücke)", "km": "16+400", "rwert": 355138.0, "hwert": 5832184, "bemerk": null, "beschreib": "Die Einfeld-Stahlbetonbrücke verbindet die beiden durch den Kanal zerschnittenen Bereiche des Werksgeländes der Stärkefabrik. Die Brücke ist auf der nördlichen Seite mit einer Unterführung für den Fahrzeugverkehr versehen.", "stat_von": 16400, "Artgeo": "p" }, "geometry": { "type": "Point", "coordinates": [ 763655.143069161917083, 6913071.030964622274041 ] } },
{ "type": "Feature", "properties": { "Art": "BRU", "bw_id": "PCK_BRU_16645", "name": "Rahmendurchlass Landesstraße L 44 (Oelstrasse)", "km": "16+645", "rwert": 354893.0, "hwert": 5832192, "bemerk": null, "beschreib": "Rahmendurchlass im Zuge der Landesstraße L 44 „Oelstraße“", "stat_von": 16645, "Artgeo": "p" }, "geometry": { "type": "Point", "coordinates": [ 763252.165070408023894, 6913072.215511099435389 ] } },
{ "type": "Feature", "properties": { "Art": "BRU", "bw_id": "PCK_BRU_16685", "name": "Rohrleitungsbrücke", "km": "16+685", "rwert": 354856.0, "hwert": 5832188, "bemerk": null, "beschreib": "Kreuzung des PCK´s mit Erdgasleitungen mittels einer Rohrbrücke", "stat_von": 16685, "Artgeo": "p" }, "geometry": { "type": "Point", "coordinates": [ 763191.561798748094589, 6913063.813272315077484 ] } },
{ "type": "Feature", "properties": { "Art": "BRU", "bw_id": "PCK_BRU_17300", "name": "Drehbrücke Markowski", "km": "17+300", "rwert": 354237.0, "hwert": 5832197, "bemerk": null, "beschreib": "Die auch „Stöffer-Richterveen-Brücke“ genannte Drehbrücke \"Markowski\" verbindet den nördlichen mit dem südlichen Unterhaltungsweg. Die Brücke ist nur noch für den Fuß- und Radwegverkehr zugelassen. Die Drehbrücke ist als 3-feldrige Brücke ausgebildet.", "stat_von": 17300, "Artgeo": "p" }, "geometry": { "type": "Point", "coordinates": [ 762173.978238654904999, 6913048.238253409974277 ] } },
{ "type": "Feature", "properties": { "Art": "BRU", "bw_id": "PCK_BRU_18060", "name": "Brücke Westerfeld", "km": "18+060", "rwert": 353542.0, "hwert": 5832463, "bemerk": null, "beschreib": "Die Brücke verbindet den westlichen Teil der Gemeinde Emlichheim mit den Siedlungen nördlich des Kanals und ist von großer Bedeutung für die landwirtschaftlichen Flächen beiderseits des Kanals.", "stat_von": 18060, "Artgeo": "p" }, "geometry": { "type": "Point", "coordinates": [ 761018.840742728090845, 6913452.134285771287978 ] } },
{ "type": "Feature", "properties": { "Art": "BRU", "bw_id": "PCK_BRU_19095", "name": "Schleusenbrücke Schleuse III", "km": "19+095", "rwert": 352637.0, "hwert": 5832963, "bemerk": "Investiert wurden 2011 insgesamt rd. 143.000 Euro, die aus Mitteln des Niedersächsischen Umweltministeriums stammen.", "beschreib": "Über dem Unterhaupt der Schleuse III befindet sich diese ehemalige Drehbrücke. Die ehemals drehbare Schleusenbrücke (Typ: Landstraßenbrücke) ist als Einfeld-Brücke ausgebildet, deren Hauptöffnung das Unterhaupt der Schleuse überbrückt.", "stat_von": 19095, "Artgeo": "p" }, "geometry": { "type": "Point", "coordinates": [ 759506.871270494535565, 6914230.941693254746497 ] } },
{ "type": "Feature", "properties": { "Art": "BRU", "bw_id": "PCK_BRU_19645", "name": "Durchlass Volzeler Feldweg", "km": "19+645", "rwert": 352157.0, "hwert": 5833229, "bemerk": null, "beschreib": "Armco-Durchlass im Zuge der Gemeindestraße „Volzeler Feldweg“", "stat_von": 19645, "Artgeo": "p" }, "geometry": { "type": "Point", "coordinates": [ 758704.785170998307876, 6914645.252184052951634 ] } },
{ "type": "Feature", "properties": { "Art": "BRU", "bw_id": "PCK_BRU_1980", "name": "Drehbrücke Vügten", "km": "1+980", "rwert": 367245.0, "hwert": 5825852, "bemerk": "Brücke wurde 2015 nach Sanierung durch NLWKN für 90.000 € an Gemeinde Osterwald basierend auf Querungskonzept abgegeben", "beschreib": "Die Drehbrücke verbindet die K 19 mit dem Straßennetz an der südlichen Seite des Kanals und liegt im Zuge der Gemeindestraße „Zum Sternbusch“. Sie ist heute nur noch für den Fuß- und Radwegverkehr zugelassen.", "stat_von": 1980, "Artgeo": "p" }, "geometry": { "type": "Point", "coordinates": [ 783834.106667188229039, 6903212.66457733977586 ] } },
{ "type": "Feature", "properties": { "Art": "BRU", "bw_id": "PCK_BRU_20855", "name": "Brücke  Ramakers Diek", "km": "20+855", "rwert": 351061.0, "hwert": 5833732, "bemerk": null, "beschreib": "Armco-Durchlass im Zuge der Gemeindestraße „Ramakers Diek“", "stat_von": 20855, "Artgeo": "p" }, "geometry": { "type": "Point", "coordinates": [ 756878.288945560809225, 6915419.06605214253068 ] } },
{ "type": "Feature", "properties": { "Art": "BRU", "bw_id": "PCK_BRU_2110", "name": "Brücke Kaveldiek", "km": "2+110", "rwert": 367125.0, "hwert": 5825902, "bemerk": null, "beschreib": "Bauwerksbuch bei GB 2??", "stat_von": 2110, "Artgeo": "p" }, "geometry": { "type": "Point", "coordinates": [ 783634.909291733754799, 6903289.574126023799181 ] } },
{ "type": "Feature", "properties": { "Art": "BRU", "bw_id": "PCK_BRU_22380", "name": "Brücke Aatalstraße", "km": "22+380", "rwert": 350074.0, "hwert": 5834885, "bemerk": null, "beschreib": "Fünffeld-Stahlbetonbrücke im Zuge der Gemeindestraße „Aatalstraße“", "stat_von": 22380, "Artgeo": "p" }, "geometry": { "type": "Point", "coordinates": [ 755197.756673095980659, 6917269.230294866487384 ] } },
{ "type": "Feature", "properties": { "Art": "BRU", "bw_id": "PCK_BRU_22825", "name": "Drehbrücke Am Zollamt", "km": "22+825", "rwert": 349779.0, "hwert": 5835224, "bemerk": null, "beschreib": "Bei der Brücke handelt es sich um eine Einfeld-Drehbrücke (Typ: Landstraßenbrücke). Die Hauptkonstruktion der Brücke besteht aus einer Stahlkonstruktion mit Holzbohlen als Brückenbelag. Die Brücke wurde 1980 an die Gemeinde Laar abgeben", "stat_von": 22825, "Artgeo": "p" }, "geometry": { "type": "Point", "coordinates": [ 754695.60404730879236, 6917812.974079214967787 ] } },
{ "type": "Feature", "properties": { "Art": "BRU", "bw_id": "PCK_BRU_3055", "name": "Stahlbetonbrücke ter Horst", "km": "3+055", "rwert": 366259.0, "hwert": 5826279, "bemerk": "Hinweis an Denkmalschutz?? Alte Brücke nicht mehr vorhanden!!", "beschreib": "Einfeldstahlbetonbrücke im Zuge der Gemeindestraße \"Ahornstraße\"", "stat_von": 3055, "Artgeo": "p" }, "geometry": { "type": "Point", "coordinates": [ 782196.531258053146303, 6903871.081428843550384 ] } },
{ "type": "Feature", "properties": { "Art": "BRU", "bw_id": "PCK_BRU_3735", "name": "Brücke Bahnhostraße K 28", "km": "3+735", "rwert": 365674.0, "hwert": 5826606, "bemerk": null, "beschreib": "Dreifeld-Stahlbetonbrücke im Zuge der Kreisstraße K 28", "stat_von": 3735, "Artgeo": "p" }, "geometry": { "type": "Point", "coordinates": [ 781221.49971694429405, 6904382.807115592062473 ] } },
{ "type": "Feature", "properties": { "Art": "BRU", "bw_id": "PCK_BRU_4360", "name": "Drehbrücke Hoesmann", "km": "4+360", "rwert": 365285.0, "hwert": 5827090, "bemerk": null, "beschreib": "Die Drehbrücke liegt im Zuge der Gemeindestraße „Deilmannstraße“. Die denkmalgeschützte Brücke ist als 3-feldrige Brücke ausgebildet. Sie besteht aus einem festen Brückenteil (Vorlandbrücke) sowie einer ungleicharmigen Drehbrücke (Typ: Feldwegdrehbrücke).", "stat_von": 4360, "Artgeo": "p" }, "geometry": { "type": "Point", "coordinates": [ 780561.01392845925875, 6905161.736665423028171 ] } },
{ "type": "Feature", "properties": { "Art": "BRU", "bw_id": "PCK_BRU_5410", "name": "Drehbrücke Nöst", "km": "5+410", "rwert": 364620.0, "hwert": 5827908, "bemerk": null, "beschreib": "Die Brücke ist als Einfeld-Drehbrücke (Feldwegdrehbrücke) ausgebildet, deren Hauptöffnung den Kanal überbrückt. Die Funktionstüchtigkeit der Drehvorrichtung ist weiterhin vorhanden.", "stat_von": 5410, "Artgeo": "p" }, "geometry": { "type": "Point", "coordinates": [ 779432.036773999570869, 6906477.889181742444634 ] } },
{ "type": "Feature", "properties": { "Art": "BRU", "bw_id": "PCK_BRU_6230", "name": "Holzbrücke Aulen Diek", "km": "6+230", "rwert": 364104.0, "hwert": 5828544, "bemerk": null, "beschreib": "Dreifeld-Holzbrücke für den Fuß- und Radwegverkehr. Die Stützpfeiler sind auf den Pfeilern einer abgebauten Drehbrücke aufgestellt.", "stat_von": 6230, "Artgeo": "p" }, "geometry": { "type": "Point", "coordinates": [ 778555.704743544803932, 6907501.287353976629674 ] } },
{ "type": "Feature", "properties": { "Art": "BRU", "bw_id": "PCK_BRU_6875", "name": "Holzbrücke Bathorner Diek", "km": "6+875", "rwert": 363697.0, "hwert": 5829046, "bemerk": null, "beschreib": "Dreifeld-Holzbrücke für den Fuß- und Radwegverkehr", "stat_von": 6875, "Artgeo": "p" }, "geometry": { "type": "Point", "coordinates": [ 777864.315699502942152, 6908309.098047694191337 ] } },
{ "type": "Feature", "properties": { "Art": "BRU", "bw_id": "PCK_BRU_6885", "name": "Brücke Kreisstraße K 15", "km": "6+885", "rwert": 363691.0, "hwert": 5829052, "bemerk": null, "beschreib": "Dreifeld-Stahlbetonbrücke im Zuge der Kreisstraße     K 15", "stat_von": 6885, "Artgeo": "p" }, "geometry": { "type": "Point", "coordinates": [ 777854.186392106115818, 6908318.701088041998446 ] } },
{ "type": "Feature", "properties": { "Art": "BRU", "bw_id": "PCK_BRU_6925", "name": "Dükerbrücke Bathorn  (Auslauf)", "km": "6+925", "rwert": 363653.0, "hwert": 5829077, "bemerk": "keine Prüfung erforderlich??", "beschreib": "Die über dem Auslaufbauwerk befindliche Brücke wurde abgebrochen und durch eine feste Überfahrt ersetzt. Das historische Geländer inkl. Träger wurde zur Wiedererkennung einer vormaligen Dükerbrücke erhalten. Es ist keine Brückenprüfung erforderlich", "stat_von": 6925, "Artgeo": "p" }, "geometry": { "type": "Point", "coordinates": [ 777790.629670812515542, 6908358.116164818406105 ] } },
{ "type": "Feature", "properties": { "Art": "BRU", "bw_id": "PCK_BRU_7914", "name": "Hamko-Durchlass  VI (Umlaufgraben)", "km": "7+914", "rwert": 362994.0, "hwert": 5829793, "bemerk": null, "beschreib": "Brücke (Hamcodurchlass) im Zuge der Gemeindestraße „Wagenholter Diek“ über den Umlaufgraben der Schleuse I. Die ehemals hier vorhandene Holzbrücke wurde 2004 abgebrochen", "stat_von": 7914, "Artgeo": "p" }, "geometry": { "type": "Point", "coordinates": [ 776675.30598847719375, 6909506.696144151501358 ] } },
{ "type": "Feature", "properties": { "Art": "BRU", "bw_id": "PCK_BRU_7915", "name": "Schleusendrehbrücke Schleuse I", "km": "7+915", "rwert": 363007.0, "hwert": 5829812, "bemerk": null, "beschreib": "Über dem Unterhaupt der Schleuse I befindet sich diese Drehbrücke. Die drehbare Schleusenbrücke (Typ: Landstraßenbrücke) ist als Einfeld-Brücke ausgebildet, deren Hauptöffnung das Unterhaupt der Schleuse überbrückt", "stat_von": 7915, "Artgeo": "p" }, "geometry": { "type": "Point", "coordinates": [ 776695.784214097307995, 6909538.584068206138909 ] } },
{ "type": "Feature", "properties": { "Art": "BRU", "bw_id": "PCK_BRU_9350", "name": "Drehbrücke Lübbering", "km": "9+350", "rwert": 361819.0, "hwert": 5830620, "bemerk": null, "beschreib": "Die Drehbrücke (Typ: Feldwegbrücke) verbindet die K 19 mit dem Straßennetz an der südlichen Seite des Kanals und liegt im Zuge der Gemeindestraße „Brookdiek“. Die Drehbrücke ist als 3-feldrige Brücke ausgebildet (Drehfunktion ist gegeben).", "stat_von": 9350, "Artgeo": "p" }, "geometry": { "type": "Point", "coordinates": [ 774706.802264993079007, 6910814.075256193988025 ] } },
{ "type": "Feature", "properties": { "Art": "BRU", "bw_id": "PCK_BRU_9380", "name": "Dükerbrücke Neugnadenfelder Graben (Einlauf)", "km": "9+380", "rwert": 361801.0, "hwert": 5830649, "bemerk": "Was wurde hier 2024 an Arbeiten durchgeführt", "beschreib": "Über dem Ein- und Auslaufbauwerk befindet sich je eine Einfeldbrücke aus Stahlträgern mit Tonnengewölbe aus Mauerwerk.", "stat_von": 9380, "Artgeo": "p" }, "geometry": { "type": "Point", "coordinates": [ 774675.881881387904286, 6910860.997404159978032 ] } },
{ "type": "Feature", "properties": { "Art": "BRU", "bw_id": "PCK_BRU_9381", "name": "Dükerbrücke Neugnadenfelder Graben (Auslauf)", "km": "9+381", "rwert": 361786.0, "hwert": 5830626, "bemerk": null, "beschreib": "Über dem Ein- und Auslaufbauwerk befindet sich je eine Einfeldbrücke aus Stahlträgern mit Tonnengewölbe aus Mauerwerk.", "stat_von": 9381, "Artgeo": "p" }, "geometry": { "type": "Point", "coordinates": [ 774652.308825930231251, 6910822.418128778226674 ] } },
{ "type": "Feature", "properties": { "Art": "EIN", "bw_id": "PCK_EIN_13750", "name": "Auslauf Umlaufgraben", "km": "13+750", "rwert": 357719.0, "hwert": 5831925, "bemerk": null, "beschreib": "Auslauf Umlaufgraben", "stat_von": 13750, "Artgeo": "p" }, "geometry": { "type": "Point", "coordinates": [ 767908.779240600415505, 6912769.497818400152028 ] } },
{ "type": "Feature", "properties": { "Art": "EIN", "bw_id": "PCK_EIN_22185", "name": "Einmündung Emlichheimer Graben", "km": "22+185", "rwert": 350193.0, "hwert": 5834726, "bemerk": null, "beschreib": "Unterhalb der Schleuse PCK IV leitet der Emlichheimer Graben in den Kanal ein. Er  entwässert einen westlich von Emlichheim gelegenen Bereich und verläuft dann auf rund 1,5 km Länge als Transportgewässer neben dem Kanal", "stat_von": 22185, "Artgeo": "p" }, "geometry": { "type": "Point", "coordinates": [ 755401.424818048020825, 6917013.220763809978962 ] } },
{ "type": "Feature", "properties": { "Art": "EIN", "bw_id": "PCK_EIN_23475", "name": "Einmündung Grenzaa", "km": "23+475", "rwert": 349308.0, "hwert": 5835676, "bemerk": null, "beschreib": "Einmündung Grenzaa", "stat_von": 23475, "Artgeo": "p" }, "geometry": { "type": "Point", "coordinates": [ 753898.259007755899802, 6918534.014118234626949 ] } },
{ "type": "Feature", "properties": { "Art": "EIN", "bw_id": "PCK_EIN_23480", "name": "Einmündung Wettringe", "km": "23+480", "rwert": 349271.0, "hwert": 5835682, "bemerk": "Einlauf und U-Pflicht prüfen ; !!Der Verlauf der Wettringe ist im Grenzbereich nicht richtig dargestellt!!", "beschreib": "Einmündung Wettringe", "stat_von": 23480, "Artgeo": "p" }, "geometry": { "type": "Point", "coordinates": [ 753837.117168482742272, 6918542.017883230932057 ] } },
{ "type": "Feature", "properties": { "Art": "EIN", "bw_id": "PCK_EIN_7965", "name": "Einmündung R-Graben", "km": "7+965", "rwert": 362972.0, "hwert": 5829851, "bemerk": null, "beschreib": "Einmündung R-Graben", "stat_von": 7965, "Artgeo": "p" }, "geometry": { "type": "Point", "coordinates": [ 776636.494670358370058, 6909601.188234926201403 ] } },
{ "type": "Feature", "properties": { "Art": "EIN", "bw_id": "PCK_EIN_7985", "name": "Aulauf Umlaufgraben Schleuse I", "km": "7+985", "rwert": 362942.0, "hwert": 5829844, "bemerk": null, "beschreib": "Aulauf Umlaufgraben", "stat_von": 7985, "Artgeo": "p" }, "geometry": { "type": "Point", "coordinates": [ 776587.53860823973082, 6909588.274593896232545 ] } },
{ "type": "Feature", "properties": { "Art": "QUE", "bw_id": "PCK_QUE_10565", "name": "Oberleitung", "km": "10+565", "rwert": 360712.0, "hwert": 5831000, "bemerk": null, "beschreib": "Oberleitung", "stat_von": 10565, "Artgeo": "p" }, "geometry": { "type": "Point", "coordinates": [ 772870.356622838997282, 6911388.107748263515532 ] } },
{ "type": "Feature", "properties": { "Art": "QUE", "bw_id": "PCK_QUE_10720", "name": "Oberleitung", "km": "10+720", "rwert": 360562.0, "hwert": 5831006, "bemerk": null, "beschreib": "Oberleitung", "stat_von": 10720, "Artgeo": "p" }, "geometry": { "type": "Point", "coordinates": [ 772623.631431240355596, 6911390.935271505266428 ] } },
{ "type": "Feature", "properties": { "Art": "QUE", "bw_id": "PCK_QUE_12600", "name": "Querung Ölexportleitung Emlichheim", "km": "12+600", "rwert": 358794.0, "hwert": 5831538, "bemerk": null, "beschreib": "Querung Ölexportleitung Emlichheim", "stat_von": 12600, "Artgeo": "p" }, "geometry": { "type": "Point", "coordinates": [ 769693.630584362079389, 6912183.461790044791996 ] } },
{ "type": "Feature", "properties": { "Art": "QUE", "bw_id": "PCK_QUE_13630", "name": "Kreuzung incl. Längsverlegung (ca. 85 m) mit einem Niederspannungskabel NAYY 4 x 150 mm²", "km": "13+630", "rwert": 357826.0, "hwert": 5831874, "bemerk": null, "beschreib": "Kreuzung incl. Längsverlegung (ca. 85 m) mit einem Niederspannungskabel NAYY 4 x 150 mm²", "stat_von": 13630, "Artgeo": "p" }, "geometry": { "type": "Point", "coordinates": [ 768087.04315253905952, 6912690.625068961642683 ] } },
{ "type": "Feature", "properties": { "Art": "QUE", "bw_id": "PCK_QUE_14650", "name": "Dükerung Mittelgasdruckleitung", "km": "14+650", "rwert": 356854.0, "hwert": 5832143, "bemerk": null, "beschreib": "Kreuzung des Piccardie-Coevorden-Kanals mit einer Mitteldruckgasleitung HDPE DN 50", "stat_von": 14650, "Artgeo": "p" }, "geometry": { "type": "Point", "coordinates": [ 766476.915424275910482, 6913086.9291014932096 ] } },
{ "type": "Feature", "properties": { "Art": "QUE", "bw_id": "PCK_QUE_15600", "name": "Dükerung, TWL", "km": "15+600", "rwert": 355920.0, "hwert": 5832313, "bemerk": "Datum prüfen", "beschreib": "Dükerung mit Trinkwasserleitung PE DN 180", "stat_von": 15600, "Artgeo": "p" }, "geometry": { "type": "Point", "coordinates": [ 764933.884951176238246, 6913321.684660162776709 ] } },
{ "type": "Feature", "properties": { "Art": "QUE", "bw_id": "PCK_QUE_16190", "name": "Dükerung, TWL", "km": "16+190", "rwert": 355346.0, "hwert": 5832188, "bemerk": "Datum prüfen", "beschreib": "Dükerung mit Trinkwasserleitung PE DN 180", "stat_von": 16190, "Artgeo": "p" }, "geometry": { "type": "Point", "coordinates": [ 763996.737549217417836, 6913087.786794183775783 ] } },
{ "type": "Feature", "properties": { "Art": "QUE", "bw_id": "PCK_QUE_19680", "name": "Dükerung Stromleitung", "km": "19+680", "rwert": 352126.0, "hwert": 5833247, "bemerk": null, "beschreib": "Kreuzung des Piccardie-Coevorden-Kanals mit einem Düker als Ersatz für eine Freileitung", "stat_von": 19680, "Artgeo": "p" }, "geometry": { "type": "Point", "coordinates": [ 758652.940068181604147, 6914673.360036357305944 ] } },
{ "type": "Feature", "properties": { "Art": "QUE", "bw_id": "PCK_QUE_20835", "name": "Dükerung", "km": "20+835", "rwert": 349774.0, "hwert": 5835232, "bemerk": null, "beschreib": "Dükerung", "stat_von": 20835, "Artgeo": "p" }, "geometry": { "type": "Point", "coordinates": [ 754686.978165825014003, 6917825.905491745099425 ] } },
{ "type": "Feature", "properties": { "Art": "QUE", "bw_id": "PCK_QUE_20850", "name": "Dükerung Glasfaser", "km": "20+850", "rwert": 351065.0, "hwert": 5833725, "bemerk": "Lage aus Bestandplänen ; Akte ; Dükerschild !! ; Vertrag", "beschreib": "Dükerung", "stat_von": 20850, "Artgeo": "p" }, "geometry": { "type": "Point", "coordinates": [ 756885.214867431088351, 6915407.73340133856982 ] } },
{ "type": "Feature", "properties": { "Art": "QUE", "bw_id": "PCK_QUE_20925", "name": "Oberleitung bei Brücke Ramakers Diek", "km": "20+925", "rwert": 351048.0, "hwert": 5833743, "bemerk": null, "beschreib": "Oberleitung", "stat_von": 20925, "Artgeo": "p" }, "geometry": { "type": "Point", "coordinates": [ 756856.36949776916299, 6915436.536589153110981 ] } },
{ "type": "Feature", "properties": { "Art": "QUE", "bw_id": "PCK_QUE_2130", "name": "Glasfaserkabel, EWE Netz GmbH", "km": "2+130", "rwert": 367106.0, "hwert": 5825909, "bemerk": null, "beschreib": "Kreuzung des Piccardie-Coevorden-Kanals mit einer TK Pe 160x14,6 Glasfaseranbindung, EWE Netz GmbH (VKF(31,20 10) EWE Netz GmbH EWE)", "stat_von": 2130, "Artgeo": "p" }, "geometry": { "type": "Point", "coordinates": [ 783603.410267580416985, 6903300.242709618061781 ] } },
{ "type": "Feature", "properties": { "Art": "QUE", "bw_id": "PCK_QUE_22075", "name": "Dükerung", "km": "22+075", "rwert": 350269.0, "hwert": 5834656, "bemerk": null, "beschreib": "Dükerung", "stat_von": 22075, "Artgeo": "p" }, "geometry": { "type": "Point", "coordinates": [ 755529.898918217630126, 6916901.708220705389977 ] } },
{ "type": "Feature", "properties": { "Art": "QUE", "bw_id": "PCK_QUE_22370", "name": "Oberleitung", "km": "22+370", "rwert": 350076.0, "hwert": 5834878, "bemerk": null, "beschreib": "Oberleitung oh Brücke Aatalstraße", "stat_von": 22370, "Artgeo": "p" }, "geometry": { "type": "Point", "coordinates": [ 755201.398602855042554, 6917257.795196881517768 ] } },
{ "type": "Feature", "properties": { "Art": "QUE", "bw_id": "PCK_QUE_4425", "name": "Oberleitung", "km": "4+425", "rwert": 365241.0, "hwert": 5827142, "bemerk": null, "beschreib": "Oberleitung", "stat_von": 4425, "Artgeo": "p" }, "geometry": { "type": "Point", "coordinates": [ 780486.422259423881769, 6905245.32425544038415 ] } },
{ "type": "Feature", "properties": { "Art": "QUE", "bw_id": "PCK_QUE_5415", "name": "Oberleitung an Brücke Nöst", "km": "5+415", "rwert": 364617.0, "hwert": 5827913, "bemerk": null, "beschreib": "Oberleitung an Brücke Nöst", "stat_von": 5415, "Artgeo": "p" }, "geometry": { "type": "Point", "coordinates": [ 779426.883205491350964, 6906485.98284718953073 ] } },
{ "type": "Feature", "properties": { "Art": "QUE", "bw_id": "PCK_QUE_6870", "name": "Dükerung", "km": "6+870", "rwert": 363701.0, "hwert": 5829042, "bemerk": null, "beschreib": "Dükerung", "stat_von": 6870, "Artgeo": "p" }, "geometry": { "type": "Point", "coordinates": [ 777871.068557679536752, 6908302.696019793860614 ] } },
{ "type": "Feature", "properties": { "Art": "QUE", "bw_id": "PCK_QUE_690", "name": "Dükerung Mittelspannungskabel 10 kv", "km": "0+690", "rwert": 368511.0, "hwert": 5825992, "bemerk": "Vertrag aktualisieren, Bestandspläne fehlen", "beschreib": "Dükerung Mittelspannungskabel 10 kv", "stat_von": 690, "Artgeo": "p" }, "geometry": { "type": "Point", "coordinates": [ 785905.944232057896443, 6903499.340593656525016 ] } },
{ "type": "Feature", "properties": { "Art": "QUE", "bw_id": "PCK_QUE_7000", "name": "Kreuzung des Piccardie-Coevorden-Kanals mit einer Trinkwasserhauptleitung PE DN 150", "km": "7+000", "rwert": 363618.0, "hwert": 5829141, "bemerk": "Vertrag aktualisieren, Beschilderung prüfen, Bestandsplan?", "beschreib": "Kreuzung des Piccardie-Coevorden-Kanals mit einer Trinkwasserhauptleitung PE DN 150", "stat_von": 7000, "Artgeo": "p" }, "geometry": { "type": "Point", "coordinates": [ 777730.210657283314504, 6908461.881738573312759 ] } },
{ "type": "Feature", "properties": { "Art": "QUE", "bw_id": "PCK_QUE_7975", "name": "Dükerung Niederspannungskabel", "km": "7+975", "rwert": 362957.0, "hwert": 5829847, "bemerk": "Vertrag ist noch abzuschließen?? ; K", "beschreib": "reuzung mit einem Niederspannungskabel NAYY 4 x 150 mm2 in einm Schutzrohr HDPE d 110", "stat_von": 7975, "Artgeo": "p" }, "geometry": { "type": "Point", "coordinates": [ 776612.039672847371548, 6909593.908093540929258 ] } },
{ "type": "Feature", "properties": { "Art": "SLE", "bw_id": "PCK_SLE_13665", "name": "Schleuse II PCK", "km": "13+665", "rwert": 357789.0, "hwert": 5831887, "bemerk": null, "beschreib": "Die Schleuse II befindet sich bei km 13+665 des Piccardie-Coevorden-Kanals in der Gemeinde Ringe. Gegründet ist die Schleuse auf einen hölzernen Pfahlrost. Die Schleusenhäupter sind aus mit Sandstein-Formblöcken eingefasstem Klinkermauerwerk hergestellt.", "stat_von": 13665, "Artgeo": "p" }, "geometry": { "type": "Point", "coordinates": [ 768025.622892657876946, 6912710.263266793452203 ] } },
{ "type": "Feature", "properties": { "Art": "SLE", "bw_id": "PCK_SLE_19070", "name": "Schleuse III PCK", "km": "19+070", "rwert": 352659.0, "hwert": 5832952, "bemerk": "Die Schleuse hat keine Umflut. Über dem Unterhaupt der Schleuse befindet sich eine ehemalige Drehbrücke.", "beschreib": "Die Schleuse III liegt bei km 19+075 des Piccardie-Coevorden-Kanals in der Gemeinde Emlichheim. Gegründet ist die Schleuse auf einen hölzernen Pfahlrost. Die Schleusenhäupter sind aus mit Sandstein-Formblöcken eingefasstem Klinkermauerwerk", "stat_von": 19070, "Artgeo": "p" }, "geometry": { "type": "Point", "coordinates": [ 759543.57243418332655, 6914213.914268021471798 ] } },
{ "type": "Feature", "properties": { "Art": "SLE", "bw_id": "PCK_SLE_22040", "name": "Schleuse IV PCK", "km": "22+040", "rwert": 350293.0, "hwert": 5834630, "bemerk": "Die Schleuse hat keine Umflut.  Über dem Unterhaupt der Schleuse befindet sich eine Drehbrücke.", "beschreib": "Bei km 22+040 des Piccardie-Coevorden-Kanals in der Gemeinde Laar befindet sich die Schleuse IV. Gegründet wurde die Schleuse auf einen hölzernen Pfahlrost. Die Schleusenhäupter wurden aus mit Sandstein-Formblöcken eingefasstem Klinkermauerwerk", "stat_von": 22040, "Artgeo": "p" }, "geometry": { "type": "Point", "coordinates": [ 755570.665572230820544, 6916860.075122265145183 ] } },
{ "type": "Feature", "properties": { "Art": "SLE", "bw_id": "PCK_SLE_7890", "name": "Schleuse I PCK", "km": "7+890", "rwert": 363026.0, "hwert": 5829800, "bemerk": null, "beschreib": "Die Schleuse I liegt bei km 7+890 des Piccardie-Coevorden-Kanals in der Gemeinde Ringe (Landkreis Grafschaft Bentheim). Sie stellt die Verbindung zum Süd-Nord-Kanal her.", "stat_von": 7890, "Artgeo": "p" }, "geometry": { "type": "Point", "coordinates": [ 776727.54693173232954, 6909519.701508525758982 ] } },
{ "type": "Feature", "properties": { "Art": "SON", "bw_id": "PCK_SON_11445", "name": "Schutzhütte Kleinringe (linksseitig)", "km": "11+445", "rwert": 359861.0, "hwert": 5831192, "bemerk": null, "beschreib": "Schutzhütte Kleinringe (linksseitig)", "stat_von": 11445, "Artgeo": "p" }, "geometry": { "type": "Point", "coordinates": [ 771463.149489206727594, 6911664.217700689099729 ] } },
{ "type": "Feature", "properties": { "Art": "SON", "bw_id": "PCK_SON_16245", "name": "Entnahme, Emsland-Stärke GmbH,Emlichheim", "km": "16+245", "rwert": 355383.0, "hwert": 5832174, "bemerk": "A-001 (aktiv, real) , OW-Ent., Emsland-Stärke GmbH", "beschreib": "Entnahme, Emsland-Stärke GmbH,Emlichheim", "stat_von": 16245, "Artgeo": "p" }, "geometry": { "type": "Point", "coordinates": [ 764058.218717910116538, 6913066.531522952951491 ] } },
{ "type": "Feature", "properties": { "Art": "SON", "bw_id": "PCK_SON_16585", "name": "Schutzhütte (rechtsseitig) an Kanalaufweitung", "km": "16+585", "rwert": 354950.0, "hwert": 5832228, "bemerk": null, "beschreib": "Schutzhütte (rechtsseitig) an Kanalaufweitung", "stat_von": 16585, "Artgeo": "p" }, "geometry": { "type": "Point", "coordinates": [ 763344.069381818990223, 6913134.310552350245416 ] } },
{ "type": "Feature", "properties": { "Art": "SON", "bw_id": "PCK_SON_17485", "name": "Entnahme,  Sportanlage - SG Emlichheim", "km": "17+485", "rwert": 354222.0, "hwert": 5832172, "bemerk": "A-001 (aktiv, real) , OW-Entnahme - Sportanlage -", "beschreib": "Entnahme,  Sportanlage - SG Emlichheim", "stat_von": 17485, "Artgeo": "p" }, "geometry": { "type": "Point", "coordinates": [ 762150.557782590272836, 6913006.318126920610666 ] } },
{ "type": "Feature", "properties": { "Art": "SON", "bw_id": "PCK_SON_18100", "name": "Schutzhütte (linksseitig)", "km": "18+100", "rwert": 353500.0, "hwert": 5832464, "bemerk": null, "beschreib": "Schutzhütte (linksseitig)", "stat_von": 18100, "Artgeo": "p" }, "geometry": { "type": "Point", "coordinates": [ 760949.774172328761779, 6913451.704111782833934 ] } },
{ "type": "Feature", "properties": { "Art": "SON", "bw_id": "PCK_SON_20880", "name": "Schutzhütte (linksseitig)", "km": "20+880", "rwert": 351032.0, "hwert": 5833735, "bemerk": null, "beschreib": "Schutzhütte (linksseitig)", "stat_von": 20880, "Artgeo": "p" }, "geometry": { "type": "Point", "coordinates": [ 756830.4730850859778, 6915422.549554264172912 ] } },
{ "type": "Feature", "properties": { "Art": "SON", "bw_id": "PCK_SON_2200", "name": "Betriebshof Georgsdorf", "km": "2+200", "rwert": 367094.0, "hwert": 5826031, "bemerk": null, "beschreib": "NLWKN Betriebshof Georgsdorf", "stat_von": 2200, "Artgeo": "p" }, "geometry": { "type": "Point", "coordinates": [ 783578.268885129946284, 6903500.458494372665882 ] } },
{ "type": "Feature", "properties": { "Art": "SON", "bw_id": "PCK_SON_2270", "name": "Lagerplatte (mit Pflanzenkläranlage)", "km": "2+270", "rwert": 367031.0, "hwert": 5826097, "bemerk": null, "beschreib": "Lagerplatte mit Pflanzenkläranlage (Kompostierungsanlage)", "stat_von": 2270, "Artgeo": "p" }, "geometry": { "type": "Point", "coordinates": [ 783471.910867729573511, 6903606.24506816919893 ] } },
{ "type": "Feature", "properties": { "Art": "SON", "bw_id": "PCK_SON_4345", "name": "historische Ölpumpe", "km": "4+345", "rwert": 365278.0, "hwert": 5827065, "bemerk": "Am Coevorden-Piccardie-Kanal, Ecke Deilmannstraße", "beschreib": "historische Ölpumpe", "stat_von": 4345, "Artgeo": "p" }, "geometry": { "type": "Point", "coordinates": [ 780550.653171333950013, 6905120.273044303059578 ] } },
{ "type": "Feature", "properties": { "Art": "SON", "bw_id": "PCK_SON_6800", "name": "Bienenunterstand", "km": "6+800", "rwert": 363714.0, "hwert": 5828964, "bemerk": null, "beschreib": "Bienenunterstand", "stat_von": 6800, "Artgeo": "p" }, "geometry": { "type": "Point", "coordinates": [ 777895.994404565077275, 6908174.870536129921675 ] } },
{ "type": "Feature", "properties": { "Art": "SON", "bw_id": "PCK_SON_6860", "name": "Schutzhütte Bathorn (linksseitig)", "km": "6+860", "rwert": 363670.0, "hwert": 5828996, "bemerk": null, "beschreib": "Schutzhütte Bathorn (linksseitig)", "stat_von": 6860, "Artgeo": "p" }, "geometry": { "type": "Point", "coordinates": [ 777822.263959235628136, 6908225.53459744155407 ] } },
{ "type": "Feature", "properties": { "Art": "SON", "bw_id": "PCK_SON_7905", "name": "Infotafel Schleuse I", "km": "7+905", "rwert": 363008.0, "hwert": 5829799, "bemerk": null, "beschreib": "Infotafel Schleuse I", "stat_von": 7905, "Artgeo": "p" }, "geometry": { "type": "Point", "coordinates": [ 776698.025992698967457, 6909517.223197799175978 ] } },
{ "type": "Feature", "properties": { "Art": "SON", "bw_id": "PCK_SON_9335", "name": "Schutzhütte (rechtsseitig)", "km": "9+335", "rwert": 361840.0, "hwert": 5830627, "bemerk": null, "beschreib": "Schutzhütte (rechtsseitig)", "stat_von": 9335, "Artgeo": "p" }, "geometry": { "type": "Point", "coordinates": [ 774740.976790632936172, 6910826.582891541533172 ] } },
{ "type": "Feature", "properties": { "Art": "WEH", "bw_id": "PCK_WEH_13590", "name": "Schützwehr Umlauf Schleuse II PCK", "km": "13+590", "rwert": 357863.0, "hwert": 5831872, "bemerk": null, "beschreib": "Um die Zuflussmengen zum Haren-Rütenbrock-Kanal kontrollieren bzw. beeinflussen zu können, wurden insgesamt 3 Bauwerke (1 x Süd-Nord-Kanal und 2 x Piccardie-Coevorden-Kanal) mit einer automatischen Steuerung ausgerüstet", "stat_von": 13590, "Artgeo": "p" }, "geometry": { "type": "Point", "coordinates": [ 768147.936568756820634, 6912689.106306897476315 ] } },
{ "type": "Feature", "properties": { "Art": "WEH", "bw_id": "PCK_WEH_7870", "name": "Schützwehr Umlauf Schleuse I PCK", "km": "7+870", "rwert": 363079.0, "hwert": 5829748, "bemerk": null, "beschreib": "Schützwehr Umlauf Schleuse I PCK.", "stat_von": 7870, "Artgeo": "p" }, "geometry": { "type": "Point", "coordinates": [ 776817.000819107401185, 6909436.5216781552881 ] } },
{ "type": "Feature", "properties": { "Art": "DUE", "bw_id": "PCK_DUE_11980", "name": "Kleinringer Graben - Düker", "km": "11+980", "rwert": 359405.0, "hwert": 5831473, "bemerk": "Ein- und Auslaufbauwerk sind schwer zu finden", "beschreib": "Der Düker befindet sich bei Station 11+980 in der Gemeinde Ringe. In ihm unterquert der nördlich vom Piccardie-Coevorden-Kanal, zwischen K 19 und den angrenzenden Flächen gelegene Bermegraben den Kanal", "stat_von": 11980, "Artgeo": "p" }, "geometry": { "type": "Point", "coordinates": [ 770700.641440104926005, 6912105.455888354219496 ] } },
{ "type": "Feature", "properties": { "Art": "DUE", "bw_id": "PCK_DUE_14465", "name": "Emlichheimer Entlastungskanal - Düker", "km": "14+465", "rwert": 357040.0, "hwert": 5832118, "bemerk": "Der Auslauf des Dükers befindet sich im Tosbecken des Wehres.", "beschreib": "Der Emlichheimer Entlastungskanal kreuzt den Kanal mittels Düker. Der Auslauf des Dükers befindet sich im Tosbecken des Wehres. Das Einzugsgebiet des Emlichheimer Entlastungskanals beträgt rund 5,20 km².", "stat_von": 14465, "Artgeo": "p" }, "geometry": { "type": "Point", "coordinates": [ 766783.763353216694668, 6913054.730204517953098 ] } },
{ "type": "Feature", "properties": { "Art": "DUE", "bw_id": "PCK_DUE_3125", "name": "Neuenhauser Kanal - Düker", "km": "3+125", "rwert": 366192.0, "hwert": 5826308, "bemerk": null, "beschreib": "Bei km 3+130 in der Gemeinde Osterwald befindet sich der „Neuenhauser Kanal-Düker. An dieser Stelle dükert der Hauptgraben, der das nördlich vom Piccardie-Coevorden-Kanal gelegene Einzugsgebiet mit einer Größe von rund 15,60 km² entwässert, den Kanal.", "stat_von": 3125, "Artgeo": "p" }, "geometry": { "type": "Point", "coordinates": [ 782085.246975373476744, 6903915.786325246095657 ] } },
{ "type": "Feature", "properties": { "Art": "DUE", "bw_id": "PCK_DUE_6925", "name": "Düker Bathorn", "km": "6+925", "rwert": 363664.0, "hwert": 5829086, "bemerk": null, "beschreib": "Bei Station 6+925 befindet sich der Düker Bathorn. Eine Dükerfunktion ist nicht mehr vorhanden. Die nördlich des Kanals gelegenen Flächen werden zum R-Graben entwässert, der unmittelbar unterhalb der Schleuse I in den Kanal mündet.", "stat_von": 6925, "Artgeo": "p" }, "geometry": { "type": "Point", "coordinates": [ 777808.283248232793994, 6908373.440051175653934 ] } },
{ "type": "Feature", "properties": { "Art": "DUE", "bw_id": "PCK_DUE_9380", "name": "Neugnadenfelder Graben - Düker", "km": "9+380", "rwert": 361792.0, "hwert": 5830637, "bemerk": null, "beschreib": "Neugnadenfelder Graben - Düker. Am Einlaufbauwerk des Dükers besteht die Möglichkeit des Wasserabschlags vom Piccardie-Coevorden-Kanal in den Neugnadenfelder Graben.  Der Abschlag ist mit Dammbalken verschlossen.", "stat_von": 9380, "Artgeo": "p" }, "geometry": { "type": "Point", "coordinates": [ 774661.654288858291693, 6910840.814328224398196 ] } },
{ "type": "Feature", "properties": { "Art": "QUE", "bw_id": "PCK_QUE_6895", "name": "Dükerung (Gasleitung)", "km": "6+895", "rwert": 363684.0, "hwert": 5829061, "bemerk": "Tel. 0251 2800 421", "beschreib": "Dükerung (Gasleitung)", "stat_von": 6895, "Artgeo": "p" }, "geometry": { "type": "Point", "coordinates": [ 777842.277147466666065, 6908333.19756272342056 ] } },
{ "type": "Feature", "properties": { "Art": "QUE", "bw_id": "PCK_QUE_6900", "name": "Dükerung Gasleitung", "km": "6+900", "rwert": 363681.0, "hwert": 5829065, "bemerk": null, "beschreib": "Dükerung (Erdgas)", "stat_von": 6900, "Artgeo": "p" }, "geometry": { "type": "Point", "coordinates": [ 777837.166622937191278, 6908339.645549403503537 ] } },
{ "type": "Feature", "properties": { "Art": "SON", "bw_id": "PCK_SON_11390", "name": "Kunstobjekt bei Brücke Brookstraße", "km": "11+390", "rwert": 359916.0, "hwert": 5831200, "bemerk": null, "beschreib": "Kunstobjekt bei Brücke Brookstraße an Kanalaufweitung (Bestandteil des offenen Museums „Kunstwegen“", "stat_von": 11390, "Artgeo": "p" }, "geometry": { "type": "Point", "coordinates": [ 771553.137351548648439, 6911679.995249829255044 ] } },
{ "type": "Feature", "properties": { "Art": "SON", "bw_id": "PCK_SON_3030", "name": "Trafostation am Unterhaltungsweg", "km": "3+030", "rwert": 366274.0, "hwert": 5826251, "bemerk": null, "beschreib": "Trafostation am Unterhaltungsweg", "stat_von": 3030, "Artgeo": "p" }, "geometry": { "type": "Point", "coordinates": [ 782222.411357706878334, 6903825.680197364650667 ] } },
{ "type": "Feature", "properties": { "Art": "SON", "bw_id": "PCK_SON_12800", "name": "Fremdbebauung links bei Brücke Höftestraße", "km": "12+800", "rwert": 358593.0, "hwert": 5831558, "bemerk": "Vorgang einleiten", "beschreib": "Fremdbebauung links bei Brücke Höftestraße", "stat_von": 12800, "Artgeo": "p" }, "geometry": { "type": "Point", "coordinates": [ 769362.417374522075988, 6912206.817691282369196 ] } },
{ "type": "Feature", "properties": { "Art": "QUE", "bw_id": "PCK_QUE_12675", "name": "Oberleitung", "km": "12+675", "rwert": 358721.0, "hwert": 5831540, "bemerk": null, "beschreib": "Oberleitung", "stat_von": 12675, "Artgeo": "p" }, "geometry": { "type": "Point", "coordinates": [ 769573.589818634674884, 6912183.275665383785963 ] } },
{ "type": "Feature", "properties": { "Art": "BRU", "bw_id": "PCK_BRU_11920", "name": "Stahlbrücke zur Kanalquerung (Ellsweg / Feldkampweg)", "km": "11+920", "rwert": 359449.0, "hwert": 5831447, "bemerk": "Geh- und Radwegbrücke über den Piccardie-CoevordenKanal (ehemals 1.BA)", "beschreib": "Fuß- und Radwegbrücke im Zuge des Radwegeausbaus an der K 19 zur Kanalquerung in Höhe Ellsweg / Feldkampweg", "stat_von": 11920, "Artgeo": "p" }, "geometry": { "type": "Point", "coordinates": [ 770774.167667848058045, 6912064.717445804737508 ] } },
{ "type": "Feature", "properties": { "Art": "BRU", "bw_id": "PCK_BRU_9740", "name": "Stahlbrücke Industriestraße", "km": "9+740", "rwert": 361497.0, "hwert": 5830838, "bemerk": null, "beschreib": "Fuß- und Radwegbrücke zur Kanalquerung im Zuge des Radwegeausbaus an der K 19 (Industriestraße, Unterhaltungsweg)", "stat_von": 9740, "Artgeo": "p" }, "geometry": { "type": "Point", "coordinates": [ 774167.640054698800668, 6911158.084357195533812 ] } },
{ "type": "Feature", "properties": { "Art": "BRU", "bw_id": "PCK_BRU_8660", "name": "Rad- und Fußwegbrücke (Kanalquerung Hinrich-Wilhelm-Kopfstraße)", "km": "8+660", "rwert": 362382.0, "hwert": 5830237, "bemerk": null, "beschreib": "Die Brücke ist als einfeldriges Stahlbauwerk gebaut, hat eine Stützweite von 20,30 m und dient der Querung des Kanals vom 2025 ausgebauten Radweg in Richtung Hinrich-Wilhelm-Kopfstraße auf der Nordseite des Kanals.", "stat_von": 8660, "Artgeo": "p" }, "geometry": { "type": "Point", "coordinates": [ 775649.474121272563934, 6910209.511884015984833 ] } },
{ "type": "Feature", "properties": { "Art": "QUE", "bw_id": "PCK_QUE_3035", "name": "Oberleitung", "km": "3+035", "rwert": 366275.0, "hwert": 5826272, "bemerk": null, "beschreib": "Oberleitung", "stat_von": 3035, "Artgeo": "p" }, "geometry": { "type": "Point", "coordinates": [ 782223.109780746512115, 6903860.282631982117891 ] } },
{ "type": "Feature", "properties": { "Art": "QUE", "bw_id": "PCK_QUE_3710", "name": "Dükerung", "km": "3+710", "rwert": 365690.0, "hwert": 5826587, "bemerk": null, "beschreib": "Dükerung", "stat_von": 3710, "Artgeo": "p" }, "geometry": { "type": "Point", "coordinates": [ 781248.62254558771383, 6904352.262663654983044 ] } },
{ "type": "Feature", "properties": { "Art": "QUE", "bw_id": "PCK_QUE_4725", "name": "Dükerung Gasleitung??", "km": "4+725", "rwert": 365051.0, "hwert": 5827374, "bemerk": null, "beschreib": "Dükerung Gasleitung??", "stat_von": 4725, "Artgeo": "p" }, "geometry": { "type": "Point", "coordinates": [ 780163.966017466736957, 6905618.541998711414635 ] } },
{ "type": "Feature", "properties": { "Art": "QUE", "bw_id": "PCK_QUE_6230", "name": "Oberleitung Brücke Aulen Diek", "km": "6+230", "rwert": 364103.0, "hwert": 5828544, "bemerk": null, "beschreib": "Oberleitung Brücke Aulen Diek", "stat_von": 6230, "Artgeo": "p" }, "geometry": { "type": "Point", "coordinates": [ 778554.062525935820304, 6907501.241549151949584 ] } },
{ "type": "Feature", "properties": { "Art": "SON", "bw_id": "PCK_SON_6920", "name": "Infotafel Lager Bathorn", "km": "6+920", "rwert": 363654.0, "hwert": 5829069, "bemerk": null, "beschreib": "Infotafel Lager Bathorn", "stat_von": 6920, "Artgeo": "p" }, "geometry": { "type": "Point", "coordinates": [ 777792.638894631760195, 6908344.990385347977281 ] } },
{ "type": "Feature", "properties": { "Art": "QUE", "bw_id": "PCK_QUE_14470", "name": "Oberleitung uh. Wehr Entlastungskanal", "km": "14+470", "rwert": 357032.0, "hwert": 5832119, "bemerk": null, "beschreib": "Oberleitung uh. Wehr Entlastungskanal", "stat_von": 14470, "Artgeo": "p" }, "geometry": { "type": "Point", "coordinates": [ 766770.569263792014681, 6913055.991351556964219 ] } },
{ "type": "Feature", "properties": { "Art": "SON", "bw_id": "PCK_SON_14620", "name": "Schutzhütte Brücke Hahnenberger Diek", "km": "14+620", "rwert": 356880.0, "hwert": 5832117, "bemerk": null, "beschreib": "Schutzhütte Brücke Hahnenberger Diek", "stat_von": 14620, "Artgeo": "p" }, "geometry": { "type": "Point", "coordinates": [ 766520.893156303674914, 6913045.355255770497024 ] } },
{ "type": "Feature", "properties": { "Art": "QUE", "bw_id": "PCK_QUE_18055", "name": "Dükerung", "km": "18+055", "rwert": 353546.0, "hwert": 5832459, "bemerk": null, "beschreib": "Dükerung", "stat_von": 18055, "Artgeo": "p" }, "geometry": { "type": "Point", "coordinates": [ 761025.611149047268555, 6913445.742719923146069 ] } },
{ "type": "Feature", "properties": { "Art": "QUE", "bw_id": "PCK_QUE_19030", "name": "Oberleitung oh Schleuse III", "km": "19+030", "rwert": 352695.0, "hwert": 5832934, "bemerk": null, "beschreib": "Oberleitung oh Schleuse III", "stat_von": 19030, "Artgeo": "p" }, "geometry": { "type": "Point", "coordinates": [ 759603.62855362042319, 6914186.05091689620167 ] } },
{ "type": "Feature", "properties": { "Art": "QUE", "bw_id": "PCK_QUE_20490", "name": "Oberleitung", "km": "20+490", "rwert": 351395.0, "hwert": 5833593, "bemerk": null, "beschreib": "Oberleitung", "stat_von": 20490, "Artgeo": "p" }, "geometry": { "type": "Point", "coordinates": [ 757434.224712440394796, 6915206.826914587058127 ] } },
{ "type": "Feature", "properties": { "Art": "QUE", "bw_id": "PCK_QUE_10400", "name": "Dükerung TWL", "km": "10+400", "rwert": 360878.0, "hwert": 5830997, "bemerk": "Tel. 0251 2800 421", "beschreib": "Dükerung", "stat_von": 10400, "Artgeo": "p" }, "geometry": { "type": "Point", "coordinates": [ 773143.228638385073282, 6911390.964995069429278 ] } },
{ "type": "Feature", "properties": { "Art": "SON", "bw_id": "PCK_SON_2140", "name": "Werkhalle Betriebshof Georgsdorf", "km": "2+140", "rwert": 367115.0, "hwert": 5825978, "bemerk": null, "beschreib": "NLWKN, Betriebshof Georgsdorf, Werkhalle", "stat_von": 2140, "Artgeo": "p" }, "geometry": { "type": "Point", "coordinates": [ 783615.104177203960717, 6903414.185120697133243 ] } },
{ "type": "Feature", "properties": { "Art": "SON", "bw_id": "PCK_SON_7345", "name": "Brückenreste (ehem. Brücke Böbbeldiek?)", "km": "7+345", "rwert": 363401.0, "hwert": 5829410, "bemerk": "!!Fotos", "beschreib": "Im Abflussquerschnitt des Kanals befinden sich Brückenreste aus Klinkermauerwerk. Die Mauerreste gehören vermutlich zu einer hier ehemals vorhandenen Drehbrücke. Zum Einen handelt es sich um Reste des Königsstuhls, zum Anderen um Reste eines Pfeilers.", "stat_von": 7345, "Artgeo": "p" }, "geometry": { "type": "Point", "coordinates": [ 777361.449999368400313, 6908894.812222991138697 ] } },
{ "type": "Feature", "properties": { "Art": "SON", "bw_id": "PCK_SON_4795", "name": "Brückenreste (ehemalige Brücke Brookdiek?)", "km": "4+795", "rwert": 365006.0, "hwert": 5827428, "bemerk": "!! Fotos", "beschreib": "Im Abflussquerschnitt des Kanals befinden sich Brückenreste aus Klinkermauerwerk. Die Mauerreste gehören vermutlich zu einer hier ehemals vorhandenen Drehbrücke. Zum Einen handelt es sich um Reste des Königsstuhls, zum Anderen um Reste eines Pfeilers.", "stat_von": 4795, "Artgeo": "p" }, "geometry": { "type": "Point", "coordinates": [ 780087.633385324734263, 6905705.376902282238007 ] } },
{ "type": "Feature", "properties": { "Art": "QUE", "bw_id": "PCK_QUE_15075", "name": "Dükerung Gashochdruckleitung Westnetz", "km": "15+075", "rwert": 356436.0, "hwert": 5832221, "bemerk": "Aus Plan für Ausbau K19", "beschreib": "\tErdgasleitung Emlichheim - Linge (n551 VGD L360 MB/NB (HD Westnetz))", "stat_von": 15075, "Artgeo": "p" }, "geometry": { "type": "Point", "coordinates": [ 765786.269206775701605, 6913195.187781176529825 ] } },
{ "type": "Feature", "properties": { "Art": "QUE", "bw_id": "PCK_QUE_15045", "name": "Dükerung Gashochdruckleitung Westnetz", "km": "15+045", "rwert": 356465.0, "hwert": 5832215, "bemerk": "Aus Plan für Ausbau K19", "beschreib": "L 7500 VGD 600 St (HD Westnetz)", "stat_von": 15045, "Artgeo": "p" }, "geometry": { "type": "Point", "coordinates": [ 765834.213874382665381, 6913186.709411102347076 ] } },
{ "type": "Feature", "properties": { "Art": "QUE", "bw_id": "PCK_QUE_15550", "name": "Dükerung Gasleitung", "km": "15+550", "rwert": 356019.0, "hwert": 5832300, "bemerk": null, "beschreib": "Dükerung Gasleitung, NVB HD Gas SiPE 150", "stat_von": 15550, "Artgeo": "p" }, "geometry": { "type": "Point", "coordinates": [ 765097.200175641104579, 6913305.08396081905812 ] } },
{ "type": "Feature", "properties": { "Art": "QUE", "bw_id": "PCK_QUE_15549", "name": "Dükerung Fermeldekabel", "km": "15+549", "rwert": 356017.0, "hwert": 5832296, "bemerk": null, "beschreib": "Dükerung Fermeldekabel (FM Pmbc 10x2x0,8)", "stat_von": 15549, "Artgeo": "p" }, "geometry": { "type": "Point", "coordinates": [ 765094.107619242044166, 6913298.397289955057204 ] } },
{ "type": "Feature", "properties": { "Art": "QUE", "bw_id": "PCK_QUE_15551", "name": "Dükerung Mitteldruckleitung", "km": "15+551", "rwert": 356020.0, "hwert": 5832296, "bemerk": null, "beschreib": "Dükerung Mitteldruckleitung (MD PE 100)", "stat_von": 15551, "Artgeo": "p" }, "geometry": { "type": "Point", "coordinates": [ 765099.037446420756169, 6913298.543147961609066 ] } },
{ "type": "Feature", "properties": { "Art": "QUE", "bw_id": "PCK_QUE_2132", "name": "Fermeldekabel (Neptune Energie)", "km": "2+132", "rwert": 367103.0, "hwert": 5825911, "bemerk": null, "beschreib": "Fernmeldekabel (Neptune Energy)", "stat_von": 2132, "Artgeo": "p" }, "geometry": { "type": "Point", "coordinates": [ 783598.396804372197948, 6903303.399496296420693 ] } },
{ "type": "Feature", "properties": { "Art": "QUE", "bw_id": "PCK_QUE_2131", "name": "Dükerung Lagerstättenwasser (10'')", "km": "2+131", "rwert": 367104.0, "hwert": 5825911, "bemerk": null, "beschreib": "Dükerung Lagerstättenwasser 10 \" SW GFK 267,8x8,3 (2013)  (Neptune Energy)", "stat_von": 2131, "Artgeo": "p" }, "geometry": { "type": "Point", "coordinates": [ 783600.038210940081626, 6903303.444229982793331 ] } },
{ "type": "Feature", "properties": { "Art": "QUE", "bw_id": "PCK_QUE_16710", "name": "Dükerung Erdgasleitung", "km": "16+710", "rwert": 354827.0, "hwert": 5832191, "bemerk": null, "beschreib": "Dükerung \tErdgasleitung Emlichheim Nord - Hardingen", "stat_von": 16710, "Artgeo": "p" }, "geometry": { "type": "Point", "coordinates": [ 763143.762045307550579, 6913067.33376947324723 ] } },
{ "type": "Feature", "properties": { "Art": "SON", "bw_id": "PCK_SON_19065", "name": "Schleusenwärterhaus", "km": "19+065", "rwert": 352689.0, "hwert": 5832995, "bemerk": null, "beschreib": "ehemaliges Schleusenwärterhaus. Das Gebäude steht unter Denkmalschutz", "stat_von": 19065, "Artgeo": "p" }, "geometry": { "type": "Point", "coordinates": [ 759590.740399943431839, 6914286.249562559649348 ] } },
{ "type": "Feature", "properties": { "Art": "QUE", "bw_id": "PCK_QUE_6880", "name": "Dükerung Glasfaserkabel (HDD)", "km": "6+880", "rwert": 363694.0, "hwert": 5829049, "bemerk": "Akte ; Sohllage ; Beschilderung !!", "beschreib": "Dükerung Glasfaserkabel (HDD) Breitbandausbau Grafschaft Bentheim", "stat_von": 6880, "Artgeo": "p" }, "geometry": { "type": "Point", "coordinates": [ 777859.251048824284226, 6908313.899568093940616 ] } },
{ "type": "Feature", "properties": { "Art": "QUE", "bw_id": "PCK_QUE_4740", "name": "Dükerung Lagerstättenwasserleitung (1x PE-HD DA 180 x 20.1 mm, SDR 9)", "km": "4+740", "rwert": 364836.0, "hwert": 5827631, "bemerk": "Beschilderung, Vertrag nachtragen", "beschreib": "Dükerung Lagerstättenwasserleitung  (1x PE-HD DA 180 x 20.1 mm, SDR 9) als HDD-Bohrung. Betriebsdruck: 16 bar, Wanddicke 20,1 mm", "stat_von": 4740, "Artgeo": "p" }, "geometry": { "type": "Point", "coordinates": [ 779799.296189393266104, 6906031.775461861863732 ] } },
{ "type": "Feature", "properties": { "Art": "QUE", "bw_id": "PCK_QUE_19650", "name": "Dükerung 30 kV-Kabel - Windparks", "km": "19+650", "rwert": 352152.0, "hwert": 5833232, "bemerk": "Daten (Pläne) ??", "beschreib": "Kreuzung des PCK mit einem 30 KV-Kabel- Windparks in der Gemeinde Emlichheim mit HDD - Bohrung für HD-PE-Rohr 160/11,2 mm in 2 m unterhalb der Sohle", "stat_von": 19650, "Artgeo": "p" }, "geometry": { "type": "Point", "coordinates": [ 758696.418260345701128, 6914649.945167452096939 ] } },
{ "type": "Feature", "properties": { "Art": "BRU", "bw_id": "SHK_BRU_15", "name": "Rahmendurchlass Franziskusstraße", "km": "0+015", "rwert": 371653.0, "hwert": 5842418, "bemerk": null, "beschreib": "Am Einlauf in den Süd-Nord-Kanal befindet sich der Durchlass im Zuge der Kreisstraße K 202. Die Konstruktionstruktionsunterkante des Durchlasses liegt unter dem Wasserspiegel.", "stat_von": 15, "Artgeo": "p" }, "geometry": { "type": "Point", "coordinates": [ 790352.499486318440177, 6930713.041234067641199 ] } },
{ "type": "Feature", "properties": { "Art": "BRU", "bw_id": "SHK_BRU_2085", "name": "Stahlbetonbrücke Hebelermeer", "km": "2+085", "rwert": 369698.0, "hwert": 5842812, "bemerk": null, "beschreib": "Stahlbetonbrücke Hebelermeer", "stat_von": 2085, "Artgeo": "p" }, "geometry": { "type": "Point", "coordinates": [ 787115.134143467992544, 6931277.744634309783578 ] } },
{ "type": "Feature", "properties": { "Art": "BRU", "bw_id": "SHK_BRU_380", "name": "Drehbrücke (Egon-Schöningh-Brücke)", "km": "0+380", "rwert": 371287.0, "hwert": 5842453, "bemerk": null, "beschreib": "Die Brücke verbindet die Zollstraße mit der parallel zum nördlichen Kanalufer verlaufenden Egon-Schöningh-Straße. Die Drehbrücke ist als 3-feldrige Brücke ausgebildet", "stat_von": 380, "Artgeo": "p" }, "geometry": { "type": "Point", "coordinates": [ 789748.148170039057732, 6930754.85661187581718 ] } },
{ "type": "Feature", "properties": { "Art": "EIN", "bw_id": "SHK_EIN_1095", "name": "Rohreinlauf??", "km": "1+095", "rwert": 370576.0, "hwert": 5842504, "bemerk": null, "beschreib": "Rohreinlauf??", "stat_von": 1095, "Artgeo": "p" }, "geometry": { "type": "Point", "coordinates": [ 788574.850427318713628, 6930807.901878744363785 ] } },
{ "type": "Feature", "properties": { "Art": "EIN", "bw_id": "SHK_EIN_1105", "name": "Einmündung Graben", "km": "1+105", "rwert": 370567.0, "hwert": 5842525, "bemerk": null, "beschreib": "Einmündung Graben", "stat_von": 1105, "Artgeo": "p" }, "geometry": { "type": "Point", "coordinates": [ 788559.106016112375073, 6930842.180423912592232 ] } },
{ "type": "Feature", "properties": { "Art": "EIN", "bw_id": "SHK_EIN_375", "name": "Rohreinlauf oh Brücke Schöninghsdorf", "km": "0+375", "rwert": 371291.0, "hwert": 5842461, "bemerk": "U-Pflicht und Einlauf prüfen", "beschreib": "Rohreinlauf oh Brücke Schöninghsdorf", "stat_von": 375, "Artgeo": "p" }, "geometry": { "type": "Point", "coordinates": [ 789754.387656509294175, 6930768.240612043999135 ] } },
{ "type": "Feature", "properties": { "Art": "EIN", "bw_id": "SHK_EIN_500", "name": "Rohreinlauf", "km": "0+500", "rwert": 371170.0, "hwert": 5842466, "bemerk": null, "beschreib": "Rohreinlauf", "stat_von": 500, "Artgeo": "p" }, "geometry": { "type": "Point", "coordinates": [ 789554.873662479454651, 6930771.205219835042953 ] } },
{ "type": "Feature", "properties": { "Art": "QUE", "bw_id": "SHK_QUE_30", "name": "Starkstromkabel??", "km": "0+030", "rwert": 371637.0, "hwert": 5842418, "bemerk": null, "beschreib": "Dükerung", "stat_von": 30, "Artgeo": "p" }, "geometry": { "type": "Point", "coordinates": [ 790326.146403463091701, 6930712.343845366500318 ] } },
{ "type": "Feature", "properties": { "Art": "QUE", "bw_id": "SHK_QUE_375", "name": "Dükerung (Kabel)", "km": "0+375", "rwert": 371293.0, "hwert": 5842446, "bemerk": "Muss die Brücke saniert werden??", "beschreib": "Dükerung", "stat_von": 375, "Artgeo": "p" }, "geometry": { "type": "Point", "coordinates": [ 789758.335790823679417, 6930743.56085538957268 ] } },
{ "type": "Feature", "properties": { "Art": "SON", "bw_id": "SHK_SON_445", "name": "Steganlage (Privat) mit Bank rechts", "km": "0+445", "rwert": 371222.0, "hwert": 5842449, "bemerk": "!!Löschen!!", "beschreib": "Steganlage (Privat) mit Bank rechts", "stat_von": 445, "Artgeo": "p" }, "geometry": { "type": "Point", "coordinates": [ 789641.263080146280117, 6930745.410246973857284 ] } },
{ "type": "Feature", "properties": { "Art": "QUE", "bw_id": "SHK_QUE_20", "name": "Überquerung Gasmitteldruckleitung Westnetz", "km": "0+020", "rwert": 371646.0, "hwert": 5842417, "bemerk": null, "beschreib": "Überquerung Gasmitteldruckleitung Westnetz an Brücke", "stat_von": 20, "Artgeo": "p" }, "geometry": { "type": "Point", "coordinates": [ 790341.013490761746652, 6930711.084996405057609 ] } },
{ "type": "Feature", "properties": { "Art": "EIN", "bw_id": "SHK_EIN_2300", "name": "Freie Einmündung?? Graben", "km": "2+300", "rwert": 369579.0, "hwert": 5842995, "bemerk": null, "beschreib": "freie Grabeneinmündung", "stat_von": 2300, "Artgeo": "p" }, "geometry": { "type": "Point", "coordinates": [ 786911.036200634087436, 6931574.655752683989704 ] } },
{ "type": "Feature", "properties": { "Art": "BRU", "bw_id": "SNK_BRU_10965", "name": "Dükerbrücke Böltbach-Düker (Einlauf)", "km": "10+965", "rwert": 369967.0, "hwert": 5823623, "bemerk": null, "beschreib": "Die Dükerbrücke (Böltbach-Düker / Einlauf) ist als Einfeld-Stahlbetondükerbrücke ausgebildet.", "stat_von": 10965, "Artgeo": "p" }, "geometry": { "type": "Point", "coordinates": [ 788399.322137197828852, 6899665.971767295151949 ] } },
{ "type": "Feature", "properties": { "Art": "BRU", "bw_id": "SNK_BRU_10966", "name": "Dükerbrücke Böltbach-Düker (Auslauf)", "km": "10+966", "rwert": 369946.0, "hwert": 5823623, "bemerk": null, "beschreib": "Die Dükerbrücke (Böltbach-Düker / Auslauf) ist als Einfeld-Stahlbetondükerbrücke ausgebildet.", "stat_von": 10966, "Artgeo": "p" }, "geometry": { "type": "Point", "coordinates": [ 788364.867290941649117, 6899665.053593180142343 ] } },
{ "type": "Feature", "properties": { "Art": "BRU", "bw_id": "SNK_BRU_11020", "name": "Schleusenbrücke Schleuse IV", "km": "11+020", "rwert": 369956.0, "hwert": 5823665, "bemerk": null, "beschreib": "Über dem Unterhaupt der Schleuse IV befindet sich diese Brücke. Es handelt sich um eine ehemalige Drehbrücke, deren Drehkranz jedoch entfernt wurde", "stat_von": 11020, "Artgeo": "p" }, "geometry": { "type": "Point", "coordinates": [ 788379.442548970808275, 6899734.572563305497169 ] } },
{ "type": "Feature", "properties": { "Art": "BRU", "bw_id": "SNK_BRU_1110", "name": "Schleusenbrücke Schleuse I", "km": "1+110", "rwert": 369542.0, "hwert": 5814370, "bemerk": null, "beschreib": "Die ehemals drehbare Schleusenbrücke ist als Zweifeld-Brücke ausgebildet, deren Hauptöffnung das Unterhaupt der Schleuse überbrückt.", "stat_von": 1110, "Artgeo": "p" }, "geometry": { "type": "Point", "coordinates": [ 788105.878661867696792, 6884442.419639786705375 ] } },
{ "type": "Feature", "properties": { "Art": "BRU", "bw_id": "SNK_BRU_11365", "name": "Rohrleitungsbrücke Exxon Mobil", "km": "11+365", "rwert": 369966.0, "hwert": 5824009, "bemerk": null, "beschreib": "Kreuzung des Süd-Nord-Kanals mit Erdgas- und Ölleitungen mittels einer Rohrbrücke", "stat_von": 11365, "Artgeo": "p" }, "geometry": { "type": "Point", "coordinates": [ 788380.845981950755231, 6900300.844259804114699 ] } },
{ "type": "Feature", "properties": { "Art": "BRU", "bw_id": "SNK_BRU_11425", "name": "Dükerbrücke Georgsdorfer Graben (Einlauf)", "km": "11+425", "rwert": 369992.0, "hwert": 5824071, "bemerk": null, "beschreib": "Ein Rohrdurchlass ersetzt die ehemalige Brücke über dem Einlaufbauwerk des Dükers. Das Bauwerk ist als Baudenkmal eingestuft.", "stat_von": 11425, "Artgeo": "p" }, "geometry": { "type": "Point", "coordinates": [ 788420.803815751918592, 6900403.967116590589285 ] } },
{ "type": "Feature", "properties": { "Art": "BRU", "bw_id": "SNK_BRU_11426", "name": "Dükerbrücke  Georgsdorfer Graben (Auslauf)", "km": "11+426", "rwert": 369958.0, "hwert": 5824073, "bemerk": "!!keine Prüfung erforderlich!! ; !!Brücke fehlt im Denkmalatlas!!", "beschreib": "Die über dem Auslaufbauwerk befindliche Brücke wurde abgebrochen und durch eine feste Überfahrt ersetzt", "stat_von": 11426, "Artgeo": "p" }, "geometry": { "type": "Point", "coordinates": [ 788364.927418634993955, 6900405.770300566218793 ] } },
{ "type": "Feature", "properties": { "Art": "BRU", "bw_id": "SNK_BRU_11685", "name": "Rohrleitungsbrücke GDF Suez", "km": "11+685", "rwert": 369994.0, "hwert": 5824331, "bemerk": null, "beschreib": "Kreuzung des Süd-Nord-Kanals mit einer Ölleitung mittels einer Rohrbrücke", "stat_von": 11685, "Artgeo": "p" }, "geometry": { "type": "Point", "coordinates": [ 788412.745721387327649, 6900831.751918871887028 ] } },
{ "type": "Feature", "properties": { "Art": "BRU", "bw_id": "SNK_BRU_12360", "name": "Stahlbetonbrücke Kreisstraße K 13", "km": "12+360", "rwert": 370018.0, "hwert": 5825006, "bemerk": null, "beschreib": "Einfeld-Stahlbetonbrücke im Zuge der Kreisstraße K 13. Die Brücke wurde in 2014 umfassend saniert.", "stat_von": 12360, "Artgeo": "p" }, "geometry": { "type": "Point", "coordinates": [ 788422.686660864623263, 6901943.275169220753014 ] } },
{ "type": "Feature", "properties": { "Art": "BRU", "bw_id": "SNK_BRU_12920", "name": "Holzbrücke Georgsdorf I", "km": "12+920", "rwert": 370017.0, "hwert": 5825564, "bemerk": null, "beschreib": "Dreifeld-Holzbrücke für Fußgänger und Radfahrer", "stat_von": 12920, "Artgeo": "p" }, "geometry": { "type": "Point", "coordinates": [ 788396.698861256241798, 6902861.338115421123803 ] } },
{ "type": "Feature", "properties": { "Art": "BRU", "bw_id": "SNK_BRU_13750", "name": "Drehbrücke Georgsdorf", "km": "13+750", "rwert": 369791.0, "hwert": 5826188, "bemerk": "Die Verkehrssicherungspflicht wurde nicht auf Dritte (z.B. Kommune) übertragen, so dass die Verantwortlichkeit beim NLWKN verbleibt.", "beschreib": "Die auch „Jörgen-Brücke“ genannte Drehbrücke  verbindet die K 19 mit dem innerörtlichen Straßennetz an der südlichen Seite des Kanals und liegt im Zuge der Gemeindestraße „Neuer Diek   Die denkmalgeschützte Brücke ist als 3-feldrige Brücke ausgebildet.", "stat_von": 13750, "Artgeo": "p" }, "geometry": { "type": "Point", "coordinates": [ 787998.47037690365687, 6903878.262628522701561 ] } },
{ "type": "Feature", "properties": { "Art": "BRU", "bw_id": "SNK_BRU_14210", "name": "Holzbrücke Georgsdorf II", "km": "14+210", "rwert": 369339.0, "hwert": 5826120, "bemerk": null, "beschreib": "Dreifeld-Holzbrücke für den Fuß- und Radwegverkehr. Die Stützpfeiler sind auf den Pfeilern einer abgebauten Drehbrücke aufgestellt.", "stat_von": 14210, "Artgeo": "p" }, "geometry": { "type": "Point", "coordinates": [ 787259.470431659603491, 6903746.511158513836563 ] } },
{ "type": "Feature", "properties": { "Art": "BRU", "bw_id": "SNK_BRU_14330", "name": "Brücke Kreisstraße K 4", "km": "14+330", "rwert": 369223.0, "hwert": 5826141, "bemerk": null, "beschreib": "Einfeld-Stahlbetonbrücke im Zuge der Kreisstraße K 4", "stat_von": 14330, "Artgeo": "p" }, "geometry": { "type": "Point", "coordinates": [ 787068.130966745899059, 6903775.964278480969369 ] } },
{ "type": "Feature", "properties": { "Art": "BRU", "bw_id": "SNK_BRU_14390", "name": "Brücke Kreisstraße K 19 (Georgsdorf)", "km": "14+390", "rwert": 369189.0, "hwert": 5826170, "bemerk": null, "beschreib": "Einfeld-Stahlbetonbrücke im Zuge der Kreisstraße K 19", "stat_von": 14390, "Artgeo": "p" }, "geometry": { "type": "Point", "coordinates": [ 787011.044893872574903, 6903822.190264265984297 ] } },
{ "type": "Feature", "properties": { "Art": "BRU", "bw_id": "SNK_BRU_1565", "name": "Brücke Nach Schleuse I", "km": "1+565", "rwert": 369854.0, "hwert": 5814702, "bemerk": null, "beschreib": "Die Brücke soll einerseits eine bessere Verbindung für die Landwirtschaft schaffen und andererseits das wenige hundert Meter entfernte denkmalgeschützte Brückenbauwerk „Schleuse I“ schützen.", "stat_von": 1565, "Artgeo": "p" }, "geometry": { "type": "Point", "coordinates": [ 788602.391736905090511, 6885001.08840841986239 ] } },
{ "type": "Feature", "properties": { "Art": "BRU", "bw_id": "SNK_BRU_17160", "name": "Brücke Torfwerk Brill", "km": "17+160", "rwert": 369239.0, "hwert": 5828931, "bemerk": null, "beschreib": "Dreifeld-Stahlbetonbrücke im Zuge des Heideweges. Die Brücke ist die Hauptverbindung zum Torfwerk auf der westlichen Seite des Kanals.", "stat_von": 17160, "Artgeo": "p" }, "geometry": { "type": "Point", "coordinates": [ 786971.789415125967935, 6908369.251567109487951 ] } },
{ "type": "Feature", "properties": { "Art": "BRU", "bw_id": "SNK_BRU_18660", "name": "Drehbrücke Gertzen", "km": "18+660", "rwert": 370059.0, "hwert": 5830075, "bemerk": null, "beschreib": "Die Drehbrücke verbindet die K 202 mit dem innerörtlichen Straßennetz und liegt im Zuge einer Gemeindestraße (Brückenstraße).   Die denkmalgeschützte Brücke ist als 3-feldrige Brücke ausgebildet.", "stat_von": 18660, "Artgeo": "p" }, "geometry": { "type": "Point", "coordinates": [ 788268.611711043631658, 6910289.187944831326604 ] } },
{ "type": "Feature", "properties": { "Art": "BRU", "bw_id": "SNK_BRU_19280", "name": "Brücke Adorf", "km": "19+280", "rwert": 370524.0, "hwert": 5830495, "bemerk": null, "beschreib": "Dreifeld-Stahlbrücke für den Fuß- und Radwegverkehr", "stat_von": 19280, "Artgeo": "p" }, "geometry": { "type": "Point", "coordinates": [ 789014.247415048768744, 6911001.29141665995121 ] } },
{ "type": "Feature", "properties": { "Art": "BRU", "bw_id": "SNK_BRU_19310", "name": "Drehbrücke Adorf", "km": "19+310", "rwert": 370537.0, "hwert": 5830512, "bemerk": null, "beschreib": "Bei der „Adorfer-Brücke“ handelt es sich um eine Einfeld-Drehbrücke. Die Hauptkonstruktion der ehemals drehbaren Brücke besteht aus einer Stahlkonstruktion mit Holzbohlen als Brückenbelag.", "stat_von": 19310, "Artgeo": "p" }, "geometry": { "type": "Point", "coordinates": [ 789034.865906701539643, 6911029.860242372378707 ] } },
{ "type": "Feature", "properties": { "Art": "BRU", "bw_id": "SNK_BRU_19620", "name": "Rahmendurchlass Alt-Hesepertwist", "km": "19+620", "rwert": 370723.0, "hwert": 5830762, "bemerk": null, "beschreib": "Rahmendurchlass im Zuge der Kreisstraße K 268", "stat_von": 19620, "Artgeo": "p" }, "geometry": { "type": "Point", "coordinates": [ 789329.590291940839961, 6911449.769978074356914 ] } },
{ "type": "Feature", "properties": { "Art": "BRU", "bw_id": "SNK_BRU_20965", "name": "Brücke zur K 202", "km": "20+965", "rwert": 371243.0, "hwert": 5831946, "bemerk": null, "beschreib": "Durchlass für die Überfahrt von Torfabbaumaschinen und dem Anliegerverkehr zur K 202", "stat_von": 20965, "Artgeo": "p" }, "geometry": { "type": "Point", "coordinates": [ 790132.676441317657009, 6913422.947421018965542 ] } },
{ "type": "Feature", "properties": { "Art": "BRU", "bw_id": "SNK_BRU_21820", "name": "Drehbrücke Wilmes", "km": "21+820", "rwert": 371274.0, "hwert": 5832801, "bemerk": "??Fehlt ein Schild für die Fahrbahnbreite??", "beschreib": "Die Drehbrücke verbindet das innerörtliche Straßennetz und liegt im Zuge der Gemeindestraße „Am Kanal“.", "stat_von": 21820, "Artgeo": "p" }, "geometry": { "type": "Point", "coordinates": [ 790146.541715102968737, 6914833.125208362936974 ] } },
{ "type": "Feature", "properties": { "Art": "BRU", "bw_id": "SNK_BRU_22590", "name": "Drehbrücke Reiners", "km": "22+590", "rwert": 371301.0, "hwert": 5833573, "bemerk": null, "beschreib": "Auch bekannt unter Beuken-Brücke. Die Drehbrücke verbindet das innerörtliche Straßennetz und liegt im Zuge der Gemeindestraße „Am Kanal“. Sie ist heute nur noch für den Fuß- und Radwegverkehr zugelassen.", "stat_von": 22590, "Artgeo": "p" }, "geometry": { "type": "Point", "coordinates": [ 790157.433220710372552, 6916106.576905773952603 ] } },
{ "type": "Feature", "properties": { "Art": "BRU", "bw_id": "SNK_BRU_22970", "name": "Brücke Kreisverkehr Twist", "km": "22+970", "rwert": 371309.0, "hwert": 5833950, "bemerk": null, "beschreib": "Stahlbetonbrücke Kreisverkehr Twist", "stat_von": 22970, "Artgeo": "p" }, "geometry": { "type": "Point", "coordinates": [ 790154.22654666530434, 6916728.304178196936846 ] } },
{ "type": "Feature", "properties": { "Art": "BRU", "bw_id": "SNK_BRU_23605", "name": "Rahmendurchlass Schwarzer Weg", "km": "23+605", "rwert": 371338.0, "hwert": 5834583, "bemerk": null, "beschreib": "Rahmendurchlass im Zuge der Gemeindestraße „Schwarzer Weg", "stat_von": 23605, "Artgeo": "p" }, "geometry": { "type": "Point", "coordinates": [ 790174.439315554569475, 6917772.997270155698061 ] } },
{ "type": "Feature", "properties": { "Art": "BRU", "bw_id": "SNK_BRU_23920", "name": "Brücke Rühlertwist L 47", "km": "23+920", "rwert": 371305.0, "hwert": 5834898, "bemerk": null, "beschreib": "Einfeld-Stahlbetonbrücke im Zuge der Landesstraße L 47 (Bauwerksnummer 3308504, Teilbauwerksnummer: )", "stat_von": 23920, "Artgeo": "p" }, "geometry": { "type": "Point", "coordinates": [ 790106.497134577832185, 6918290.854350231587887 ] } },
{ "type": "Feature", "properties": { "Art": "BRU", "bw_id": "SNK_BRU_25195", "name": "Stahlbrücke Emsmoor", "km": "25+195", "rwert": 371114.0, "hwert": 5836155, "bemerk": "Bauwerk abgegeben: U-Pflicht = Gemeinde Twist", "beschreib": "Bei dem Bauwerk handelt es sich um eine Dreifeld-Stahlbrücke. Die Brücke wird hauptsächlich von Abtorfungsunternehmen und Landwirten benutzt. Außerdem dient sie als Zuwegung für den landeseigenen Kompostierplatz östlich des Ka", "stat_von": 25195, "Artgeo": "p" }, "geometry": { "type": "Point", "coordinates": [ 789737.714697936433367, 6920355.087339359335601 ] } },
{ "type": "Feature", "properties": { "Art": "BRU", "bw_id": "SNK_BRU_26405", "name": "Stahlbrücke GDF SUEZ", "km": "26+405", "rwert": 371187.0, "hwert": 5837363, "bemerk": "steht die Brücke unter Denkmalschutz (Objektkennziffer: 45405400033) ??", "beschreib": "Bei diesem Bauwerk handelt es sich um eine Dreifeldbrücke aus Stahlträgern mit Holzbohlenbelag. Die Überquerung dient als Zufahrt für die östlich des Kanals gelegenen Abtorfungsflächen die Landwirtschaft und Erdölfirmen.", "stat_von": 26405, "Artgeo": "p" }, "geometry": { "type": "Point", "coordinates": [ 789805.243399040424265, 6922350.534686646424234 ] } },
{ "type": "Feature", "properties": { "Art": "BRU", "bw_id": "SNK_BRU_27265", "name": "Stahlbrücke Klasmann-Brücke", "km": "27+265", "rwert": 371269.0, "hwert": 5838217, "bemerk": null, "beschreib": "Die Überquerung dient als Zufahrt für die östlich des Kanals gelegenen Abtorfungsflächen und der Landwirtschaft. Es handelt sich um eine Dreifeldkonstruktion aus Holz und Stahl. In der Brückenmitte verlaufen Schienen.", "stat_von": 27265, "Artgeo": "p" }, "geometry": { "type": "Point", "coordinates": [ 789903.013634225586429, 6923762.846687378361821 ] } },
{ "type": "Feature", "properties": { "Art": "BRU", "bw_id": "SNK_BRU_28270", "name": "Drehbrücke Backs", "km": "28+270", "rwert": 371366.0, "hwert": 5839218, "bemerk": null, "beschreib": "Die Brücke verbindet die K 202 mit dem an der östlichen Seite des Kanals liegenden Grundstück und wird hauptsächlich von Anliegern benutzt, da eine andere Zufahrt fehlt.", "stat_von": 28270, "Artgeo": "p" }, "geometry": { "type": "Point", "coordinates": [ 790019.109197861049324, 6925418.61376805882901 ] } },
{ "type": "Feature", "properties": { "Art": "BRU", "bw_id": "SNK_BRU_28925", "name": "Stahlbetonbrücke Griendtsveen", "km": "28+925", "rwert": 371427.0, "hwert": 5839869, "bemerk": null, "beschreib": "Einfeld-Stahlbetonbrücke im Zuge einer Gemeindestraße Griendtsveenweg", "stat_von": 28925, "Artgeo": "p" }, "geometry": { "type": "Point", "coordinates": [ 790091.204246572335251, 6926495.532144661061466 ] } },
{ "type": "Feature", "properties": { "Art": "BRU", "bw_id": "SNK_BRU_29885", "name": "Drehbrücke Südstraße/Pappelallee", "km": "29+885", "rwert": 371520.0, "hwert": 5840826, "bemerk": null, "beschreib": "Bei der Brücke handelt es sich um eine Einfeld-Drehbrücke. Die Hauptkonstruktion der Brücke besteht aus einer Stahlkonstruktion mit Holzbohlen als Brückenbelag. Die Brücke dient nur noch als Querung für Fußgänger und Radfahrer", "stat_von": 29885, "Artgeo": "p" }, "geometry": { "type": "Point", "coordinates": [ 790202.696692830068059, 6928079.056980419903994 ] } },
{ "type": "Feature", "properties": { "Art": "BRU", "bw_id": "SNK_BRU_30715", "name": "Kirchbrücke, K 201", "km": "30+715", "rwert": 371600.0, "hwert": 5841652, "bemerk": null, "beschreib": "Einfeld-Stahlbetonbrücke im Zuge der Kreisstraße (K 201)", "stat_von": 30715, "Artgeo": "p" }, "geometry": { "type": "Point", "coordinates": [ 790298.51492797746323, 6929446.056560851633549 ] } },
{ "type": "Feature", "properties": { "Art": "BRU", "bw_id": "SNK_BRU_31640", "name": "Drehbrücke Ströer (Silliesbrücke)", "km": "31+640", "rwert": 371688.0, "hwert": 5842573, "bemerk": null, "beschreib": "Die denkmalgeschützte Brücke ist als 3-feldrige Brücke ausgebildet. Sie besteht aus einem festen Brückenteil (Vorlandbrücke) sowie einer ungleicharmigen Drehbrücke (Typ: Landstraßendrehbrücke), wobei der lange Arm als Hauptöffnung den Kanal überspannt.", "stat_von": 31640, "Artgeo": "p" }, "geometry": { "type": "Point", "coordinates": [ 790403.409565208479762, 6930970.497517540119588 ] } },
{ "type": "Feature", "properties": { "Art": "BRU", "bw_id": "SNK_BRU_32145", "name": "Brücke B 402 (NL-DE)", "km": "32+145", "rwert": 371716.0, "hwert": 5843075, "bemerk": null, "beschreib": "Zweifeld-Stahlbetonbrücke im Zuge der Bundesstraße B 402 (Fahrtrichtung NL-DE)", "stat_von": 32145, "Artgeo": "p" }, "geometry": { "type": "Point", "coordinates": [ 790427.70972234767396, 6931800.65980845503509 ] } },
{ "type": "Feature", "properties": { "Art": "BRU", "bw_id": "SNK_BRU_32165", "name": "Brücke B 402 (DE-NL)", "km": "32+165", "rwert": 371717.0, "hwert": 5843095, "bemerk": null, "beschreib": "Zweifeld-Stahlbetonbrücke im Zuge der Bundesstraße B 402 (Fahrtrichtung DE-NL)", "stat_von": 32165, "Artgeo": "p" }, "geometry": { "type": "Point", "coordinates": [ 790428.487607729621232, 6931833.730736990459263 ] } },
{ "type": "Feature", "properties": { "Art": "BRU", "bw_id": "SNK_BRU_32260", "name": "Brücke Kastanienallee / Fehndorfer Straße", "km": "32+260", "rwert": 371720.0, "hwert": 5843191, "bemerk": null, "beschreib": "Die Einfeld-Stahlbetonbrücke verbindet die auf der östlichen Kanalseite verlaufende Kastanienallee mit der K 202.", "stat_von": 32260, "Artgeo": "p" }, "geometry": { "type": "Point", "coordinates": [ 790429.256322378176264, 6931992.394638300873339 ] } },
{ "type": "Feature", "properties": { "Art": "BRU", "bw_id": "SNK_BRU_34825", "name": "Stahlbetonbrücke Hebelermeer", "km": "34+825", "rwert": 371966.0, "hwert": 5845743, "bemerk": null, "beschreib": "Einfeld-Stahlbetonbrücke im Zuge einer Kreisstraße   K 228", "stat_von": 34825, "Artgeo": "p" }, "geometry": { "type": "Point", "coordinates": [ 790723.697850503143854, 6936218.599734899587929 ] } },
{ "type": "Feature", "properties": { "Art": "BRU", "bw_id": "SNK_BRU_37195", "name": "Stahlbetonbrücke Neulandstraße", "km": "37+195", "rwert": 372230.0, "hwert": 5848096, "bemerk": null, "beschreib": "Dreifeld-Stahlbetonbrücke im Zuge der Gemeinde-straße „Neulandstraße“", "stat_von": 37195, "Artgeo": "p" }, "geometry": { "type": "Point", "coordinates": [ 791056.738558849552646, 6940118.828717927448452 ] } },
{ "type": "Feature", "properties": { "Art": "BRU", "bw_id": "SNK_BRU_3755", "name": "Dükerbrücke Lee-Düker (Einlauf)", "km": "3+755", "rwert": 370833.0, "hwert": 5816659, "bemerk": null, "beschreib": "Einfeld-Stahlbetonbrücke. Dükerbrücke (Lee-Düker rechts / Einlauf)", "stat_von": 3755, "Artgeo": "p" }, "geometry": { "type": "Point", "coordinates": [ 790121.313072016579099, 6888257.292449913918972 ] } },
{ "type": "Feature", "properties": { "Art": "BRU", "bw_id": "SNK_BRU_3756", "name": "Dükerbrücke Lee-Düker (Auslauf)", "km": "3+756", "rwert": 370814.0, "hwert": 5816668, "bemerk": null, "beschreib": "Dükerbrücke (Lee-Düker / Auslauf)", "stat_von": 3756, "Artgeo": "p" }, "geometry": { "type": "Point", "coordinates": [ 790089.794953422155231, 6888271.252741180360317 ] } },
{ "type": "Feature", "properties": { "Art": "BRU", "bw_id": "SNK_BRU_380", "name": "Brücke Nordumgehung Nordhorn (B 403)", "km": "0+380", "rwert": 368941.0, "hwert": 5813936, "bemerk": null, "beschreib": "Der Süd-Nord-Kanal kreuzt die Trasse der Nordumgehung Nordhorn (B 213) und wird durch das Bauwerk N3 unterführt. Bei dem Brückenbauwerk handelt es sich um eine dreifeldrige Stahlbetonbrücke.", "stat_von": 380, "Artgeo": "p" }, "geometry": { "type": "Point", "coordinates": [ 787140.661010608077049, 6883703.664046103134751 ] } },
{ "type": "Feature", "properties": { "Art": "BRU", "bw_id": "SNK_BRU_3800", "name": "Schleusenbrücke Schleuse II", "km": "3+800", "rwert": 370842.0, "hwert": 5816702, "bemerk": null, "beschreib": "Über dem Unterhaupt der Schleuse II befindet sich diese Brücke.  Die ehemals drehbare Schleusenbrücke ist als Zweifeld-Brücke ausgebildet, deren Hauptöffnung das Unterhaupt der Schleuse überspannt.", "stat_von": 3800, "Artgeo": "p" }, "geometry": { "type": "Point", "coordinates": [ 790134.202843326958828, 6888328.309483369812369 ] } },
{ "type": "Feature", "properties": { "Art": "BRU", "bw_id": "SNK_BRU_38500", "name": "Stahlbetonbrücke Fehndorfer Schulbrücke", "km": "38+500", "rwert": 372357.0, "hwert": 5849392, "bemerk": null, "beschreib": "Dreifeld-Stahlbetonbrücke im Zuge der Kreisstraße K 242 „Harener Straße“", "stat_von": 38500, "Artgeo": "p" }, "geometry": { "type": "Point", "coordinates": [ 791209.936571100261062, 6942267.022083103656769 ] } },
{ "type": "Feature", "properties": { "Art": "BRU", "bw_id": "SNK_BRU_39605", "name": "Stahlbtonbrücke Fehndorfer Schleusenbrücke", "km": "39+605", "rwert": 372465.0, "hwert": 5850496, "bemerk": null, "beschreib": "Einfeld-Stahlbetonbrücke über dem Unterhaupt der ehemaligen Schleuse VI. Die Brücke steht als Baudenkmal (Einzeln) unter Denkmalschutz", "stat_von": 39605, "Artgeo": "p" }, "geometry": { "type": "Point", "coordinates": [ 791340.190918627427891, 6944097.40656465664506 ] } },
{ "type": "Feature", "properties": { "Art": "BRU", "bw_id": "SNK_BRU_4045", "name": "Brücke Nach Schleuse II", "km": "4+045", "rwert": 370948.0, "hwert": 5816926, "bemerk": null, "beschreib": "Die Brücke ist im Rahmen der Flurbereinigungsverfahren Nordhorn-Nord und Nordhorn-Ost entstanden. Ebenso wie die näher an Nordhorn liegende neue Brücke bei Schleuse I entlastet die Brücke die Brücke der Schleuse II.", "stat_von": 4045, "Artgeo": "p" }, "geometry": { "type": "Point", "coordinates": [ 790298.214608426904306, 6888700.825069169513881 ] } },
{ "type": "Feature", "properties": { "Art": "BRU", "bw_id": "SNK_BRU_41340", "name": "Stahlbetonbrücke Kreisstraße K 226 („Weinansbrücke“)", "km": "41+340", "rwert": 372378.0, "hwert": 5852150, "bemerk": null, "beschreib": "Dreifeld-Stahlbetonbrücke im Zuge der Kreisstraße     K 226", "stat_von": 41340, "Artgeo": "p" }, "geometry": { "type": "Point", "coordinates": [ 791124.812765601323918, 6946829.61478016525507 ] } },
{ "type": "Feature", "properties": { "Art": "BRU", "bw_id": "SNK_BRU_42105", "name": "Drehbrücke Wiesenstraße", "km": "42+105", "rwert": 372773.0, "hwert": 5852803, "bemerk": "Brücke stillgelegt?", "beschreib": "Bei der Brücke handelt es sich um eine Einfeld-Drehbrücke. Die Hauptkonstruktion der Brücke besteht aus einer Stahlkonstruktion mit Holzbohlen als Brückenbelag. Die Brücke dient nur noch als Querung für Fußgänger und Radfahrer.", "stat_von": 42105, "Artgeo": "p" }, "geometry": { "type": "Point", "coordinates": [ 791748.422221121378243, 6947927.22814928367734 ] } },
{ "type": "Feature", "properties": { "Art": "BRU", "bw_id": "SNK_BRU_43135", "name": "Brücke Kreisstraße K 220", "km": "43+135", "rwert": 373305.0, "hwert": 5853687, "bemerk": null, "beschreib": "Dreifeld-Stahlbetonbrücke im Zuge der Kreisstraße _x000d_\nK 220", "stat_von": 43135, "Artgeo": "p" }, "geometry": { "type": "Point", "coordinates": [ 792588.393849479383789, 6949413.170689321123064 ] } },
{ "type": "Feature", "properties": { "Art": "BRU", "bw_id": "SNK_BRU_44630", "name": "Brücke Wehr Altenberge", "km": "44+630", "rwert": 373546.0, "hwert": 5855079, "bemerk": null, "beschreib": "Zweifeld-Stahlbetonbrücke über das Unterwasser des Wehres Altenberge. Die westlichen Widerlager und Mittelpfeiler sind auf die Wangen des Wehrbauwerks gegründet, die Gründung der östlichen erfolgte in Spundwandbauweise.", "stat_von": 44630, "Artgeo": "p" }, "geometry": { "type": "Point", "coordinates": [ 792926.259320443263277, 6951727.675075649283826 ] } },
{ "type": "Feature", "properties": { "Art": "BRU", "bw_id": "SNK_BRU_45095", "name": "Brücke Röchlingstraße", "km": "45+095", "rwert": 373438.0, "hwert": 5855528, "bemerk": null, "beschreib": "Dreifeld-Stahlbetonbrücke im Zuge der Gemeinde-straße „Röchlingstraße“", "stat_von": 45095, "Artgeo": "p" }, "geometry": { "type": "Point", "coordinates": [ 792728.525427813990973, 6952466.342551871202886 ] } },
{ "type": "Feature", "properties": { "Art": "BRU", "bw_id": "SNK_BRU_45560", "name": "Brücke Bundesstraße B 408", "km": "45+560", "rwert": 373412.0, "hwert": 5855980, "bemerk": null, "beschreib": "Einfeld-Stahlbetonbrücke im Zuge der Bundesstraße  B 408", "stat_von": 45560, "Artgeo": "p" }, "geometry": { "type": "Point", "coordinates": [ 792666.064609224325977, 6953213.591176180168986 ] } },
{ "type": "Feature", "properties": { "Art": "BRU", "bw_id": "SNK_BRU_7355", "name": "Dükerbrücke Lohnerbach-Düker (Einlauf)", "km": "7+355", "rwert": 370673.0, "hwert": 5820118, "bemerk": null, "beschreib": "Dükerbrücke (Lohnerbach-Düker / Einlauf) ausgebildet als Einfeld-Stahlbetonbrücke", "stat_von": 7355, "Artgeo": "p" }, "geometry": { "type": "Point", "coordinates": [ 789709.552614507032558, 6893933.735447566956282 ] } },
{ "type": "Feature", "properties": { "Art": "BRU", "bw_id": "SNK_BRU_7356", "name": "Dükerbrücke Lohnerbach-Düker (Auslauf)", "km": "7+356", "rwert": 370653.0, "hwert": 5820116, "bemerk": null, "beschreib": "Dükerbrücke (Lohnerbach-Düker / Auslauf) ausgebildet als Einfeld-Stahlbetondükerbrücke", "stat_von": 7356, "Artgeo": "p" }, "geometry": { "type": "Point", "coordinates": [ 789676.848191118449904, 6893929.58005769085139 ] } },
{ "type": "Feature", "properties": { "Art": "BRU", "bw_id": "SNK_BRU_7395", "name": "Brücke Neuenhauser Straße L 45", "km": "7+395", "rwert": 370653.0, "hwert": 5820154, "bemerk": null, "beschreib": "Einfeld-Stahlbetonbrücke über dem ehemaligen Unterhaupt der Schleuse III im Zuge der Landesstraße L 45", "stat_von": 7395, "Artgeo": "p" }, "geometry": { "type": "Point", "coordinates": [ 789675.202756990795024, 6893992.038706062361598 ] } },
{ "type": "Feature", "properties": { "Art": "BRU", "bw_id": "SNK_BRU_75", "name": "Drehbrücke Deegfeld", "km": "0+075", "rwert": 368695.0, "hwert": 5813777, "bemerk": null, "beschreib": "Die Brücke liegt im Zuge einer Gemeindestraße (Deegfelder Weg). Die denkmalgeschützte Brücke ist als 3-feldrige Brücke ausgebildet. Sie besteht aus einem festen Brückenteil (Vorlandbrücke) sowie einer ungleicharmigen Drehbrücke.", "stat_von": 75, "Artgeo": "p" }, "geometry": { "type": "Point", "coordinates": [ 786744.814747647033073, 6883431.868702600710094 ] } },
{ "type": "Feature", "properties": { "Art": "BRU", "bw_id": "SNK_BRU_9180", "name": "Dükerbrücke Soermannsbach-Düker (Einlauf)", "km": "9+180", "rwert": 370280.0, "hwert": 5821866, "bemerk": null, "beschreib": "Die Dükerbrücke (Soermannsbach-Düker / Einlauf) ist als Einfeld-Stahlbetondükerbrücke ausgebildet.", "stat_von": 9180, "Artgeo": "p" }, "geometry": { "type": "Point", "coordinates": [ 788989.26850421843119, 6896790.234862419776618 ] } },
{ "type": "Feature", "properties": { "Art": "EIN", "bw_id": "SNK_EIN_1140", "name": "Einmündung Deegfeldgraben", "km": "1+140", "rwert": 369568.0, "hwert": 5814383, "bemerk": "??Wer kümmert sich um den Denkmalschutz; ist hier NLWKN u-Pflichtig??", "beschreib": "Düker an Schleuse I des 1871-1904 erbauten Süd-Nord-Kanals. Einige Meter nördlich der Schleuse den östlichen Damm unterquerend, zur Kanalseite heute rechteckige Betoneinfassung, zur Grabenseite kleiner Einlass.", "stat_von": 1140, "Artgeo": "p" }, "geometry": { "type": "Point", "coordinates": [ 788147.890583885018714, 6884464.896582837216556 ] } },
{ "type": "Feature", "properties": { "Art": "EIN", "bw_id": "SNK_EIN_11425", "name": "Einmündung Georgsdorfer Graben", "km": "11+425", "rwert": 369984.0, "hwert": 5824071, "bemerk": "Unterhaltungspflicht weiterhin beim NLWKN??", "beschreib": "Einmündung Georgsdorfer Graben über ehem. Dükerbauwerk", "stat_von": 11425, "Artgeo": "p" }, "geometry": { "type": "Point", "coordinates": [ 788407.676954611670226, 6900403.617337865754962 ] } },
{ "type": "Feature", "properties": { "Art": "EIN", "bw_id": "SNK_EIN_12115", "name": "Grabeneinmündung", "km": "12+115", "rwert": 370031.0, "hwert": 5824760, "bemerk": "U-Pflicht prüfen", "beschreib": "Grabeneinmündung", "stat_von": 12115, "Artgeo": "p" }, "geometry": { "type": "Point", "coordinates": [ 788454.751916467095725, 6901539.119932420551777 ] } },
{ "type": "Feature", "properties": { "Art": "EIN", "bw_id": "SNK_EIN_12870", "name": "OW-Einleit., Gebiet Graßfenne, SG Neuenhaus", "km": "12+870", "rwert": 370005.0, "hwert": 5825512, "bemerk": "B-001 (aktiv, real) , OW-Einl., Gebiet Graßfenne,", "beschreib": "OW-Einleit., Gebiet Graßfenne, SG Neuenhaus", "stat_von": 12870, "Artgeo": "p" }, "geometry": { "type": "Point", "coordinates": [ 788379.2719373293221, 6902775.250416366383433 ] } },
{ "type": "Feature", "properties": { "Art": "EIN", "bw_id": "SNK_EIN_12965", "name": "Einmündung Georgsdorfer Graben A", "km": "12+965", "rwert": 370040.0, "hwert": 5825608, "bemerk": null, "beschreib": "Einmündung Georgsdorfer Graben A", "stat_von": 12965, "Artgeo": "p" }, "geometry": { "type": "Point", "coordinates": [ 788432.530335856718011, 6902934.744166554883122 ] } },
{ "type": "Feature", "properties": { "Art": "EIN", "bw_id": "SNK_EIN_14365", "name": "Abzweig Piccardie-Coevorden-Kanal", "km": "14+365", "rwert": 369185.0, "hwert": 5826153, "bemerk": null, "beschreib": "Abzweig Piccardie-Coevorden-Kanal", "stat_von": 14365, "Artgeo": "p" }, "geometry": { "type": "Point", "coordinates": [ 787005.225552232936025, 6903794.038460558280349 ] } },
{ "type": "Feature", "properties": { "Art": "EIN", "bw_id": "SNK_EIN_14720", "name": "Einmündung Graben??", "km": "14+720", "rwert": 369229.0, "hwert": 5826494, "bemerk": "Einlauf und U-Pflicht prüfen", "beschreib": "Einmündung Graben??", "stat_von": 14720, "Artgeo": "p" }, "geometry": { "type": "Point", "coordinates": [ 787062.476452211965807, 6904357.153227243572474 ] } },
{ "type": "Feature", "properties": { "Art": "EIN", "bw_id": "SNK_EIN_16250", "name": "Einmündung Moorgraben", "km": "16+250", "rwert": 369243.0, "hwert": 5828023, "bemerk": "Einlauf prüfen", "beschreib": "Einmündung Moorgraben", "stat_von": 16250, "Artgeo": "p" }, "geometry": { "type": "Point", "coordinates": [ 787018.279844429343939, 6906874.494933433830738 ] } },
{ "type": "Feature", "properties": { "Art": "EIN", "bw_id": "SNK_EIN_17145", "name": "Einmündung Graben (Wasserrecht)", "km": "17+145", "rwert": 369228.0, "hwert": 5828918, "bemerk": "Einlauf nicht zu finden??", "beschreib": "Einmündung Graben (Wasserrecht)", "stat_von": 17145, "Artgeo": "p" }, "geometry": { "type": "Point", "coordinates": [ 786954.294005212141201, 6908347.361425730399787 ] } },
{ "type": "Feature", "properties": { "Art": "EIN", "bw_id": "SNK_EIN_17165", "name": "Einleit. Abwl., Gebr. Brill, Schwarzer Weg 5", "km": "17+165", "rwert": 369217.0, "hwert": 5828937, "bemerk": "B-001 (aktiv, real) , Abw.-Einl., Gebr. Brill, Sch", "beschreib": "Einleit. Abwl., Gebr. Brill, Schwarzer Weg 5", "stat_von": 17165, "Artgeo": "p" }, "geometry": { "type": "Point", "coordinates": [ 786935.391188764828257, 6908378.16090565174818 ] } },
{ "type": "Feature", "properties": { "Art": "EIN", "bw_id": "SNK_EIN_17830", "name": "Einmündung Graben", "km": "17+830", "rwert": 369450.0, "hwert": 5829520, "bemerk": "Ist die Rückstauklappe im Zeitraum 2016-21 nachträglich eingebaut worden?", "beschreib": "Einmündung Graben", "stat_von": 17830, "Artgeo": "p" }, "geometry": { "type": "Point", "coordinates": [ 787292.48601380828768, 6909348.427523333579302 ] } },
{ "type": "Feature", "properties": { "Art": "EIN", "bw_id": "SNK_EIN_18160", "name": "Einmündung Graben (Rohrdurchlass)", "km": "18+160", "rwert": 369681.0, "hwert": 5829749, "bemerk": "Gewässer ist nicht in Karten oder geodaten dargestellt", "beschreib": "Einmündung Graben (Rohrdurchlass)", "stat_von": 18160, "Artgeo": "p" }, "geometry": { "type": "Point", "coordinates": [ 787661.903272564057261, 6909735.706439869478345 ] } },
{ "type": "Feature", "properties": { "Art": "EIN", "bw_id": "SNK_EIN_18800", "name": "OW-Einleit., Baugebiet westl.d. Brückenstr.,Twist", "km": "18+800", "rwert": 370158.0, "hwert": 5830174, "bemerk": "B-001 (aktiv, real) , OW-Einl., BG. westl.d. Brückenstr.,Twist (32370159, 5830168)", "beschreib": "OW-Einleit., Baugebiet westl.d. Brückenstr.,Twist", "stat_von": 18800, "Artgeo": "p" }, "geometry": { "type": "Point", "coordinates": [ 788426.930239162640646, 6910456.576687482185662 ] } },
{ "type": "Feature", "properties": { "Art": "EIN", "bw_id": "SNK_EIN_19120", "name": "Rohreinlauf", "km": "19+120", "rwert": 370397.0, "hwert": 5830385, "bemerk": "??prüfen ob Einlauf vorhanden??", "beschreib": "Rohreinlauf", "stat_von": 19120, "Artgeo": "p" }, "geometry": { "type": "Point", "coordinates": [ 788810.382114847074263, 6910814.560559429228306 ] } },
{ "type": "Feature", "properties": { "Art": "EIN", "bw_id": "SNK_EIN_20460", "name": "Grabeneinlauf", "km": "20+460", "rwert": 371220.0, "hwert": 5831439, "bemerk": "Einlauf prüfen", "beschreib": "Grabeneinlauf", "stat_von": 20460, "Artgeo": "p" }, "geometry": { "type": "Point", "coordinates": [ 790116.866802548756823, 6912586.652183678001165 ] } },
{ "type": "Feature", "properties": { "Art": "EIN", "bw_id": "SNK_EIN_20575", "name": "Einmündung Graben??", "km": "20+575", "rwert": 371241.0, "hwert": 5831556, "bemerk": "Einlauf und U-Pflicht prüfen", "beschreib": "Einmündung Graben??", "stat_von": 20575, "Artgeo": "p" }, "geometry": { "type": "Point", "coordinates": [ 790146.30369825148955, 6912780.317948891781271 ] } },
{ "type": "Feature", "properties": { "Art": "EIN", "bw_id": "SNK_EIN_20785", "name": "Einmündung Graben??", "km": "20+785", "rwert": 371248.0, "hwert": 5831768, "bemerk": "Einlauf und U-Pflicht prüfen", "beschreib": "Einmündung Graben??", "stat_von": 20785, "Artgeo": "p" }, "geometry": { "type": "Point", "coordinates": [ 790148.613963371841237, 6913129.895478710532188 ] } },
{ "type": "Feature", "properties": { "Art": "EIN", "bw_id": "SNK_EIN_21150", "name": "Einmündung Graben??", "km": "21+150", "rwert": 371259.0, "hwert": 5832132, "bemerk": "Einlauf und U_Pflicht prüfen", "beschreib": "Einmündung Graben??", "stat_von": 21150, "Artgeo": "p" }, "geometry": { "type": "Point", "coordinates": [ 790150.905965859885328, 6913730.104472191073 ] } },
{ "type": "Feature", "properties": { "Art": "EIN", "bw_id": "SNK_EIN_21530", "name": "Einmündung Graben??", "km": "21+530", "rwert": 371275.0, "hwert": 5832511, "bemerk": "Einlauf und U_Pflicht prüfen", "beschreib": "Einmündung Graben??", "stat_von": 21530, "Artgeo": "p" }, "geometry": { "type": "Point", "coordinates": [ 790160.765552524710074, 6914355.292434661649168 ] } },
{ "type": "Feature", "properties": { "Art": "EIN", "bw_id": "SNK_EIN_21770", "name": "Einleitung (KKA - Vahrenhorst)", "km": "21+770", "rwert": 371262.0, "hwert": 5832752, "bemerk": "Vertrag und Wasserrecht nachtragen", "beschreib": "Einleitung (KKA - Vahrenhorst)", "stat_von": 21770, "Artgeo": "p" }, "geometry": { "type": "Point", "coordinates": [ 790128.941858694772236, 6914751.856718678027391 ] } },
{ "type": "Feature", "properties": { "Art": "EIN", "bw_id": "SNK_EIN_22115", "name": "Grabeneinlauf", "km": "22+115", "rwert": 371273.0, "hwert": 5833094, "bemerk": null, "beschreib": "Grabeneinlauf", "stat_von": 22115, "Artgeo": "p" }, "geometry": { "type": "Point", "coordinates": [ 790132.185580819030292, 6915315.930169047787786 ] } },
{ "type": "Feature", "properties": { "Art": "EIN", "bw_id": "SNK_EIN_22140", "name": "Grabeneinlauf", "km": "22+140", "rwert": 371299.0, "hwert": 5833117, "bemerk": null, "beschreib": "Grabeneinlauf", "stat_von": 22140, "Artgeo": "p" }, "geometry": { "type": "Point", "coordinates": [ 790173.929600924137048, 6915354.965011226013303 ] } },
{ "type": "Feature", "properties": { "Art": "EIN", "bw_id": "SNK_EIN_22155", "name": "Rohreinlauf", "km": "22+155", "rwert": 371299.0, "hwert": 5833172, "bemerk": null, "beschreib": "Rohreinlauf", "stat_von": 22155, "Artgeo": "p" }, "geometry": { "type": "Point", "coordinates": [ 790171.543561791302636, 6915445.605760817416012 ] } },
{ "type": "Feature", "properties": { "Art": "EIN", "bw_id": "SNK_EIN_22260", "name": "Rohrdurchlass??", "km": "22+260", "rwert": 371301.0, "hwert": 5833241, "bemerk": "Einmündung unter WSP, Prüfen ob vorhanden", "beschreib": "Rohrdurchlass??", "stat_von": 22260, "Artgeo": "p" }, "geometry": { "type": "Point", "coordinates": [ 790171.837999112438411, 6915559.407120909541845 ] } },
{ "type": "Feature", "properties": { "Art": "EIN", "bw_id": "SNK_EIN_22350", "name": "Rohrdurchlass?", "km": "22+350", "rwert": 371307.0, "hwert": 5833328, "bemerk": "Einlauf unter WSP, prüfen??", "beschreib": "Rohrdurchlass?", "stat_von": 22350, "Artgeo": "p" }, "geometry": { "type": "Point", "coordinates": [ 790177.927464343723841, 6915703.049354230053723 ] } },
{ "type": "Feature", "properties": { "Art": "EIN", "bw_id": "SNK_EIN_22510", "name": "Rohreinmündung (OW-Entwässerung Baugebiet BPlan Nr. 59)", "km": "22+510", "rwert": 371292.0, "hwert": 5833492, "bemerk": null, "beschreib": "Rohreinmündung (OW-Entwässerung Baugebiet BPlan Nr. 59)", "stat_von": 22510, "Artgeo": "p" }, "geometry": { "type": "Point", "coordinates": [ 790146.151428221608512, 6915972.685760095715523 ] } },
{ "type": "Feature", "properties": { "Art": "EIN", "bw_id": "SNK_EIN_22730", "name": "Rohreinmündung (OW-Entwässerung Baugebiet BPlan Nr. 59)", "km": "22+730", "rwert": 371298.0, "hwert": 5833709, "bemerk": null, "beschreib": "Rohreinmündung (OW-Entwässerung Baugebiet BPlan Nr. 59)", "stat_von": 22730, "Artgeo": "p" }, "geometry": { "type": "Point", "coordinates": [ 790146.599369450937957, 6916330.598916594870389 ] } },
{ "type": "Feature", "properties": { "Art": "EIN", "bw_id": "SNK_EIN_22820", "name": "OW-Einleit., Gemeinde Twist, Rühlerfeld", "km": "22+820", "rwert": 371270.0, "hwert": 5833805, "bemerk": "B-001 (aktiv, real) , OW-Einl., Gemeinde Twist, RÃ", "beschreib": "OW-Einleit., Gemeinde Twist, Rühlerfeld", "stat_von": 22820, "Artgeo": "p" }, "geometry": { "type": "Point", "coordinates": [ 790096.39693866786547, 6916487.60966270044446 ] } },
{ "type": "Feature", "properties": { "Art": "EIN", "bw_id": "SNK_EIN_22845", "name": "Rohreinlauf", "km": "22+845", "rwert": 371322.0, "hwert": 5833825, "bemerk": null, "beschreib": "Rohreinlauf", "stat_von": 22845, "Artgeo": "p" }, "geometry": { "type": "Point", "coordinates": [ 790181.025180846918374, 6916522.836780173704028 ] } },
{ "type": "Feature", "properties": { "Art": "EIN", "bw_id": "SNK_EIN_22915", "name": "Rohreinmündung (OW-Entwässerung Baugebiet BPlan Nr. 59)", "km": "22+915", "rwert": 371305.0, "hwert": 5833898, "bemerk": null, "beschreib": "Rohreinmündung (OW-Entwässerung Baugebiet BPlan Nr. 59)", "stat_von": 22915, "Artgeo": "p" }, "geometry": { "type": "Point", "coordinates": [ 790149.906449368572794, 6916642.41983447317034 ] } },
{ "type": "Feature", "properties": { "Art": "EIN", "bw_id": "SNK_EIN_22940", "name": "Einmündung Rühlermoorschloot", "km": "22+940", "rwert": 371331.0, "hwert": 5833918, "bemerk": "Einlauf prüfen", "beschreib": "Einmündung Rühlermoorschloot", "stat_von": 22940, "Artgeo": "p" }, "geometry": { "type": "Point", "coordinates": [ 790191.787513174815103, 6916676.516276113688946 ] } },
{ "type": "Feature", "properties": { "Art": "EIN", "bw_id": "SNK_EIN_23105", "name": "Rohreinlauf", "km": "23+105", "rwert": 371314.0, "hwert": 5834090, "bemerk": null, "beschreib": "Rohreinlauf", "stat_von": 23105, "Artgeo": "p" }, "geometry": { "type": "Point", "coordinates": [ 790156.371902503422461, 6916959.28479409776628 ] } },
{ "type": "Feature", "properties": { "Art": "EIN", "bw_id": "SNK_EIN_23120", "name": "Rohreinlauf (PVC-Rohr)", "km": "23+120", "rwert": 371333.0, "hwert": 5834101, "bemerk": "widerrechtliche Entnahmestelle??", "beschreib": "Rohreinlauf (PVC-Rohr)", "stat_von": 23120, "Artgeo": "p" }, "geometry": { "type": "Point", "coordinates": [ 790187.135354394209571, 6916978.243033839389682 ] } },
{ "type": "Feature", "properties": { "Art": "EIN", "bw_id": "SNK_EIN_23205", "name": "Einmündung Hauptvorfluter Süd", "km": "23+205", "rwert": 371300.0, "hwert": 5834184, "bemerk": null, "beschreib": "Einmündung Hauptvorfluter Süd", "stat_von": 23205, "Artgeo": "p" }, "geometry": { "type": "Point", "coordinates": [ 790129.272320203715935, 6917113.620260303840041 ] } },
{ "type": "Feature", "properties": { "Art": "EIN", "bw_id": "SNK_EIN_23615", "name": "Einmündung Graben??", "km": "23+615", "rwert": 371330.0, "hwert": 5834596, "bemerk": "Einlauf und U_Pflicht prüfen", "beschreib": "Einmündung Graben??", "stat_von": 23615, "Artgeo": "p" }, "geometry": { "type": "Point", "coordinates": [ 790160.71970699285157, 6917794.079670245759189 ] } },
{ "type": "Feature", "properties": { "Art": "EIN", "bw_id": "SNK_EIN_24375", "name": "Einmündung Hauptvorfluter Nord", "km": "24+375", "rwert": 371229.0, "hwert": 5835341, "bemerk": "Einlauf prüfen", "beschreib": "Einmündung Hauptvorfluter Nord", "stat_von": 24375, "Artgeo": "p" }, "geometry": { "type": "Point", "coordinates": [ 789962.264452381175943, 6919017.908259578980505 ] } },
{ "type": "Feature", "properties": { "Art": "EIN", "bw_id": "SNK_EIN_26075", "name": "Einmündung Graben??", "km": "26+075", "rwert": 371168.0, "hwert": 5837031, "bemerk": "Einlauf und U-Pflicht prüfen", "beschreib": "Einmündung Graben??", "stat_von": 26075, "Artgeo": "p" }, "geometry": { "type": "Point", "coordinates": [ 789788.430349824251607, 6921802.11429223138839 ] } },
{ "type": "Feature", "properties": { "Art": "EIN", "bw_id": "SNK_EIN_26655", "name": "Grabeneinmündung", "km": "26+655", "rwert": 371224.0, "hwert": 5837608, "bemerk": "Einlauf und U-Pflicht prüfen", "beschreib": "Grabeneinmündung", "stat_von": 26655, "Artgeo": "p" }, "geometry": { "type": "Point", "coordinates": [ 789855.46200676180888, 6922756.26877660676837 ] } },
{ "type": "Feature", "properties": { "Art": "EIN", "bw_id": "SNK_EIN_26900", "name": "Einmündung Graben??", "km": "26+900", "rwert": 371248.0, "hwert": 5837851, "bemerk": "Einlauf und U-Pflicht prüfen", "beschreib": "Einmündung Graben??", "stat_von": 26900, "Artgeo": "p" }, "geometry": { "type": "Point", "coordinates": [ 789884.380665226024576, 6923158.156845014542341 ] } },
{ "type": "Feature", "properties": { "Art": "EIN", "bw_id": "SNK_EIN_27225", "name": "Einmündung Graben??", "km": "27+225", "rwert": 371276.0, "hwert": 5838175, "bemerk": "Einlauf und U-Pflicht prüfen", "beschreib": "Einmündung Graben??", "stat_von": 27225, "Artgeo": "p" }, "geometry": { "type": "Point", "coordinates": [ 789916.360392052098177, 6923693.864164128899574 ] } },
{ "type": "Feature", "properties": { "Art": "EIN", "bw_id": "SNK_EIN_27250", "name": "Einmündung Graben??", "km": "27+250", "rwert": 371261.0, "hwert": 5838206, "bemerk": "Einlauf und U-Pflicht prüfen", "beschreib": "Einmündung Graben??", "stat_von": 27250, "Artgeo": "p" }, "geometry": { "type": "Point", "coordinates": [ 789890.327142422785982, 6923744.350871839560568 ] } },
{ "type": "Feature", "properties": { "Art": "EIN", "bw_id": "SNK_EIN_27425", "name": "Einmündung Südlicher Annaveenschloot", "km": "27+425", "rwert": 371264.0, "hwert": 5838378, "bemerk": "Einlauf prüfen", "beschreib": "Da für eine freie Vorflut der Wasserspiegel des Süd-Nord-Kanals zu hoch liegt, wurde an der Mündung des Gewässers ein Schöpfwerk  erforderlich, das zunächst als vorübergehende Anlage konzipiert wurde mittlerweile aber zur Dauerlösung geworden ist.", "stat_von": 27425, "Artgeo": "p" }, "geometry": { "type": "Point", "coordinates": [ 789887.779853767598979, 6924028.237418568693101 ] } },
{ "type": "Feature", "properties": { "Art": "EIN", "bw_id": "SNK_EIN_27545", "name": "Einmündung Graben??", "km": "27+545", "rwert": 371309.0, "hwert": 5838495, "bemerk": "Einlauf und U_Pflicht prüfen", "beschreib": "Einmündung Graben??", "stat_von": 27545, "Artgeo": "p" }, "geometry": { "type": "Point", "coordinates": [ 789956.746528005809523, 6924223.225759806111455 ] } },
{ "type": "Feature", "properties": { "Art": "EIN", "bw_id": "SNK_EIN_28140", "name": "Einmündung Graben", "km": "28+140", "rwert": 371360.0, "hwert": 5839087, "bemerk": "Einlauf und U_Pflicht prüfen", "beschreib": "Einmündung Graben", "stat_von": 28140, "Artgeo": "p" }, "geometry": { "type": "Point", "coordinates": [ 790014.931846420397051, 6925202.197639290243387 ] } },
{ "type": "Feature", "properties": { "Art": "EIN", "bw_id": "SNK_EIN_28870", "name": "Einündung Westlicher Provinzialmoorschloot", "km": "28+870", "rwert": 371427.0, "hwert": 5839814, "bemerk": null, "beschreib": "Etwa 1,5 km nördlich des Schöpfwerks Annaveenmoorschloot leitet von der Ostseite in freier Vorflut der Westliche Provinzialmoorschloot in den Süd-Nord-Kanal ein.", "stat_von": 28870, "Artgeo": "p" }, "geometry": { "type": "Point", "coordinates": [ 790093.596389407292008, 6926404.767421275377274 ] } },
{ "type": "Feature", "properties": { "Art": "EIN", "bw_id": "SNK_EIN_28875", "name": "Einmündung Schloot??", "km": "28+875", "rwert": 371403.0, "hwert": 5839826, "bemerk": "Einlauf und U-Pflicht prüfen", "beschreib": "Einmündung Schloot??", "stat_von": 28875, "Artgeo": "p" }, "geometry": { "type": "Point", "coordinates": [ 790053.565990701317787, 6926423.52402953710407 ] } },
{ "type": "Feature", "properties": { "Art": "EIN", "bw_id": "SNK_EIN_30525", "name": "Einmündung Wieke", "km": "30+525", "rwert": 371560.0, "hwert": 5841462, "bemerk": "Einlauf und U-Pflicht prüfen", "beschreib": "Einmündung Wieke", "stat_von": 30525, "Artgeo": "p" }, "geometry": { "type": "Point", "coordinates": [ 790240.905383272096515, 6929130.651661483570933 ] } },
{ "type": "Feature", "properties": { "Art": "EIN", "bw_id": "SNK_EIN_30770", "name": "OW-Einleit.,Gem.Twist, Kastanienallee (B-001)", "km": "30+770", "rwert": 371610.0, "hwert": 5841705, "bemerk": "B-001 (aktiv, real) , OW-Einl.,Gem.Twist, Kastanie", "beschreib": "OW-Einleit.,Gem.Twist, Kastanienallee (B-001)", "stat_von": 30770, "Artgeo": "p" }, "geometry": { "type": "Point", "coordinates": [ 790312.67888210224919, 6929533.989600469358265 ] } },
{ "type": "Feature", "properties": { "Art": "EIN", "bw_id": "SNK_EIN_30810", "name": "OW-Einleit.,Gem.Twist, Kastanienallee (B-002)", "km": "30+810", "rwert": 371611.0, "hwert": 5841745, "bemerk": "B-002 (aktiv, real) , OW-Einl.,Gem.Twist, Kastanie", "beschreib": "OW-Einleit.,Gem.Twist, Kastanienallee (B-002)", "stat_von": 30810, "Artgeo": "p" }, "geometry": { "type": "Point", "coordinates": [ 790312.586716715246439, 6929600.069442725740373 ] } },
{ "type": "Feature", "properties": { "Art": "EIN", "bw_id": "SNK_EIN_31485", "name": "Abzweig Schöninghsdorf-Hoogeveen-Kanal", "km": "31+485", "rwert": 371654.0, "hwert": 5842418, "bemerk": null, "beschreib": "Abzweig Schöninghsdorf-Hoogeveen-Kanal", "stat_von": 31485, "Artgeo": "p" }, "geometry": { "type": "Point", "coordinates": [ 790354.14655419299379, 6930713.084817980416119 ] } },
{ "type": "Feature", "properties": { "Art": "EIN", "bw_id": "SNK_EIN_31560", "name": "Einmündung Graben??", "km": "31+560", "rwert": 371670.0, "hwert": 5842491, "bemerk": null, "beschreib": "Rohrdurchlass mit Einlaufbauwerk", "stat_von": 31560, "Artgeo": "p" }, "geometry": { "type": "Point", "coordinates": [ 790377.326212233980186, 6930834.316342748701572 ] } },
{ "type": "Feature", "properties": { "Art": "EIN", "bw_id": "SNK_EIN_31670", "name": "Sammelgraben A über Rohrdurchlass", "km": "31+670", "rwert": 371700.0, "hwert": 5842598, "bemerk": "In 2022/2023 ist eine privatrechtliche Vereinbarung zur \"Verrohrung\" abzuschließen", "beschreib": "Rohrdurchlass (DN 800) für die Einmündung des Sammelgrabens A", "stat_von": 31670, "Artgeo": "p" }, "geometry": { "type": "Point", "coordinates": [ 790422.088406273862347, 6931012.300369680859149 ] } },
{ "type": "Feature", "properties": { "Art": "EIN", "bw_id": "SNK_EIN_32010", "name": "Einlauf Gewerbegebiet \"Südlich B 402\"", "km": "32+010", "rwert": 371701.0, "hwert": 5842942, "bemerk": "Nach dem Bau die Daten (genaue Verortung, evtl. Kilometrierung) aktualisieren und Fotos einpflegen", "beschreib": "Einlaufbauwerk (Rohrdurchlass mit Rückstauklappe) für das Gewerbegebiet \"Südlich der B402\" in Twist Schöninghsdorf entspr. Genehmigung v. 09.12.2019.", "stat_von": 32010, "Artgeo": "p" }, "geometry": { "type": "Point", "coordinates": [ 790408.782388639054261, 6931580.377700168639421 ] } },
{ "type": "Feature", "properties": { "Art": "EIN", "bw_id": "SNK_EIN_32380", "name": "Einmündung Graben/Teich", "km": "32+380", "rwert": 371707.0, "hwert": 5843311, "bemerk": null, "beschreib": "Einmündung Graben/Teich", "stat_von": 32380, "Artgeo": "p" }, "geometry": { "type": "Point", "coordinates": [ 790402.62372272904031, 6932189.998876945115626 ] } },
{ "type": "Feature", "properties": { "Art": "EIN", "bw_id": "SNK_EIN_32595", "name": "Einleitung Graben??", "km": "32+595", "rwert": 371743.0, "hwert": 5843524, "bemerk": null, "beschreib": "Einleitung Graben??", "stat_von": 32595, "Artgeo": "p" }, "geometry": { "type": "Point", "coordinates": [ 790452.670160814654082, 6932543.333073096349835 ] } },
{ "type": "Feature", "properties": { "Art": "EIN", "bw_id": "SNK_EIN_33315", "name": "Einmündung Graben", "km": "33+315", "rwert": 371809.0, "hwert": 5844242, "bemerk": null, "beschreib": "Einmündung Graben", "stat_von": 33315, "Artgeo": "p" }, "geometry": { "type": "Point", "coordinates": [ 790530.198964763432741, 6933732.085289671085775 ] } },
{ "type": "Feature", "properties": { "Art": "EIN", "bw_id": "SNK_EIN_35005", "name": "Einmündung Thesinggraben", "km": "35+005", "rwert": 371963.0, "hwert": 5845925, "bemerk": null, "beschreib": "Einmündung Thesinggraben", "stat_von": 35005, "Artgeo": "p" }, "geometry": { "type": "Point", "coordinates": [ 790710.845270911813714, 6936519.18788689468056 ] } },
{ "type": "Feature", "properties": { "Art": "EIN", "bw_id": "SNK_EIN_35015", "name": "??Einmündung Graben", "km": "35+015", "rwert": 371996.0, "hwert": 5845927, "bemerk": "kein Gewässer zugeordnet??", "beschreib": "??Einmündung Graben", "stat_von": 35015, "Artgeo": "p" }, "geometry": { "type": "Point", "coordinates": [ 790765.151034735608846, 6936523.929842779412866 ] } },
{ "type": "Feature", "properties": { "Art": "EIN", "bw_id": "SNK_EIN_35065", "name": "Einmündung Graben", "km": "35+065", "rwert": 371998.0, "hwert": 5845975, "bemerk": "Rohrdurchlass mit vorgeschaltetem Absturzbauwerk??", "beschreib": "Einmündung Graben", "stat_von": 35065, "Artgeo": "p" }, "geometry": { "type": "Point", "coordinates": [ 790766.362379463156685, 6936603.329332783818245 ] } },
{ "type": "Feature", "properties": { "Art": "EIN", "bw_id": "SNK_EIN_35875", "name": "Einmündung Graben (Teich)", "km": "35+875", "rwert": 372101.0, "hwert": 5846784, "bemerk": null, "beschreib": "Einmündung Graben (Teich)", "stat_von": 35875, "Artgeo": "p" }, "geometry": { "type": "Point", "coordinates": [ 790901.011516612023115, 6937944.676438942551613 ] } },
{ "type": "Feature", "properties": { "Art": "EIN", "bw_id": "SNK_EIN_39235", "name": "Einmündung Graben", "km": "39+235", "rwert": 372441.0, "hwert": 5850125, "bemerk": null, "beschreib": "Einmündung Graben", "stat_von": 39235, "Artgeo": "p" }, "geometry": { "type": "Point", "coordinates": [ 791316.693433205015026, 6943482.793047333136201 ] } },
{ "type": "Feature", "properties": { "Art": "EIN", "bw_id": "SNK_EIN_39460", "name": "Einlauf Umgehungsgerinne Wehr Fehndorf", "km": "39+460", "rwert": 372460.0, "hwert": 5850349, "bemerk": null, "beschreib": "Einlauf Umgehungsgerinne Wehr Fehndorf", "stat_von": 39460, "Artgeo": "p" }, "geometry": { "type": "Point", "coordinates": [ 791338.319791812100448, 6943854.070985071361065 ] } },
{ "type": "Feature", "properties": { "Art": "EIN", "bw_id": "SNK_EIN_39540", "name": "Auslauf Umgehungsgerinne Wehr Fehndorf", "km": "39+540", "rwert": 372465.0, "hwert": 5850426, "bemerk": null, "beschreib": "Auslauf Umgehungsgerinne Wehr Fehndorf", "stat_von": 39540, "Artgeo": "p" }, "geometry": { "type": "Point", "coordinates": [ 791343.227999456343241, 6943981.635119044221938 ] } },
{ "type": "Feature", "properties": { "Art": "EIN", "bw_id": "SNK_EIN_39610", "name": "Einmündung Burenwieke", "km": "39+610", "rwert": 372455.0, "hwert": 5850502, "bemerk": "Einlaufverlauf Burenwiek korrigieren: GB3!!!", "beschreib": "Aufgrund der nördlich des Wehres Fehndorfs durchgeführten Ausbaumaßnahmen des Süd-Nord-Kanals existieren an der im Unterwasser einmündenden Burenwieke keine Vorflutprobleme.", "stat_von": 39610, "Artgeo": "p" }, "geometry": { "type": "Point", "coordinates": [ 791323.432341007399373, 6944106.894944070838392 ] } },
{ "type": "Feature", "properties": { "Art": "EIN", "bw_id": "SNK_EIN_40545", "name": "Rohreinlauf", "km": "40+545", "rwert": 372576.0, "hwert": 5851427, "bemerk": null, "beschreib": "Rohreinlauf", "stat_von": 40545, "Artgeo": "p" }, "geometry": { "type": "Point", "coordinates": [ 791482.952614285633899, 6945642.152808798477054 ] } },
{ "type": "Feature", "properties": { "Art": "EIN", "bw_id": "SNK_EIN_40880", "name": "Einmündung Graben", "km": "40+880", "rwert": 372578.0, "hwert": 5851757, "bemerk": "Ist der Rohrdurchlass wirklich vorhanden? Fehler im Gewässernetz. Meldung an GBIII", "beschreib": "Einmündung Graben", "stat_von": 40880, "Artgeo": "p" }, "geometry": { "type": "Point", "coordinates": [ 791471.939295426360331, 6946188.146732058376074 ] } },
{ "type": "Feature", "properties": { "Art": "EIN", "bw_id": "SNK_EIN_41100", "name": "Einmündung Fehndorfer Moorgraben", "km": "41+100", "rwert": 372430.0, "hwert": 5851935, "bemerk": null, "beschreib": "Einmündung Fehndorfer Moorgraben", "stat_von": 41100, "Artgeo": "p" }, "geometry": { "type": "Point", "coordinates": [ 791219.971284496714361, 6946476.180813331156969 ] } },
{ "type": "Feature", "properties": { "Art": "EIN", "bw_id": "SNK_EIN_4115", "name": "Einmündung Kleine Lee", "km": "4+115", "rwert": 370991.0, "hwert": 5816980, "bemerk": "Einlauf prüfen", "beschreib": "Einmündung Kleine Lee", "stat_von": 4115, "Artgeo": "p" }, "geometry": { "type": "Point", "coordinates": [ 790366.341561581357382, 6888791.384182848967612 ] } },
{ "type": "Feature", "properties": { "Art": "EIN", "bw_id": "SNK_EIN_42065", "name": "Einmündung Graben", "km": "42+065", "rwert": 372743.0, "hwert": 5852775, "bemerk": "Ist der Rohrdurchlass wirklich vorhanden? Fehler im Gewässernetz. Meldung an GBIII", "beschreib": "Einmündung Graben", "stat_von": 42065, "Artgeo": "p" }, "geometry": { "type": "Point", "coordinates": [ 791700.117500695982017, 6947879.593862637877464 ] } },
{ "type": "Feature", "properties": { "Art": "EIN", "bw_id": "SNK_EIN_42800", "name": "Einmündung Altenberger Schloot", "km": "42+800", "rwert": 373132.0, "hwert": 5853399, "bemerk": null, "beschreib": "Einmündung Altenberger Schloot", "stat_von": 42800, "Artgeo": "p" }, "geometry": { "type": "Point", "coordinates": [ 792315.234423850197345, 6948929.055744742043316 ] } },
{ "type": "Feature", "properties": { "Art": "EIN", "bw_id": "SNK_EIN_44790", "name": "OW-Einleit., Abwasser, KA Altenberge Haren", "km": "44+790", "rwert": 373515.0, "hwert": 5855234, "bemerk": "Abwassereinleitung kommunale Kläranlage, Altenberg", "beschreib": "OW-Einleit., Abwasser, KA Altenberge Haren", "stat_von": 44790, "Artgeo": "p" }, "geometry": { "type": "Point", "coordinates": [ 792868.37937760388013, 6951982.936321499757469 ] } },
{ "type": "Feature", "properties": { "Art": "EIN", "bw_id": "SNK_EIN_5065", "name": "Rohreinlauf rechts (Hochwasserüberlauf)", "km": "5+065", "rwert": 370963.0, "hwert": 5817901, "bemerk": null, "beschreib": "Hochwasserüberlauf Klausheider Graben über Rohreinlauf rechts (oh altem Fundament). Der Durchlass hat im Einlaufbereich (vor dem Kanaldamm) eine Stirnwand mit Schützvorrichtung", "stat_von": 5065, "Artgeo": "p" }, "geometry": { "type": "Point", "coordinates": [ 790280.735081283026375, 6890303.154335270635784 ] } },
{ "type": "Feature", "properties": { "Art": "EIN", "bw_id": "SNK_EIN_7380", "name": "Einmündung Kleine Gräfte", "km": "7+380", "rwert": 370663.0, "hwert": 5820141, "bemerk": "Einlauf prüfen", "beschreib": "Einmündung Kleine Gräfte (Gewässer 2. Ordnung)", "stat_von": 7380, "Artgeo": "p" }, "geometry": { "type": "Point", "coordinates": [ 789692.161260255961679, 6893971.105293878354132 ] } },
{ "type": "Feature", "properties": { "Art": "EIN", "bw_id": "SNK_EIN_7665", "name": "Rohreinlauf", "km": "7+665", "rwert": 370529.0, "hwert": 5820379, "bemerk": null, "beschreib": "Rohreinlauf mit Steuereinrichtung landseitig", "stat_von": 7665, "Artgeo": "p" }, "geometry": { "type": "Point", "coordinates": [ 789462.144418893614784, 6894356.483530703000724 ] } },
{ "type": "Feature", "properties": { "Art": "EIN", "bw_id": "SNK_EIN_8450", "name": "Einmündung Graben", "km": "8+450", "rwert": 370357.0, "hwert": 5821139, "bemerk": "Einlauf und U_Pflicht prüfen", "beschreib": "Einmündung Graben", "stat_von": 8450, "Artgeo": "p" }, "geometry": { "type": "Point", "coordinates": [ 789147.132768759503961, 6895598.330000848509371 ] } },
{ "type": "Feature", "properties": { "Art": "EIN", "bw_id": "SNK_EIN_8505", "name": "Einmündung Graben", "km": "8+505", "rwert": 370378.0, "hwert": 5821197, "bemerk": "Einlauf und U_Pflicht prüfen", "beschreib": "Einmündung Graben", "stat_von": 8505, "Artgeo": "p" }, "geometry": { "type": "Point", "coordinates": [ 789179.052212544018403, 6895694.595306963659823 ] } },
{ "type": "Feature", "properties": { "Art": "QUE", "bw_id": "SNK_QUE_10210", "name": "Gasleitungsdüker", "km": "10+210", "rwert": 370110.0, "hwert": 5822882, "bemerk": null, "beschreib": "Dükerung", "stat_von": 10210, "Artgeo": "p" }, "geometry": { "type": "Point", "coordinates": [ 788666.217001616139896, 6898453.515344260260463 ] } },
{ "type": "Feature", "properties": { "Art": "QUE", "bw_id": "SNK_QUE_11025", "name": "Oberleitung uh Schleuse IV", "km": "11+025", "rwert": 369957.0, "hwert": 5823671, "bemerk": null, "beschreib": "Oberleitung", "stat_von": 11025, "Artgeo": "p" }, "geometry": { "type": "Point", "coordinates": [ 788380.821581487543881, 6899744.485153049230576 ] } },
{ "type": "Feature", "properties": { "Art": "QUE", "bw_id": "SNK_QUE_1195", "name": "Oberleitung", "km": "1+195", "rwert": 369600.0, "hwert": 5814428, "bemerk": null, "beschreib": "Oberleitung", "stat_von": 1195, "Artgeo": "p" }, "geometry": { "type": "Point", "coordinates": [ 788198.335780806140974, 6884540.170205753296614 ] } },
{ "type": "Feature", "properties": { "Art": "QUE", "bw_id": "SNK_QUE_12375", "name": "Dükerung", "km": "12+375", "rwert": 370014.0, "hwert": 5825019, "bemerk": null, "beschreib": "Dükerung", "stat_von": 12375, "Artgeo": "p" }, "geometry": { "type": "Point", "coordinates": [ 788415.554828723426908, 6901964.488628827035427 ] } },
{ "type": "Feature", "properties": { "Art": "QUE", "bw_id": "SNK_QUE_17145", "name": "Oberleitung", "km": "17+145", "rwert": 369237.0, "hwert": 5828919, "bemerk": null, "beschreib": "Oberleitung", "stat_von": 17145, "Artgeo": "p" }, "geometry": { "type": "Point", "coordinates": [ 786969.032210254692473, 6908349.404771973378956 ] } },
{ "type": "Feature", "properties": { "Art": "QUE", "bw_id": "SNK_QUE_17150", "name": "Dükerung, ??", "km": "17+150", "rwert": 369238.0, "hwert": 5828923, "bemerk": null, "beschreib": "Dükerung", "stat_von": 17150, "Artgeo": "p" }, "geometry": { "type": "Point", "coordinates": [ 786970.498765965574421, 6908356.035060634836555 ] } },
{ "type": "Feature", "properties": { "Art": "QUE", "bw_id": "SNK_QUE_17590", "name": "Dükerung, Kabel", "km": "17+590", "rwert": 369263.0, "hwert": 5829358, "bemerk": null, "beschreib": "Dükerung", "stat_von": 17590, "Artgeo": "p" }, "geometry": { "type": "Point", "coordinates": [ 786992.431708920863457, 6909073.418790362775326 ] } },
{ "type": "Feature", "properties": { "Art": "QUE", "bw_id": "SNK_QUE_18215", "name": "Glasfaserkabel, Westnetz GmbH", "km": "18+215", "rwert": 369726.0, "hwert": 5829779, "bemerk": null, "beschreib": "Dükerung", "stat_von": 18215, "Artgeo": "p" }, "geometry": { "type": "Point", "coordinates": [ 787734.512236760929227, 6909787.089481817558408 ] } },
{ "type": "Feature", "properties": { "Art": "QUE", "bw_id": "SNK_QUE_1910", "name": "Gasleitung??", "km": "1+910", "rwert": 370021.0, "hwert": 5815000, "bemerk": "??Vertrag", "beschreib": "Dükerung", "stat_von": 1910, "Artgeo": "p" }, "geometry": { "type": "Point", "coordinates": [ 788862.961838715011254, 6885497.635890764184296 ] } },
{ "type": "Feature", "properties": { "Art": "QUE", "bw_id": "SNK_QUE_19275", "name": "Dükerung, TWL", "km": "19+275", "rwert": 370515.0, "hwert": 5830485, "bemerk": null, "beschreib": "Dükerung", "stat_von": 19275, "Artgeo": "p" }, "geometry": { "type": "Point", "coordinates": [ 788999.896048402413726, 6910984.427134494297206 ] } },
{ "type": "Feature", "properties": { "Art": "QUE", "bw_id": "SNK_QUE_19580", "name": "Glasfaserkabel, Westnetz GmbH", "km": "19+580", "rwert": 370698.0, "hwert": 5830729, "bemerk": null, "beschreib": "Gewässerquerung mit LWL Kabel DN Vertrag?", "stat_von": 19580, "Artgeo": "p" }, "geometry": { "type": "Point", "coordinates": [ 789289.948808321845718, 6911394.321688361465931 ] } },
{ "type": "Feature", "properties": { "Art": "QUE", "bw_id": "SNK_QUE_19660", "name": "Dükerung", "km": "19+660", "rwert": 370743.0, "hwert": 5830795, "bemerk": null, "beschreib": "Dükerung", "stat_von": 19660, "Artgeo": "p" }, "geometry": { "type": "Point", "coordinates": [ 789361.016669086879119, 6911505.000346784479916 ] } },
{ "type": "Feature", "properties": { "Art": "QUE", "bw_id": "SNK_QUE_21180", "name": "MS Kabel, Agrowea GmbH", "km": "21+180", "rwert": 371253.0, "hwert": 5832162, "bemerk": null, "beschreib": "Dükerung des Süd-Nord-Kanals mit einem MS Kabel und einem Leerrohr DN 50 für Datenkabel ; Vertrag einscannen ; Beschilderung prüfen", "stat_von": 21180, "Artgeo": "p" }, "geometry": { "type": "Point", "coordinates": [ 790139.743166517815553, 6913779.273922173306346 ] } },
{ "type": "Feature", "properties": { "Art": "QUE", "bw_id": "SNK_QUE_21660", "name": "Oberleitung", "km": "21+660", "rwert": 371270.0, "hwert": 5832641, "bemerk": null, "beschreib": "Oberleitung", "stat_von": 21660, "Artgeo": "p" }, "geometry": { "type": "Point", "coordinates": [ 790146.907658496289514, 6914569.291902326047421 ] } },
{ "type": "Feature", "properties": { "Art": "QUE", "bw_id": "SNK_QUE_21945", "name": "Gasleitung, Westnetz GmbH", "km": "21+945", "rwert": 371280.0, "hwert": 5832926, "bemerk": null, "beschreib": "Kreuzung des Süd-Nord-Kanals mit einer Gasleitung PE-HD DA 110 x 6,6 mm SDR 17 SLM", "stat_von": 21945, "Artgeo": "p" }, "geometry": { "type": "Point", "coordinates": [ 790150.981806031544693, 6915039.376010902225971 ] } },
{ "type": "Feature", "properties": { "Art": "QUE", "bw_id": "SNK_QUE_2295", "name": "Oberleitung", "km": "2+295", "rwert": 370188.0, "hwert": 5815347, "bemerk": null, "beschreib": "Oberleitung", "stat_von": 2295, "Artgeo": "p" }, "geometry": { "type": "Point", "coordinates": [ 789121.439753408543766, 6886074.665632984600961 ] } },
{ "type": "Feature", "properties": { "Art": "QUE", "bw_id": "SNK_QUE_23025", "name": "Dükerung", "km": "23+025", "rwert": 371318.0, "hwert": 5834005, "bemerk": null, "beschreib": "Dükerung", "stat_von": 23025, "Artgeo": "p" }, "geometry": { "type": "Point", "coordinates": [ 790166.637641942943446, 6916819.351862723007798 ] } },
{ "type": "Feature", "properties": { "Art": "QUE", "bw_id": "SNK_QUE_2315", "name": "Oberleitung", "km": "2+315", "rwert": 370198.0, "hwert": 5815368, "bemerk": null, "beschreib": "Oberleitung", "stat_von": 2315, "Artgeo": "p" }, "geometry": { "type": "Point", "coordinates": [ 789136.909028016030788, 6886109.583178541623056 ] } },
{ "type": "Feature", "properties": { "Art": "QUE", "bw_id": "SNK_QUE_23290", "name": "Dükerung", "km": "23+290", "rwert": 371326.0, "hwert": 5834270, "bemerk": null, "beschreib": "Dükerung", "stat_von": 23290, "Artgeo": "p" }, "geometry": { "type": "Point", "coordinates": [ 790168.291414485312998, 6917256.511976445093751 ] } },
{ "type": "Feature", "properties": { "Art": "QUE", "bw_id": "SNK_QUE_26400", "name": "Gasleitung oh Holzbrücke", "km": "26+400", "rwert": 371191.0, "hwert": 5837356, "bemerk": null, "beschreib": "Dükerung", "stat_von": 26400, "Artgeo": "p" }, "geometry": { "type": "Point", "coordinates": [ 789812.129412967013195, 6922339.163195432163775 ] } },
{ "type": "Feature", "properties": { "Art": "QUE", "bw_id": "SNK_QUE_31560", "name": "Oberleitung", "km": "31+560", "rwert": 371681.0, "hwert": 5842493, "bemerk": null, "beschreib": "Oberleitung", "stat_von": 31560, "Artgeo": "p" }, "geometry": { "type": "Point", "coordinates": [ 790395.357298276969232, 6930838.098035727627575 ] } },
{ "type": "Feature", "properties": { "Art": "QUE", "bw_id": "SNK_QUE_32340", "name": "Glasfaserkabel, Westnetz GmbH", "km": "32+340", "rwert": 371724.0, "hwert": 5843261, "bemerk": null, "beschreib": "Gewässerquerung mit LWL Kabel DN Vertrag?", "stat_von": 32340, "Artgeo": "p" }, "geometry": { "type": "Point", "coordinates": [ 790432.80266250250861, 6932108.168021068908274 ] } },
{ "type": "Feature", "properties": { "Art": "QUE", "bw_id": "SNK_QUE_32635", "name": "Dükerung, Gas??", "km": "32+635", "rwert": 371736.0, "hwert": 5843566, "bemerk": null, "beschreib": "Dükerung", "stat_von": 32635, "Artgeo": "p" }, "geometry": { "type": "Point", "coordinates": [ 790439.312125554890372, 6932612.391984131187201 ] } },
{ "type": "Feature", "properties": { "Art": "QUE", "bw_id": "SNK_QUE_33340", "name": "Dükerung", "km": "33+340", "rwert": 371797.0, "hwert": 5844267, "bemerk": null, "beschreib": "Dükerung", "stat_von": 33340, "Artgeo": "p" }, "geometry": { "type": "Point", "coordinates": [ 790509.339950991678052, 6933772.856486160308123 ] } },
{ "type": "Feature", "properties": { "Art": "QUE", "bw_id": "SNK_QUE_34280", "name": "Oberleitung", "km": "34+280", "rwert": 371872.0, "hwert": 5845203, "bemerk": null, "beschreib": "Oberleitung", "stat_von": 34280, "Artgeo": "p" }, "geometry": { "type": "Point", "coordinates": [ 790592.242526107816957, 6935322.32843622379005 ] } },
{ "type": "Feature", "properties": { "Art": "QUE", "bw_id": "SNK_QUE_34350", "name": "Oberleitung", "km": "34+350", "rwert": 371879.0, "hwert": 5845275, "bemerk": null, "beschreib": "Oberleitung", "stat_von": 34350, "Artgeo": "p" }, "geometry": { "type": "Point", "coordinates": [ 790600.649140642024577, 6935441.584523042663932 ] } },
{ "type": "Feature", "properties": { "Art": "QUE", "bw_id": "SNK_QUE_35710", "name": "Dükerung, Kabel", "km": "35+710", "rwert": 372062.0, "hwert": 5846617, "bemerk": null, "beschreib": "Dükerung", "stat_von": 35710, "Artgeo": "p" }, "geometry": { "type": "Point", "coordinates": [ 790843.97181635175366, 6937666.994825593195856 ] } },
{ "type": "Feature", "properties": { "Art": "QUE", "bw_id": "SNK_QUE_3640", "name": "Oberleitung??", "km": "3+640", "rwert": 370769.0, "hwert": 5816559, "bemerk": null, "beschreib": "Oberleitung", "stat_von": 3640, "Artgeo": "p" }, "geometry": { "type": "Point", "coordinates": [ 790020.773646600893699, 6888090.274786237627268 ] } },
{ "type": "Feature", "properties": { "Art": "QUE", "bw_id": "SNK_QUE_37485", "name": "Dükerung, Gas", "km": "37+485", "rwert": 372259.0, "hwert": 5848384, "bemerk": null, "beschreib": "Dükerung", "stat_von": 37485, "Artgeo": "p" }, "geometry": { "type": "Point", "coordinates": [ 791092.058860638644546, 6940596.189576784148812 ] } },
{ "type": "Feature", "properties": { "Art": "QUE", "bw_id": "SNK_QUE_38510", "name": "Dükerung, Gas", "km": "38+510", "rwert": 372360.0, "hwert": 5849403, "bemerk": null, "beschreib": "Dükerung", "stat_von": 38510, "Artgeo": "p" }, "geometry": { "type": "Point", "coordinates": [ 791214.407531205215491, 6942285.341267759911716 ] } },
{ "type": "Feature", "properties": { "Art": "QUE", "bw_id": "SNK_QUE_38915", "name": "Oberleitung", "km": "38+915", "rwert": 372402.0, "hwert": 5849810, "bemerk": null, "beschreib": "Oberleitung", "stat_von": 38915, "Artgeo": "p" }, "geometry": { "type": "Point", "coordinates": [ 791266.025297581683844, 6942960.178103719837964 ] } },
{ "type": "Feature", "properties": { "Art": "QUE", "bw_id": "SNK_QUE_39355", "name": "Oberleitung", "km": "39+355", "rwert": 372442.0, "hwert": 5850245, "bemerk": null, "beschreib": "Oberleitung", "stat_von": 39355, "Artgeo": "p" }, "geometry": { "type": "Point", "coordinates": [ 791313.136531836469658, 6943681.290597614832222 ] } },
{ "type": "Feature", "properties": { "Art": "QUE", "bw_id": "SNK_QUE_39460", "name": "Dükerung, Gas", "km": "39+460", "rwert": 372450.0, "hwert": 5850340, "bemerk": null, "beschreib": "Dükerung", "stat_von": 39460, "Artgeo": "p" }, "geometry": { "type": "Point", "coordinates": [ 791322.212564728106372, 6943838.751496797427535 ] } },
{ "type": "Feature", "properties": { "Art": "QUE", "bw_id": "SNK_QUE_39615", "name": "Oberleitung", "km": "39+615", "rwert": 372466.0, "hwert": 5850506, "bemerk": null, "beschreib": "Oberleitung", "stat_von": 39615, "Artgeo": "p" }, "geometry": { "type": "Point", "coordinates": [ 791341.406867320649326, 6944113.988972741179168 ] } },
{ "type": "Feature", "properties": { "Art": "QUE", "bw_id": "SNK_QUE_39620", "name": "Dükerung, Gas", "km": "39+620", "rwert": 372467.0, "hwert": 5850507, "bemerk": null, "beschreib": "Düker, Gas", "stat_von": 39620, "Artgeo": "p" }, "geometry": { "type": "Point", "coordinates": [ 791343.013306705281138, 6944115.686360326595604 ] } },
{ "type": "Feature", "properties": { "Art": "QUE", "bw_id": "SNK_QUE_40260", "name": "Oberleitung", "km": "40+260", "rwert": 372530.0, "hwert": 5851146, "bemerk": null, "beschreib": "Oberleitung", "stat_von": 40260, "Artgeo": "p" }, "geometry": { "type": "Point", "coordinates": [ 791419.236963893170469, 6945175.333791552111506 ] } },
{ "type": "Feature", "properties": { "Art": "QUE", "bw_id": "SNK_QUE_42070", "name": "Oberleitung", "km": "42+070", "rwert": 372757.0, "hwert": 5852777, "bemerk": null, "beschreib": "Oberleitung", "stat_von": 42070, "Artgeo": "p" }, "geometry": { "type": "Point", "coordinates": [ 791723.139274218585342, 6947883.51150185521692 ] } },
{ "type": "Feature", "properties": { "Art": "QUE", "bw_id": "SNK_QUE_43145", "name": "Dükerung, Gas", "km": "43+145", "rwert": 373310.0, "hwert": 5853694, "bemerk": null, "beschreib": "Dükerung", "stat_von": 43145, "Artgeo": "p" }, "geometry": { "type": "Point", "coordinates": [ 792596.346265857107937, 6949424.972037728875875 ] } },
{ "type": "Feature", "properties": { "Art": "QUE", "bw_id": "SNK_QUE_43785", "name": "Oberleitung", "km": "43+785", "rwert": 373627.0, "hwert": 5854249, "bemerk": null, "beschreib": "Oberleitung", "stat_von": 43785, "Artgeo": "p" }, "geometry": { "type": "Point", "coordinates": [ 793095.786706240149215, 6950357.252223113551736 ] } },
{ "type": "Feature", "properties": { "Art": "QUE", "bw_id": "SNK_QUE_44770", "name": "Oberleitung", "km": "44+770", "rwert": 373512.0, "hwert": 5855213, "bemerk": null, "beschreib": "Oberleitung", "stat_von": 44770, "Artgeo": "p" }, "geometry": { "type": "Point", "coordinates": [ 792864.330952803255059, 6951948.0407296102494 ] } },
{ "type": "Feature", "properties": { "Art": "QUE", "bw_id": "SNK_QUE_45470", "name": "Dükerung, Gas", "km": "45+470", "rwert": 373379.0, "hwert": 5855896, "bemerk": null, "beschreib": "Dükerung", "stat_von": 45470, "Artgeo": "p" }, "geometry": { "type": "Point", "coordinates": [ 792615.187182374880649, 6953073.078617196530104 ] } },
{ "type": "Feature", "properties": { "Art": "QUE", "bw_id": "SNK_QUE_45550", "name": "Gasleitungsdüker", "km": "45+550", "rwert": 373404.0, "hwert": 5855969, "bemerk": null, "beschreib": "Dükerung", "stat_von": 45550, "Artgeo": "p" }, "geometry": { "type": "Point", "coordinates": [ 792653.326072050491348, 6953195.031317783519626 ] } },
{ "type": "Feature", "properties": { "Art": "QUE", "bw_id": "SNK_QUE_5015", "name": "Dükerung (Gasleitung??)", "km": "5+015", "rwert": 370877.0, "hwert": 5818240, "bemerk": null, "beschreib": "Dükerung", "stat_von": 5015, "Artgeo": "p" }, "geometry": { "type": "Point", "coordinates": [ 790125.159161272458732, 6890856.398772859945893 ] } },
{ "type": "Feature", "properties": { "Art": "QUE", "bw_id": "SNK_QUE_7365", "name": "10 kv Schleuse III", "km": "7+365", "rwert": 370662.0, "hwert": 5820126, "bemerk": null, "beschreib": "Dükerung", "stat_von": 7365, "Artgeo": "p" }, "geometry": { "type": "Point", "coordinates": [ 789691.171169223031029, 6893946.407162740826607 ] } },
{ "type": "Feature", "properties": { "Art": "QUE", "bw_id": "SNK_QUE_8860", "name": "Dükerung Gasleitung??", "km": "8+860", "rwert": 370315.0, "hwert": 5821546, "bemerk": "Dükerung oder Längsverlegung??", "beschreib": "Dükerung", "stat_von": 8860, "Artgeo": "p" }, "geometry": { "type": "Point", "coordinates": [ 789060.576906197937205, 6896265.627059175632894 ] } },
{ "type": "Feature", "properties": { "Art": "SLE", "bw_id": "SNK_SLE_1090", "name": "Schleuse I SNK", "km": "1+090", "rwert": 369527.0, "hwert": 5814356, "bemerk": null, "beschreib": "Die Schleuse I liegt bei km 1+095 des Süd-Nord-Kanals in der Stadt Nordhorn, Landkreis Grafschaft Bentheim. Sie stellt die Verbindung zum Ems-Vechte-Kanal dar.", "stat_von": 1090, "Artgeo": "p" }, "geometry": { "type": "Point", "coordinates": [ 788081.924158702604473, 6884418.781045154668391 ] } },
{ "type": "Feature", "properties": { "Art": "SLE", "bw_id": "SNK_SLE_11000", "name": "Schleuse IV SNK", "km": "11+000", "rwert": 369956.0, "hwert": 5823647, "bemerk": "Stauanlage", "beschreib": " Die Schleuse IV liegt bei km 11+000 des Süd-Nord-Kanals in der Gemeinde Georgsdorf (Landkreis Grafschaft Bentheim).", "stat_von": 11000, "Artgeo": "p" }, "geometry": { "type": "Point", "coordinates": [ 788380.227615528157912, 6899704.96603723987937 ] } },
{ "type": "Feature", "properties": { "Art": "SLE", "bw_id": "SNK_SLE_34960", "name": "Schleuse V SNK", "km": "34+960", "rwert": 371975.0, "hwert": 5845863, "bemerk": "Stauanlage", "beschreib": "Die Schleuse V befindet sich bei km 34+960 des Süd-Nord-Kanals in der Stadt Haren (Landkreis Emsland). Die Gründung besteht im Wesentlichen aus einem hölzernen Pfahlrost.", "stat_von": 34960, "Artgeo": "p" }, "geometry": { "type": "Point", "coordinates": [ 790733.318173098028637, 6936417.266632608138025 ] } },
{ "type": "Feature", "properties": { "Art": "SLE", "bw_id": "SNK_SLE_3780", "name": "Schleuse II SNK", "km": "3+780", "rwert": 370833.0, "hwert": 5816683, "bemerk": "Stauanlage, BW-Prüfung?? , Pegelnullpunkt der Pegellatten OW und UW", "beschreib": "Die Schleuse II liegt bei km 3+780 des Süd-Nord-Kanals innerhalb der Grenzen der Stadt Nordhorn. Die Gründung besteht im Wesentlichen aus einem hölzernen Pfahlrost", "stat_von": 3780, "Artgeo": "p" }, "geometry": { "type": "Point", "coordinates": [ 790120.277190249995328, 6888296.712437761947513 ] } },
{ "type": "Feature", "properties": { "Art": "SLE", "bw_id": "SNK_SLE_7375", "name": "Schleuse III SNK", "km": "7+375", "rwert": 370661.0, "hwert": 5820131, "bemerk": "Stauanlage", "beschreib": "Die Schleuse III liegt bei km 7+375 des Süd-Nord-Kanals in der Gemeinde Wietmarschen (Landkreis Grafschaft Bentheim).  Die Schleuse besteht nur noch zu einem Teil in ihrer ursprünglichen Form", "stat_von": 7375, "Artgeo": "p" }, "geometry": { "type": "Point", "coordinates": [ 789689.315124982385896, 6893954.581990121863782 ] } },
{ "type": "Feature", "properties": { "Art": "SON", "bw_id": "SNK_SON_5955", "name": "Tor", "km": "5+955", "rwert": 370844.0, "hwert": 5818758, "bemerk": null, "beschreib": "Tor mit Überwegung zum Kanalseitengraben", "stat_von": 5955, "Artgeo": "p" }, "geometry": { "type": "Point", "coordinates": [ 790048.69704643834848, 6891706.099982000887394 ] } },
{ "type": "Feature", "properties": { "Art": "SON", "bw_id": "SNK_SON_10395", "name": "Schutzhütte (rechtsseitig)", "km": "10+395", "rwert": 370105.0, "hwert": 5823067, "bemerk": null, "beschreib": "Schutzhütte (rechtsseitig)", "stat_von": 10395, "Artgeo": "p" }, "geometry": { "type": "Point", "coordinates": [ 788649.958077397430316, 6898757.544918807223439 ] } },
{ "type": "Feature", "properties": { "Art": "SON", "bw_id": "SNK_SON_1085", "name": "ehem. Schleusenwärterhaus Schleuse I", "km": "1+085", "rwert": 369511.0, "hwert": 5814374, "bemerk": null, "beschreib": "Ehemaliges Wärterhaus zu Schleuse I des 1871-1904 erbauten Süd-Nord-Kanals. Eingeschossiger Backsteinbau mit Risalit unter Satteldach. Fenster verändert, rechts später Anbau hinzugefügt.", "stat_von": 1085, "Artgeo": "p" }, "geometry": { "type": "Point", "coordinates": [ 788054.938618060201406, 6884447.633203904144466 ] } },
{ "type": "Feature", "properties": { "Art": "SON", "bw_id": "SNK_SON_1090", "name": "Insektenhotel mit Infotafel", "km": "1+090", "rwert": 369531.0, "hwert": 5814352, "bemerk": null, "beschreib": "Insektenhotel mit Infotafel", "stat_von": 1090, "Artgeo": "p" }, "geometry": { "type": "Point", "coordinates": [ 788088.648742363788188, 6884412.38885623216629 ] } },
{ "type": "Feature", "properties": { "Art": "SON", "bw_id": "SNK_SON_1115", "name": "Holztor", "km": "1+115", "rwert": 369536.0, "hwert": 5814380, "bemerk": null, "beschreib": "Holztor", "stat_von": 1115, "Artgeo": "p" }, "geometry": { "type": "Point", "coordinates": [ 788095.61759838659782, 6884458.574810148216784 ] } },
{ "type": "Feature", "properties": { "Art": "SON", "bw_id": "SNK_SON_1116", "name": "Schutzhütte bei Schleuse I", "km": "1+116", "rwert": 369566.0, "hwert": 5814355, "bemerk": null, "beschreib": "Schutzhütte bei Schleuse I", "stat_von": 1116, "Artgeo": "p" }, "geometry": { "type": "Point", "coordinates": [ 788145.834234064794146, 6884418.841554651036859 ] } },
{ "type": "Feature", "properties": { "Art": "SON", "bw_id": "SNK_SON_11825", "name": "private Steganlage??", "km": "11+825", "rwert": 370012.0, "hwert": 5824468, "bemerk": null, "beschreib": "private Steganlage??", "stat_von": 11825, "Artgeo": "p" }, "geometry": { "type": "Point", "coordinates": [ 788436.307723062811419, 6901057.911686322651803 ] } },
{ "type": "Feature", "properties": { "Art": "SON", "bw_id": "SNK_SON_13575", "name": "Schutzhütte rechts", "km": "13+575", "rwert": 369975.0, "hwert": 5826218, "bemerk": null, "beschreib": "Schutzhütte rechts", "stat_von": 13575, "Artgeo": "p" }, "geometry": { "type": "Point", "coordinates": [ 788299.208189356839284, 6903935.692770957946777 ] } },
{ "type": "Feature", "properties": { "Art": "SON", "bw_id": "SNK_SON_13020", "name": "Schutzhütte rechts", "km": "13+020", "rwert": 370045.0, "hwert": 5825661, "bemerk": null, "beschreib": "Schutzhütte rechts", "stat_von": 13020, "Artgeo": "p" }, "geometry": { "type": "Point", "coordinates": [ 788438.424780459376052, 6903022.172769130207598 ] } },
{ "type": "Feature", "properties": { "Art": "SON", "bw_id": "SNK_SON_15810", "name": "Schutzhütte (linksseitig)", "km": "15+810", "rwert": 369208.0, "hwert": 5827585, "bemerk": null, "beschreib": "Schutzhütte (linksseitig)", "stat_von": 15810, "Artgeo": "p" }, "geometry": { "type": "Point", "coordinates": [ 786980.059211894054897, 6906151.92742068041116 ] } },
{ "type": "Feature", "properties": { "Art": "SON", "bw_id": "SNK_SON_17060", "name": "Schachtdeckel mit Pflasterung", "km": "17+060", "rwert": 369223.0, "hwert": 5828830, "bemerk": "Vertrag??", "beschreib": "Schachtdeckel mit Pflasterung", "stat_von": 17060, "Artgeo": "p" }, "geometry": { "type": "Point", "coordinates": [ 786949.95203772187233, 6908202.245946981012821 ] } },
{ "type": "Feature", "properties": { "Art": "SON", "bw_id": "SNK_SON_18290", "name": "Steganlage (Privat)", "km": "18+290", "rwert": 369780.0, "hwert": 5829831, "bemerk": "?? Prüfen ob Anlage vorhanden??", "beschreib": "Steganlage (Privat)", "stat_von": 18290, "Artgeo": "p" }, "geometry": { "type": "Point", "coordinates": [ 787820.943162817275152, 6909875.098554210737348 ] } },
{ "type": "Feature", "properties": { "Art": "SON", "bw_id": "SNK_SON_18645", "name": "Trafokasten", "km": "18+645", "rwert": 370041.0, "hwert": 5830074, "bemerk": null, "beschreib": "Trafokasten", "stat_von": 18645, "Artgeo": "p" }, "geometry": { "type": "Point", "coordinates": [ 788239.083747325348668, 6910286.751864899881184 ] } },
{ "type": "Feature", "properties": { "Art": "SON", "bw_id": "SNK_SON_18680", "name": "Schutzhütte", "km": "18+680", "rwert": 370064.0, "hwert": 5830098, "bemerk": null, "beschreib": "Schutzhütte", "stat_von": 18680, "Artgeo": "p" }, "geometry": { "type": "Point", "coordinates": [ 788275.820349319837987, 6910327.287204809486866 ] } },
{ "type": "Feature", "properties": { "Art": "SON", "bw_id": "SNK_SON_19275", "name": "Schaltschränke", "km": "19+275", "rwert": 370531.0, "hwert": 5830478, "bemerk": null, "beschreib": "Schaltschränke", "stat_von": 19275, "Artgeo": "p" }, "geometry": { "type": "Point", "coordinates": [ 789026.489436260308139, 6910973.596460801549256 ] } },
{ "type": "Feature", "properties": { "Art": "SON", "bw_id": "SNK_SON_19325", "name": "Schachtdeckel", "km": "19+325", "rwert": 370536.0, "hwert": 5830534, "bemerk": null, "beschreib": "Schachtdeckel (Dükerung??)", "stat_von": 19325, "Artgeo": "p" }, "geometry": { "type": "Point", "coordinates": [ 789032.26414575916715, 6911066.053131188265979 ] } },
{ "type": "Feature", "properties": { "Art": "SON", "bw_id": "SNK_SON_22140", "name": "Böschungstreppe privat inks", "km": "22+140", "rwert": 371272.0, "hwert": 5833122, "bemerk": "Vertrag??", "beschreib": "Böschungstreppe privat inks", "stat_von": 22140, "Artgeo": "p" }, "geometry": { "type": "Point", "coordinates": [ 790129.326724175713025, 6915362.030692360363901 ] } },
{ "type": "Feature", "properties": { "Art": "SON", "bw_id": "SNK_SON_22350", "name": "Steganlage Privat)", "km": "22+350", "rwert": 371307.0, "hwert": 5833327, "bemerk": null, "beschreib": "Steganlage Privat)", "stat_von": 22350, "Artgeo": "p" }, "geometry": { "type": "Point", "coordinates": [ 790177.970848385593854, 6915701.401279012672603 ] } },
{ "type": "Feature", "properties": { "Art": "SON", "bw_id": "SNK_SON_22370", "name": "Steg (Privat), Am Kanal West", "km": "22+370", "rwert": 371287.0, "hwert": 5833349, "bemerk": null, "beschreib": "Steg (Privat), Am Kanal West", "stat_von": 22370, "Artgeo": "p" }, "geometry": { "type": "Point", "coordinates": [ 790144.136367570026778, 6915736.789099350571632 ] } },
{ "type": "Feature", "properties": { "Art": "SON", "bw_id": "SNK_SON_22585", "name": "Pegel Twist (Brücke Reiners)", "km": "22+585", "rwert": 371291.0, "hwert": 5833565, "bemerk": "Baujahr??", "beschreib": "Pegel Brücke Reiners (Pegelmessstation Twist, Solarbetrieben mit Akkus)", "stat_von": 22585, "Artgeo": "p" }, "geometry": { "type": "Point", "coordinates": [ 790141.339613807271235, 6916092.956647709943354 ] } },
{ "type": "Feature", "properties": { "Art": "SON", "bw_id": "SNK_SON_22845", "name": "Fundamentrest (Zulauf??)", "km": "22+845", "rwert": 371304.0, "hwert": 5833827, "bemerk": "Sieht aus wie ein Einlaufbauwerk ; Prüfen!!", "beschreib": "Sieht aus wie ein Einlaufbauwerk ; Prüfen!!", "stat_von": 22845, "Artgeo": "p" }, "geometry": { "type": "Point", "coordinates": [ 790151.343474489636719, 6916525.350244455039501 ] } },
{ "type": "Feature", "properties": { "Art": "SON", "bw_id": "SNK_SON_25100", "name": "Lagerplatz Rühlertwist (ohne Pflanzenkläranlage)", "km": "25+100", "rwert": 371180.0, "hwert": 5836018, "bemerk": "mit Strom??", "beschreib": "Lagerplatz Rühlertwist", "stat_von": 25100, "Artgeo": "p" }, "geometry": { "type": "Point", "coordinates": [ 789852.239073801320046, 6920132.052815295755863 ] } },
{ "type": "Feature", "properties": { "Art": "SON", "bw_id": "SNK_SON_26400", "name": "Infotafel Moorlandschaften", "km": "26+400", "rwert": 371212.0, "hwert": 5837353, "bemerk": null, "beschreib": "Infotafel Moorlandschaften", "stat_von": 26400, "Artgeo": "p" }, "geometry": { "type": "Point", "coordinates": [ 789846.812259447644465, 6922335.130940233357251 ] } },
{ "type": "Feature", "properties": { "Art": "SON", "bw_id": "SNK_SON_27420", "name": "Schöpfwerk Südlicher Annaveenschloot", "km": "27+420", "rwert": 371252.0, "hwert": 5838378, "bemerk": null, "beschreib": "Schöpfwerk Südlicher Annaveenschloot", "stat_von": 27420, "Artgeo": "p" }, "geometry": { "type": "Point", "coordinates": [ 789868.031519363634288, 6924027.713923525065184 ] } },
{ "type": "Feature", "properties": { "Art": "SON", "bw_id": "SNK_SON_28000", "name": "Wald Provinzialmoor", "km": "28+000", "rwert": 371488.0, "hwert": 5838962, "bemerk": null, "beschreib": "Wald Provinzialmoor", "stat_von": 28000, "Artgeo": "p" }, "geometry": { "type": "Point", "coordinates": [ 790231.043615884264, 6925001.527237000875175 ] } },
{ "type": "Feature", "properties": { "Art": "SON", "bw_id": "SNK_SON_31630", "name": "Infotafel Drehbrücke Ströer und LEK-Historie", "km": "31+630", "rwert": 371699.0, "hwert": 5842563, "bemerk": null, "beschreib": "Infotafel Drehbrücke Ströer und LEK-Historie", "stat_von": 31630, "Artgeo": "p" }, "geometry": { "type": "Point", "coordinates": [ 790421.962543072528206, 6930954.464903256855905 ] } },
{ "type": "Feature", "properties": { "Art": "SON", "bw_id": "SNK_SON_32600", "name": "nicht genehmigte Entnahmestelle", "km": "32+600", "rwert": 371745.0, "hwert": 5843526, "bemerk": null, "beschreib": "nicht genehmigte Entnahmestelle", "stat_von": 32600, "Artgeo": "p" }, "geometry": { "type": "Point", "coordinates": [ 790455.878106749732979, 6932546.723263851366937 ] } },
{ "type": "Feature", "properties": { "Art": "SON", "bw_id": "SNK_SON_34840", "name": "Schutzhütte", "km": "34+840", "rwert": 371979.0, "hwert": 5845761, "bemerk": null, "beschreib": "Schutzhütte", "stat_von": 34840, "Artgeo": "p" }, "geometry": { "type": "Point", "coordinates": [ 790744.342477066675201, 6936248.906845826655626 ] } },
{ "type": "Feature", "properties": { "Art": "SON", "bw_id": "SNK_SON_34845", "name": "Infotafel bei Brücke", "km": "34+845", "rwert": 371979.0, "hwert": 5845764, "bemerk": null, "beschreib": "Infotafel bei Brücke", "stat_von": 34845, "Artgeo": "p" }, "geometry": { "type": "Point", "coordinates": [ 790744.212146957172081, 6936253.863678057678044 ] } },
{ "type": "Feature", "properties": { "Art": "SON", "bw_id": "SNK_SON_34990", "name": "Betriebsgebäude (Stützpunkt Wesuwer Moor)", "km": "34+990", "rwert": 372017.0, "hwert": 5845884, "bemerk": "Bourtanger Str. 1, 49733 Haren (Ems)", "beschreib": "NLWKN, Betriebshof Georgsdorf, Stützpunkt Wesuwer Moor (Bourtanger Straße 1, 49733 Haren (Ems))", "stat_von": 34990, "Artgeo": "p" }, "geometry": { "type": "Point", "coordinates": [ 790801.632217673584819, 6936453.794246666133404 ] } },
{ "type": "Feature", "properties": { "Art": "SON", "bw_id": "SNK_SON_3795", "name": "ehem. Schleusenwärterhaus Schleuse II", "km": "3+795", "rwert": 370809.0, "hwert": 5816715, "bemerk": null, "beschreib": "ehem. Schleusenwärterhaus Schleuse II", "stat_von": 3795, "Artgeo": "p" }, "geometry": { "type": "Point", "coordinates": [ 790079.573937926325016, 6888348.234128477051854 ] } },
{ "type": "Feature", "properties": { "Art": "SON", "bw_id": "SNK_SON_3800", "name": "Schutzhütte bei Schleuse II", "km": "3+800", "rwert": 370861.0, "hwert": 5816694, "bemerk": null, "beschreib": "Schutzhütte bei Schleuse II", "stat_von": 3800, "Artgeo": "p" }, "geometry": { "type": "Point", "coordinates": [ 790165.677959484630264, 6888315.991429074667394 ] } },
{ "type": "Feature", "properties": { "Art": "SON", "bw_id": "SNK_SON_38090", "name": "Steg", "km": "38+090", "rwert": 372312.0, "hwert": 5848989, "bemerk": "Anlage wurde auf Veranlassung UWB (Az. 671/209/202", "beschreib": "Steg", "stat_von": 38090, "Artgeo": "p" }, "geometry": { "type": "Point", "coordinates": [ 791153.205559109221213, 6941598.725980024784803 ] } },
{ "type": "Feature", "properties": { "Art": "SON", "bw_id": "SNK_SON_38155", "name": "Schutzhütte??", "km": "38+155", "rwert": 372311.0, "hwert": 5849054, "bemerk": null, "beschreib": "Schutzhütte??", "stat_von": 38155, "Artgeo": "p" }, "geometry": { "type": "Point", "coordinates": [ 791148.734863515710458, 6941706.152618718333542 ] } },
{ "type": "Feature", "properties": { "Art": "SON", "bw_id": "SNK_SON_38395", "name": "Kanalaufweitung", "km": "38+395", "rwert": 372358.0, "hwert": 5849290, "bemerk": null, "beschreib": "Kanalaufweitung", "stat_von": 38395, "Artgeo": "p" }, "geometry": { "type": "Point", "coordinates": [ 791216.012549540144391, 6942098.408981993794441 ] } },
{ "type": "Feature", "properties": { "Art": "SON", "bw_id": "SNK_SON_38465", "name": "Kunst", "km": "38+465", "rwert": 372369.0, "hwert": 5849359, "bemerk": null, "beschreib": "Kunst", "stat_von": 38465, "Artgeo": "p" }, "geometry": { "type": "Point", "coordinates": [ 791231.16194126859773, 6942212.978363015688956 ] } },
{ "type": "Feature", "properties": { "Art": "SON", "bw_id": "SNK_SON_38525", "name": "Infostand Altenberge", "km": "38+525", "rwert": 372374.0, "hwert": 5849418, "bemerk": null, "beschreib": "Infostand Altenberge", "stat_von": 38525, "Artgeo": "p" }, "geometry": { "type": "Point", "coordinates": [ 791236.848927455139346, 6942310.753106974996626 ] } },
{ "type": "Feature", "properties": { "Art": "SON", "bw_id": "SNK_SON_38615", "name": "Steg", "km": "38+615", "rwert": 372376.0, "hwert": 5849510, "bemerk": null, "beschreib": "Steg", "stat_von": 38615, "Artgeo": "p" }, "geometry": { "type": "Point", "coordinates": [ 791236.155580413760617, 6942462.965621389448643 ] } },
{ "type": "Feature", "properties": { "Art": "SON", "bw_id": "SNK_SON_39495", "name": "Betriebsgebäude (Wehrsteuerung Fehndorf)", "km": "39+495", "rwert": 372451.0, "hwert": 5850363, "bemerk": null, "beschreib": "Betriebsgebäude (Wehrsteuerung) Wehr Fehndorf", "stat_von": 39495, "Artgeo": "p" }, "geometry": { "type": "Point", "coordinates": [ 791322.864385357243009, 6943876.833321716636419 ] } },
{ "type": "Feature", "properties": { "Art": "SON", "bw_id": "SNK_SON_44625", "name": "Betriebsgebäude (Wehrsteuerung Altenberge)", "km": "44+625", "rwert": 373542.0, "hwert": 5855072, "bemerk": null, "beschreib": "Betriebsgebäude (Wehrsteuerung) Wehr Altenberge", "stat_von": 44625, "Artgeo": "p" }, "geometry": { "type": "Point", "coordinates": [ 792919.955584695213474, 6951715.913875618949533 ] } },
{ "type": "Feature", "properties": { "Art": "SON", "bw_id": "SNK_SON_45385", "name": "Krautsperre SNK", "km": "45+385", "rwert": 373373.0, "hwert": 5855810, "bemerk": null, "beschreib": "Krautsperre vor Mündung in HRK", "stat_von": 45385, "Artgeo": "p" }, "geometry": { "type": "Point", "coordinates": [ 792608.992490278207697, 6952930.426211154088378 ] } },
{ "type": "Feature", "properties": { "Art": "SON", "bw_id": "SNK_SON_50", "name": "Schutzhütte", "km": "0+050", "rwert": 368652.0, "hwert": 5813781, "bemerk": null, "beschreib": "Schutzhütte", "stat_von": 50, "Artgeo": "p" }, "geometry": { "type": "Point", "coordinates": [ 786674.23165555705782, 6883436.545902699232101 ] } },
{ "type": "Feature", "properties": { "Art": "SON", "bw_id": "SNK_SON_5060", "name": "alte Böschungstreppe", "km": "5+060", "rwert": 370967.0, "hwert": 5817897, "bemerk": null, "beschreib": "alte Böschungstreppe", "stat_von": 5060, "Artgeo": "p" }, "geometry": { "type": "Point", "coordinates": [ 790287.462933009024709, 6890296.755704742856324 ] } },
{ "type": "Feature", "properties": { "Art": "SON", "bw_id": "SNK_SON_5070", "name": "altes Brückenfundament im Kanal", "km": "5+070", "rwert": 370952.0, "hwert": 5817903, "bemerk": "!!Eignet sich die Stelle zur touristischen Aufwertung z.B. durch Anlage einer Aussichtsplattform mit Infotafel", "beschreib": "Bauwerksrest (Brückenfundament) im Kanal links", "stat_von": 5070, "Artgeo": "p" }, "geometry": { "type": "Point", "coordinates": [ 790262.621785945957527, 6890305.964342632330954 ] } },
{ "type": "Feature", "properties": { "Art": "SON", "bw_id": "SNK_SON_6155", "name": "Überfahrt (Seitengraben) mit Absperrung", "km": "6+155", "rwert": 370910.0, "hwert": 5818948, "bemerk": null, "beschreib": "Überfahrt (Seitengraben) mit Absperrung", "stat_von": 6155, "Artgeo": "p" }, "geometry": { "type": "Point", "coordinates": [ 790148.672474058577791, 6892021.171163852326572 ] } },
{ "type": "Feature", "properties": { "Art": "SON", "bw_id": "SNK_SON_7320", "name": "Trafostation am U-Weg", "km": "7+320", "rwert": 370655.0, "hwert": 5820077, "bemerk": null, "beschreib": "Trafostation am U-Weg", "stat_von": 7320, "Artgeo": "p" }, "geometry": { "type": "Point", "coordinates": [ 789681.815966432448477, 6893865.565075625665486 ] } },
{ "type": "Feature", "properties": { "Art": "SON", "bw_id": "SNK_SON_7875", "name": "Schutzhütte (rechtsseitig)", "km": "7+875", "rwert": 370444.0, "hwert": 5820576, "bemerk": null, "beschreib": "Schutzhütte (rechtsseitig)", "stat_von": 7875, "Artgeo": "p" }, "geometry": { "type": "Point", "coordinates": [ 789314.22991950425785, 6894676.608878505416214 ] } },
{ "type": "Feature", "properties": { "Art": "WEH", "bw_id": "SNK_WEH_1065", "name": "Schützwehr Schleuse I", "km": "1+065", "rwert": 369508.0, "hwert": 5814338, "bemerk": "Wie ist der Pegelnullpunkt vom OW?? WS z. Zeitpunkt der Messung bei 148 cm (Siehe Foto)", "beschreib": "Der Antrieb aller beweglichen Teile der Schleuse erfolgt mittels Zahnstangen und Zahnradübersetzungen vollkommen manuell.", "stat_von": 1065, "Artgeo": "p" }, "geometry": { "type": "Point", "coordinates": [ 788051.593603091314435, 6884388.401039791293442 ] } },
{ "type": "Feature", "properties": { "Art": "WEH", "bw_id": "SNK_WEH_11010", "name": "Schützwehr Schleuse IV", "km": "11+010", "rwert": 369957.0, "hwert": 5823658, "bemerk": null, "beschreib": "Zur Haltung des Oberwasserspiegels wurden im Unterhaupt 2017 die Tore ausgebaut und eine Wasserstandsregulierung mittels Schütze eingebaut. Die Schütze werden von einer Bedienbrücke manuell gefahren.", "stat_von": 11010, "Artgeo": "p" }, "geometry": { "type": "Point", "coordinates": [ 788381.38857219775673, 6899723.102624809369445 ] } },
{ "type": "Feature", "properties": { "Art": "WEH", "bw_id": "SNK_WEH_34970", "name": "Schützwehr Schleuse V", "km": "34+970", "rwert": 371976.0, "hwert": 5845885, "bemerk": null, "beschreib": "In 2002 wurden die Schleusentore des Unterhauptes neu gebaut und mit motorbetriebenen Schützen versehen. Die Schütze werden entsprechend einer Oberwassermessung mittels MSR-Technik automatisch gesteuert und sind an das Fernüberwachungssystem angeschlossen", "stat_von": 34970, "Artgeo": "p" }, "geometry": { "type": "Point", "coordinates": [ 790734.010580987087451, 6936453.661116926930845 ] } },
{ "type": "Feature", "properties": { "Art": "WEH", "bw_id": "SNK_WEH_3790", "name": "Schützwehr Schleuse II", "km": "3+790", "rwert": 370839.0, "hwert": 5816695, "bemerk": "Steuerung über Sperrvorrichtung??", "beschreib": "Die Schütze in den Absperrvorrichtungen werden manuell von einem Bediensteg aus bedient.", "stat_von": 3790, "Artgeo": "p" }, "geometry": { "type": "Point", "coordinates": [ 790129.589720534277149, 6888316.68211848847568 ] } },
{ "type": "Feature", "properties": { "Art": "WEH", "bw_id": "SNK_WEH_39475", "name": "Wehr Fehndorf", "km": "39+475", "rwert": 372454.0, "hwert": 5850364, "bemerk": "Mit Mobilfunk ausgestattet, PNP : 11,76 m NN", "beschreib": "Das Wehr Fehndorf liegt bei Kanal-km 39+475 des Süd-Nord-Kanals in der Stadt Haren, Landkreis Emsland. Das Wehr wurde am Standort der ehemaligen Schleuse VI errichtet.", "stat_von": 39475, "Artgeo": "p" }, "geometry": { "type": "Point", "coordinates": [ 791327.770330258645117, 6943878.61765365395695 ] } },
{ "type": "Feature", "properties": { "Art": "WEH", "bw_id": "SNK_WEH_44630", "name": "Wehr Altenberge", "km": "44+630", "rwert": 373544.0, "hwert": 5855078, "bemerk": "?? Mit Mobilfunk ausgestattet", "beschreib": "Das Wehr Altenberge liegt bei km 44+630 des Süd-Nord-Kanals in der Stadt Haren, Landkreis Emsland. Es wurde am Standort der ehemaligen Schleuse VII errichtet,", "stat_von": 44630, "Artgeo": "p" }, "geometry": { "type": "Point", "coordinates": [ 792922.999634848674759, 6951725.933143381029367 ] } },
{ "type": "Feature", "properties": { "Art": "WEH", "bw_id": "SNK_WEH_7355", "name": "Schützwehr Schleuse III", "km": "7+355", "rwert": 370664.0, "hwert": 5820114, "bemerk": "Steuerung über Sperrvorrichtung??", "beschreib": "Die Hubschütze werden manuell bedient.", "stat_von": 7355, "Artgeo": "p" }, "geometry": { "type": "Point", "coordinates": [ 789694.969839567551389, 6893926.770246831700206 ] } },
{ "type": "Feature", "properties": { "Art": "DUE", "bw_id": "SNK_DUE_10975", "name": "Böltbach-Düker (Schleuse IV)", "km": "10+975", "rwert": 369958.0, "hwert": 5823623, "bemerk": null, "beschreib": "Unter dem Oberhaupt der Schleuse IV kreuzt der Böltbach den Kanal mit Hilfe des dort gelegenen Dükers. Das östlich gelegene Einzugsgebiet des Böltbachs beträgt 7,0 km².", "stat_von": 10975, "Artgeo": "p" }, "geometry": { "type": "Point", "coordinates": [ 788384.555773271829821, 6899665.578282220289111 ] } },
{ "type": "Feature", "properties": { "Art": "DUE", "bw_id": "SNK_DUE_11430", "name": "Georgsdorfer Graben - Düker", "km": "11+430", "rwert": 369972.0, "hwert": 5824073, "bemerk": "Düker nicht mehr in Funktion. Georgsdorfer Graben", "beschreib": "Einleitung des bisherigen Dükers Georgsdorfer Graben. Die Einleitung liegt bei km 11+430 in der Gemeinde Georgsdorf. Über den Georgsdorfer Graben entwässert heute das östlich vom Süd-Nord-Kanal gelegene Einzugsgebiet mit einer Größe von rund 0,90 km²", "stat_von": 11430, "Artgeo": "p" }, "geometry": { "type": "Point", "coordinates": [ 788387.899427579715848, 6900406.382522039115429 ] } },
{ "type": "Feature", "properties": { "Art": "DUE", "bw_id": "SNK_DUE_19570", "name": "Düker (Twister Aa, Grenz Aa)", "km": "19+570", "rwert": 370693.0, "hwert": 5830723, "bemerk": "Vertrag raussuchen für U-Pflicht!! Düker wurde erneuert???", "beschreib": "Der 1895 errichtete Düker befindet sich bei km 19+57000 in der Gemeinde Twist, Ortsteil Adorf (Landkreis Emsland).", "stat_von": 19570, "Artgeo": "p" }, "geometry": { "type": "Point", "coordinates": [ 789281.994458511122502, 6911384.220366078428924 ] } },
{ "type": "Feature", "properties": { "Art": "DUE", "bw_id": "SNK_DUE_3755", "name": "Leedüker", "km": "3+755", "rwert": 370822.0, "hwert": 5816663, "bemerk": null, "beschreib": "Unter dem Oberhaupt der Schleuse SNK II dükert die Lee den Süd-Nord-Kanal. Das östlich gelegene Einzugsgebiet der Lee beträgt rd. 18,80 km².", "stat_von": 3755, "Artgeo": "p" }, "geometry": { "type": "Point", "coordinates": [ 790103.1180059799226, 6888263.386450599879026 ] } },
{ "type": "Feature", "properties": { "Art": "EIN", "bw_id": "SNK_EIN_23890", "name": "Rohreinlauf (PVC)", "km": "23+890", "rwert": 371304.0, "hwert": 5834865, "bemerk": null, "beschreib": "Rohreinlauf (PVC)", "stat_von": 23890, "Artgeo": "p" }, "geometry": { "type": "Point", "coordinates": [ 790106.285497073899023, 6918236.407125541009009 ] } },
{ "type": "Feature", "properties": { "Art": "QUE", "bw_id": "SNK_QUE_23900", "name": "Dükerung (Kabel)", "km": "23+900", "rwert": 371304.0, "hwert": 5834870, "bemerk": "Status prüfen", "beschreib": "Dükerung", "stat_von": 23900, "Artgeo": "p" }, "geometry": { "type": "Point", "coordinates": [ 790106.068394846632145, 6918244.650086271576583 ] } },
{ "type": "Feature", "properties": { "Art": "QUE", "bw_id": "SNK_QUE_16240", "name": null, "km": "16+240", "rwert": 369233.0, "hwert": 5828013, "bemerk": "Akte, Beschilderung, Akte, Vertrag, Fotos nachreichen", "beschreib": "Dükerung von Strom- und Fermeldkabel-Systemen (3 Bohrungen 2xFernmeldekabel DN160 und 1x Stromkabel DN225) in Schutzrohren", "stat_von": 16240, "Artgeo": "p" }, "geometry": { "type": "Point", "coordinates": [ 787002.297779077780433, 6906857.591793851926923 ] } },
{ "type": "Feature", "properties": { "Art": "DUE", "bw_id": "SNK_DUE_380", "name": "Goorbach-Düker", "km": "0+380", "rwert": 368944.0, "hwert": 5813956, "bemerk": "Es ist unklar, ob der Düker noch benötigt wird. Ggf. hat sich die Entwässerungssituation mit dem Neubau der Nordumgehung geändert", "beschreib": "Der Düker liegt bei km 0+380 des Süd-Nord-Kanals in der Stadt Nordhorn. Über Gräben entwässert das südlich vom Süd-Nord-Kanal gelegene Einzugsgebiet geringer Größe (Stadtteile Nordhorns) zum Düker.", "stat_von": 380, "Artgeo": "p" }, "geometry": { "type": "Point", "coordinates": [ 787144.698786629247479, 6883736.626570188440382 ] } },
{ "type": "Feature", "properties": { "Art": "DUE", "bw_id": "SNK_DUE_45430", "name": "Alter Schloot - Düker", "km": "45+430", "rwert": 373371.0, "hwert": 5855860, "bemerk": null, "beschreib": "Das Gewässer Alter Schloot dükert bei km 45+340 den Süd-Nord-Kanal. Der Düker wird vom UHV 101 (Ems II) unterhalten", "stat_von": 45430, "Artgeo": "p" }, "geometry": { "type": "Point", "coordinates": [ 792603.529065571143292, 6953013.125657117925584 ] } },
{ "type": "Feature", "properties": { "Art": "DUE", "bw_id": "SNK_DUE_7360", "name": "Lohner Bach-Düker", "km": "7+360", "rwert": 370662.0, "hwert": 5820116, "bemerk": null, "beschreib": "Unter dem Oberhaupt der Schleuse SNK III dükert der Lohner Bach den Süd-Nord-Kanal. Das östlich gelegene Einzugsgebiet des Lohner Baches beträgt rd. 41,17 km².", "stat_von": 7360, "Artgeo": "p" }, "geometry": { "type": "Point", "coordinates": [ 789691.604144935845397, 6893929.970720921643078 ] } },
{ "type": "Feature", "properties": { "Art": "DUE", "bw_id": "SNK_DUE_7875", "name": "Stiftsbach-Düker", "km": "7+875", "rwert": 370421.0, "hwert": 5820563, "bemerk": null, "beschreib": "Der Düker liegt unterhalb von Schleuse III in der Gemeinde Wietmarschen. Über den im Unterlauf des nicht ausgebauten Stiftsbachs entwässert das östlich vom Süd-Nord-Kanal gelegene Einzugsgebiet.", "stat_von": 7875, "Artgeo": "p" }, "geometry": { "type": "Point", "coordinates": [ 789277.080892067402601, 6894654.239295528270304 ] } },
{ "type": "Feature", "properties": { "Art": "DUE", "bw_id": "SNK_DUE_9180", "name": "Soermannsbach-Düker", "km": "9+180", "rwert": 370267.0, "hwert": 5821865, "bemerk": null, "beschreib": "Über den im Unterlauf ausgebauten Soermannsbach, der schließlich westlich des Kanals in die Lee fließt, entwässert das östlich vom Süd-Nord-Kanal gelegene Einzugsgebiet mit einer Größe von ca. 26,00 km² zum Düker.", "stat_von": 9180, "Artgeo": "p" }, "geometry": { "type": "Point", "coordinates": [ 788967.990329232765362, 6896788.024160084314644 ] } },
{ "type": "Feature", "properties": { "Art": "DUE", "bw_id": "SNK_DUE_940", "name": "Stooksbach-Düker", "km": "0+940", "rwert": 369412.0, "hwert": 5814251, "bemerk": null, "beschreib": "Der Düker liegt bei km 0+940 des Süd-NordKanals in der Stadt Nordhorn. Über Gräben entwässert das südlich vom Süd-Nord-Kanal gelegene Einzugsgebiet geringer Größe (Stadtteile Nordhorns) zum Düker.", "stat_von": 940, "Artgeo": "p" }, "geometry": { "type": "Point", "coordinates": [ 787898.175950471311808, 6884241.38235296215862 ] } },
{ "type": "Feature", "properties": { "Art": "QUE", "bw_id": "SNK_QUE_23330", "name": "Oberleitung", "km": "23+330", "rwert": 371332.0, "hwert": 5834310, "bemerk": null, "beschreib": "Oberleitung", "stat_von": 23330, "Artgeo": "p" }, "geometry": { "type": "Point", "coordinates": [ 790176.421376633574255, 6917322.708967032842338 ] } },
{ "type": "Feature", "properties": { "Art": "QUE", "bw_id": "SNK_QUE_23440", "name": "Dükerung", "km": "23+440", "rwert": 371337.0, "hwert": 5834419, "bemerk": null, "beschreib": "Dükerung", "stat_von": 23440, "Artgeo": "p" }, "geometry": { "type": "Point", "coordinates": [ 790179.912647257326171, 6917502.604707852005959 ] } },
{ "type": "Feature", "properties": { "Art": "EIN", "bw_id": "SNK_EIN_23480", "name": "Rohreinleitung", "km": "23+480", "rwert": 371343.0, "hwert": 5834461, "bemerk": null, "beschreib": "Rohreinleitung", "stat_von": 23480, "Artgeo": "p" }, "geometry": { "type": "Point", "coordinates": [ 790187.95612707757391, 6917572.100620365701616 ] } },
{ "type": "Feature", "properties": { "Art": "EIN", "bw_id": "SNK_EIN_23485", "name": "Rohrdurchlass?? zum See", "km": "23+485", "rwert": 371301.0, "hwert": 5834462, "bemerk": null, "beschreib": "Rohrdurchlass?? zum See", "stat_von": 23485, "Artgeo": "p" }, "geometry": { "type": "Point", "coordinates": [ 790118.848918244126253, 6917571.92154126893729 ] } },
{ "type": "Feature", "properties": { "Art": "QUE", "bw_id": "SNK_QUE_23620", "name": "Dükerung Trinkwasserleitung", "km": "23+620", "rwert": 371338.0, "hwert": 5834599, "bemerk": null, "beschreib": "Dükerung", "stat_von": 23620, "Artgeo": "p" }, "geometry": { "type": "Point", "coordinates": [ 790173.744873283198103, 6917799.373271328397095 ] } },
{ "type": "Feature", "properties": { "Art": "QUE", "bw_id": "SNK_QUE_23595", "name": "Dükerung", "km": "23+595", "rwert": 371338.0, "hwert": 5834573, "bemerk": null, "beschreib": "Dükerung", "stat_von": 23595, "Artgeo": "p" }, "geometry": { "type": "Point", "coordinates": [ 790174.873338986188173, 6917756.512313078157604 ] } },
{ "type": "Feature", "properties": { "Art": "QUE", "bw_id": "SNK_QUE_17580", "name": "Dükerung, Kabel", "km": "17+580", "rwert": 369259.0, "hwert": 5829350, "bemerk": null, "beschreib": "Dükerung", "stat_von": 17580, "Artgeo": "p" }, "geometry": { "type": "Point", "coordinates": [ 786986.213099751039408, 6909060.068866423331201 ] } },
{ "type": "Feature", "properties": { "Art": "SON", "bw_id": "SNK_SON_19280", "name": "Schaltschränke", "km": "19+280", "rwert": 370501.0, "hwert": 5830501, "bemerk": null, "beschreib": "Schaltschränke", "stat_von": 19280, "Artgeo": "p" }, "geometry": { "type": "Point", "coordinates": [ 788976.19632686523255, 6911010.169096377678216 ] } },
{ "type": "Feature", "properties": { "Art": "SON", "bw_id": "SNK_SON_19300", "name": "Museumseisenbahn (Torfbahn)", "km": "19+300", "rwert": 370516.0, "hwert": 5830515, "bemerk": null, "beschreib": "Museumseisenbahn (Torfbahn)", "stat_von": 19300, "Artgeo": "p" }, "geometry": { "type": "Point", "coordinates": [ 789000.231523167109117, 6911033.884094321168959 ] } },
{ "type": "Feature", "properties": { "Art": "QUE", "bw_id": "SNK_QUE_11195", "name": "Dükerung", "km": "11+195", "rwert": 369959.0, "hwert": 5823842, "bemerk": null, "beschreib": "Dükerung", "stat_von": 11195, "Artgeo": "p" }, "geometry": { "type": "Point", "coordinates": [ 788376.644670831039548, 6900025.840346283279359 ] } },
{ "type": "Feature", "properties": { "Art": "QUE", "bw_id": "SNK_QUE_11435", "name": "Oberleitung uh. Düker", "km": "11+435", "rwert": 369971.0, "hwert": 5824083, "bemerk": null, "beschreib": "Oberleitung", "stat_von": 11435, "Artgeo": "p" }, "geometry": { "type": "Point", "coordinates": [ 788385.822374477167614, 6900422.788276576437056 ] } },
{ "type": "Feature", "properties": { "Art": "QUE", "bw_id": "SNK_QUE_11755", "name": "Kabeldüker", "km": "11+755", "rwert": 370000.0, "hwert": 5824400, "bemerk": null, "beschreib": "Dükerung", "stat_von": 11755, "Artgeo": "p" }, "geometry": { "type": "Point", "coordinates": [ 788419.581856569740921, 6900945.522370447404683 ] } },
{ "type": "Feature", "properties": { "Art": "QUE", "bw_id": "SNK_QUE_11765", "name": "Kabeldüker", "km": "11+765", "rwert": 370000.0, "hwert": 5824410, "bemerk": null, "beschreib": "Dükerung", "stat_von": 11765, "Artgeo": "p" }, "geometry": { "type": "Point", "coordinates": [ 788419.145683090086095, 6900961.972951591946185 ] } },
{ "type": "Feature", "properties": { "Art": "QUE", "bw_id": "SNK_QUE_12340", "name": "Dükerung Trinkwasserleitung", "km": "12+340", "rwert": 370014.0, "hwert": 5824982, "bemerk": null, "beschreib": "Dükerung", "stat_von": 12340, "Artgeo": "p" }, "geometry": { "type": "Point", "coordinates": [ 788417.169005244737491, 6901903.614106889814138 ] } },
{ "type": "Feature", "properties": { "Art": "EIN", "bw_id": "SNK_EIN_16620", "name": "Einleitung KKA Fa. Brill (Haus Nr.11)", "km": "16+620", "rwert": 369225.0, "hwert": 5828392, "bemerk": null, "beschreib": "Einleitung KKA Fa. Brill (Haus Nr.11)", "stat_von": 16620, "Artgeo": "p" }, "geometry": { "type": "Point", "coordinates": [ 786972.497748276917264, 6907481.19060998596251 ] } },
{ "type": "Feature", "properties": { "Art": "EIN", "bw_id": "SNK_EIN_16750", "name": "Einleitung KKA Fa. Brill (Haus Nr.13)", "km": "16+750", "rwert": 369229.0, "hwert": 5828523, "bemerk": null, "beschreib": "Einleitung KKA Fa. Brill (Haus Nr.13)", "stat_von": 16750, "Artgeo": "p" }, "geometry": { "type": "Point", "coordinates": [ 786973.306881969911046, 6907697.044680532999337 ] } },
{ "type": "Feature", "properties": { "Art": "EIN", "bw_id": "SNK_EIN_16460", "name": "Einleitung KKA Schnieders (H.Nr. 9)=", "km": "16+460", "rwert": 369223.0, "hwert": 5828233, "bemerk": null, "beschreib": "Einleitung KKA Schnieders (H.Nr. 9)=", "stat_von": 16460, "Artgeo": "p" }, "geometry": { "type": "Point", "coordinates": [ 786976.204123839153908, 6907219.333368742838502 ] } },
{ "type": "Feature", "properties": { "Art": "SON", "bw_id": "SNK_SON_1040", "name": "Steg", "km": "1+040", "rwert": 369485.0, "hwert": 5814331, "bemerk": null, "beschreib": "Steg", "stat_von": 1040, "Artgeo": "p" }, "geometry": { "type": "Point", "coordinates": [ 788014.233784661162645, 6884375.904954064637423 ] } },
{ "type": "Feature", "properties": { "Art": "SON", "bw_id": "SNK_SON_3745", "name": "Kunstobjekt oh Schleuse II rechts", "km": "3+745", "rwert": 370832.0, "hwert": 5816648, "bemerk": null, "beschreib": "Kunstobjekt oh Schleuse II rechts", "stat_von": 3745, "Artgeo": "p" }, "geometry": { "type": "Point", "coordinates": [ 790120.149449844262563, 6888239.181750255636871 ] } },
{ "type": "Feature", "properties": { "Art": "QUE", "bw_id": "SNK_QUE_3740", "name": "Oberleitung (oh Schleuse II)", "km": "3+740", "rwert": 370816.0, "hwert": 5816650, "bemerk": null, "beschreib": "Oberleitung", "stat_von": 3740, "Artgeo": "p" }, "geometry": { "type": "Point", "coordinates": [ 790093.848768263473175, 6888241.774380245245993 ] } },
{ "type": "Feature", "properties": { "Art": "QUE", "bw_id": "SNK_QUE_9190", "name": "Dükerung", "km": "9+190", "rwert": 370265.0, "hwert": 5821871, "bemerk": null, "beschreib": "Dükerung", "stat_von": 9190, "Artgeo": "p" }, "geometry": { "type": "Point", "coordinates": [ 788964.449255453655496, 6896797.802308408543468 ] } },
{ "type": "Feature", "properties": { "Art": "QUE", "bw_id": "SNK_QUE_10970", "name": "Dükerung", "km": "10+970", "rwert": 369956.0, "hwert": 5823616, "bemerk": null, "beschreib": "Dükerung", "stat_von": 10970, "Artgeo": "p" }, "geometry": { "type": "Point", "coordinates": [ 788381.579657090944238, 6899653.977273670956492 ] } },
{ "type": "Feature", "properties": { "Art": "QUE", "bw_id": "SNK_QUE_41350", "name": "Dükerung uh Brücke", "km": "41+350", "rwert": 372384.0, "hwert": 5852157, "bemerk": null, "beschreib": "Dükerung", "stat_von": 41350, "Artgeo": "p" }, "geometry": { "type": "Point", "coordinates": [ 791134.410889957449399, 6946841.457293997518718 ] } },
{ "type": "Feature", "properties": { "Art": "QUE", "bw_id": "SNK_QUE_41335", "name": "Dükerung Gasleitung oh Brücke", "km": "41+335", "rwert": 372377.0, "hwert": 5852144, "bemerk": "?? Verknüfung mit Vertrag prüfen", "beschreib": "Dükerung", "stat_von": 41335, "Artgeo": "p" }, "geometry": { "type": "Point", "coordinates": [ 791123.423116502468474, 6946819.644535624422133 ] } },
{ "type": "Feature", "properties": { "Art": "QUE", "bw_id": "SNK_QUE_9160", "name": "Dükerung", "km": "9+160", "rwert": 370271.0, "hwert": 5821843, "bemerk": null, "beschreib": "Dükerung", "stat_von": 9160, "Artgeo": "p" }, "geometry": { "type": "Point", "coordinates": [ 788975.507128828088753, 6896752.025784204714 ] } },
{ "type": "Feature", "properties": { "Art": "EIN", "bw_id": "SNK_EIN_38395", "name": "Grabeneinmündung??", "km": "38+395", "rwert": 372362.0, "hwert": 5849290, "bemerk": null, "beschreib": "Grabeneinmündung??", "stat_von": 38395, "Artgeo": "p" }, "geometry": { "type": "Point", "coordinates": [ 791222.610195386689156, 6942098.582992141135037 ] } },
{ "type": "Feature", "properties": { "Art": "SON", "bw_id": "SNK_SON_7355", "name": "Infotafel (Infostein) Schleuse III", "km": "7+355", "rwert": 370672.0, "hwert": 5820114, "bemerk": null, "beschreib": "Infotafel (Infostein) Schleuse III", "stat_von": 7355, "Artgeo": "p" }, "geometry": { "type": "Point", "coordinates": [ 789708.086239536642097, 6893927.117474539205432 ] } },
{ "type": "Feature", "properties": { "Art": "SON", "bw_id": "SNK_SON_29850", "name": "Verteilerkasten (Kompaktstation Westnetz)", "km": "29+850", "rwert": 371531.0, "hwert": 5840791, "bemerk": null, "beschreib": "Verteilerkasten (Kompaktstation Westnetz)", "stat_von": 29850, "Artgeo": "p" }, "geometry": { "type": "Point", "coordinates": [ 790222.330313548678532, 6928021.765623250976205 ] } },
{ "type": "Feature", "properties": { "Art": "QUE", "bw_id": "SNK_QUE_43143", "name": "Dükerung Gasleitung", "km": "43+143", "rwert": 373309.0, "hwert": 5853692, "bemerk": null, "beschreib": "1x Gasleitung DN 225 PE-HD der Westnetz AG (Sohllage bei 4,90 m NN, Sohllage Kanal bei 11,00 m NN, WSP bei 11,60 m NN)", "stat_von": 43143, "Artgeo": "p" }, "geometry": { "type": "Point", "coordinates": [ 792594.781685346621089, 6949421.618771786801517 ] } },
{ "type": "Feature", "properties": { "Art": "QUE", "bw_id": "SNK_QUE_16370", "name": "Dükerung Gashochdruckleitung", "km": "16+370", "rwert": 369233.0, "hwert": 5828142, "bemerk": "Vertrag ist noch abzuschließen", "beschreib": "Dükerung", "stat_von": 16370, "Artgeo": "p" }, "geometry": { "type": "Point", "coordinates": [ 786996.627012655022554, 6907069.960369507782161 ] } },
{ "type": "Feature", "properties": { "Art": "SON", "bw_id": "SNK_SON_14240", "name": "Sitzgruppe (Bänke)", "km": "14+240", "rwert": 369309.0, "hwert": 5826134, "bemerk": null, "beschreib": "Sitzgruppe (Bänke)", "stat_von": 14240, "Artgeo": "p" }, "geometry": { "type": "Point", "coordinates": [ 787209.610134073183872, 6903768.230021962895989 ] } },
{ "type": "Feature", "properties": { "Art": "SON", "bw_id": "SNK_SON_37205", "name": "Sitzgruppe (Bürgerverein Fehndorf)", "km": "37+205", "rwert": 372247.0, "hwert": 5848103, "bemerk": null, "beschreib": "Sitzgruppe (Bürgerverein Fehndorf)", "stat_von": 37205, "Artgeo": "p" }, "geometry": { "type": "Point", "coordinates": [ 791084.467776519828476, 6940131.140010120347142 ] } },
{ "type": "Feature", "properties": { "Art": "QUE", "bw_id": "SNK_QUE_45085", "name": "Dükerung Mittelspannungskabel Westnetz", "km": "45+085", "rwert": 373440.0, "hwert": 5855520, "bemerk": "Das Antragsverfahren (Wasserrechtliche Genehemigung läuft noch)", "beschreib": "Mittelspannungskabel 2XS(F)2Y 3x1x300 in einemSchutzrohr DA160x14,6. Verlegung im Horizontalbohrverfahren (Sohle auf NN 4,25 m NN, Sohllage Kanal bei 9,25 m NN, WSP bei 11,55 m NN)", "stat_von": 45085, "Artgeo": "p" }, "geometry": { "type": "Point", "coordinates": [ 792732.173915082472377, 6952453.184171204455197 ] } },
{ "type": "Feature", "properties": { "Art": "SON", "bw_id": "SNK_QUE_22245", "name": "Dükerung Mittelspannungskabel Westnetz", "km": "22+245", "rwert": 371289.0, "hwert": 5833226, "bemerk": "ist der Bau erfolgt?", "beschreib": "Dükerung 3x Niederspannungskabel NAYY-J 4x240 jeweils im Schutzrohr DA 125 PE-HD (Sohllage bei 7,00 m NN, Sohllage Kanal bei 12,00 m NN, WSP bei 15,50 m NN)", "stat_von": 22245, "Artgeo": "p" }, "geometry": { "type": "Point", "coordinates": [ 790152.761238767532632, 6915534.164546445012093 ] } },
{ "type": "Feature", "properties": { "Art": "BRU", "bw_id": "SNK_BRU_9185", "name": "Brücke Bermegraben (Auslauf Düker Soermannsbach)", "km": "9+185", "rwert": 370241.0, "hwert": 5821861, "bemerk": null, "beschreib": "Brücke Bermegraben über dem Auslauf Düker Soermannsbach", "stat_von": 9185, "Artgeo": "p" }, "geometry": { "type": "Point", "coordinates": [ 788925.520973286824301, 6896780.314158382825553 ] } },
{ "type": "Feature", "properties": { "Art": "SON", "bw_id": "SNK_SON_1039", "name": "Pegelmesstation Nordhorn (oh Schleuse I SNK)", "km": "1+039", "rwert": 369483.0, "hwert": 5814331, "bemerk": null, "beschreib": "Pegelmesstation Nordhorn (oh Schleuse I SNK, solarbetrieben mit Akkus)", "stat_von": 1039, "Artgeo": "p" }, "geometry": { "type": "Point", "coordinates": [ 788010.958596781594679, 6884375.81762064807117 ] } },
{ "type": "Feature", "properties": { "Art": "SON", "bw_id": "SNK_SON_7490", "name": "ehemaliges Schleusenwärterhaus bei Schleuse III", "km": "7+490", "rwert": 370575.0, "hwert": 5820204, "bemerk": null, "beschreib": "ehemaliges Schleusenwärterhaus", "stat_von": 7490, "Artgeo": "p" }, "geometry": { "type": "Point", "coordinates": [ 789545.150513218715787, 6894070.834829784929752 ] } },
{ "type": "Feature", "properties": { "Art": "SON", "bw_id": "SNK_SON_31625", "name": "Sitzgruppe bei Brücke Reiners (am Infoschild)", "km": "31+625", "rwert": 371700.0, "hwert": 5842557, "bemerk": "!!Vertrag!!", "beschreib": "Sitzgruppe bei Brücke Reiners (am Infoschild)", "stat_von": 31625, "Artgeo": "p" }, "geometry": { "type": "Point", "coordinates": [ 790423.870444719330408, 6930944.601334447041154 ] } },
{ "type": "Feature", "properties": { "Art": "EIN", "bw_id": "SNK_EIN_30125", "name": "Rohreinlauf Entwässerungsgraben Torfabbau Grindtsveen", "km": "30+125", "rwert": 371536.0, "hwert": 5841067, "bemerk": "Daten aus der Nachgenehmigung nachladen", "beschreib": "Rohrdurchlass im Zuge des Ausbaus von Entwässerungsgräben im Zuge des Torfabbaus in Twist- Schöninghsdorf. Plangenehmigung - Griendtsveen-Erica BV, Twist, LK Emsland", "stat_von": 30125, "Artgeo": "p" }, "geometry": { "type": "Point", "coordinates": [ 790218.561921599903144, 6928477.559238079935312 ] } },
{ "type": "Feature", "properties": { "Art": "EIN", "bw_id": "SNK_EIN_32185", "name": "Einlaufbauwerk Moorentwässerungsgraben", "km": "32+185", "rwert": 371726.0, "hwert": 5843116, "bemerk": null, "beschreib": "Einlaufbauwerk Moorentwässerungsgraben lt. Genehmigung vom 18.10.2001", "stat_von": 32185, "Artgeo": "p" }, "geometry": { "type": "Point", "coordinates": [ 790442.40047038346529, 6931868.801793271675706 ] } },
{ "type": "Feature", "properties": { "Art": "SON", "bw_id": "SNK_SON_30900", "name": "Sitzbank", "km": "30+900", "rwert": 371628.0, "hwert": 5841834, "bemerk": "prüfen ob rechtmäßig", "beschreib": "Sitzbank", "stat_von": 30900, "Artgeo": "p" }, "geometry": { "type": "Point", "coordinates": [ 790336.71411372628063, 6929747.74295009393245 ] } },
{ "type": "Feature", "properties": { "Art": "EIN", "bw_id": "SNK_EIN_30730", "name": "Rohreinlauf", "km": "30+730", "rwert": 371594.0, "hwert": 5841669, "bemerk": "Könnte auch mit ID1: 557, ID2: SNK_EIN_30770 zusammenhängen", "beschreib": "Rohreinlauf uh. Kirchbrücke", "stat_von": 30730, "Artgeo": "p" }, "geometry": { "type": "Point", "coordinates": [ 790287.894938197219744, 6929473.86008286383003 ] } },
{ "type": "Feature", "properties": { "Art": "QUE", "bw_id": "SNK_QUE_31370", "name": "Dükerung Kabel", "km": "31+370", "rwert": 371663.0, "hwert": 5842302, "bemerk": null, "beschreib": "Dükerung Kabel bei Kirchbrücke", "stat_von": 31370, "Artgeo": "p" }, "geometry": { "type": "Point", "coordinates": [ 790374.012900283560157, 6930521.946930916979909 ] } },
{ "type": "Feature", "properties": { "Art": "SON", "bw_id": "SNK_SON_31260", "name": "Sitzbank", "km": "31+260", "rwert": 371663.0, "hwert": 5842195, "bemerk": null, "beschreib": "Sitzbank", "stat_von": 31260, "Artgeo": "p" }, "geometry": { "type": "Point", "coordinates": [ 790378.664112816099077, 6930345.280922682024539 ] } },
{ "type": "Feature", "properties": { "Art": "QUE", "bw_id": "SNK_QUE_12350", "name": "Dükerung Glasfaserkabel", "km": "12+350", "rwert": 370013.0, "hwert": 5824993, "bemerk": "Beschilderung kontrollieren", "beschreib": "Dükerung Glasfaserkabel für den Breitbandausbau im Landkreis Grafschaft Bentheim", "stat_von": 12350, "Artgeo": "P" }, "geometry": { "type": "Point", "coordinates": [ 788415.047951276996173, 6901921.668154911138117 ] } },
{ "type": "Feature", "properties": { "Art": "QUE", "bw_id": "SNK_QUE_14400", "name": "Dükerung Glasfaserkabel", "km": "14+400", "rwert": 369189.0, "hwert": 5826180, "bemerk": "Beschilderung prüfen !! ; Lageplan prüfen!!", "beschreib": "Dükerung Glasfaserkabel für den Breitbandausbau im Landkreis Grafschaft Bentheim", "stat_von": 14400, "Artgeo": "p" }, "geometry": { "type": "Point", "coordinates": [ 787010.605594212422147, 6903838.646571578457952 ] } },
{ "type": "Feature", "properties": { "Art": "QUE", "bw_id": "SNK_QUE_17165", "name": "Dükerung Glasfaserkabel", "km": "17+165", "rwert": 369238.0, "hwert": 5828937, "bemerk": "Beschilderung prüfen !! ;  Höhenplan prüfen ; Akte !!", "beschreib": "Dükerung Glasfaserkabel für den Breitbandausbau im Landkreis Grafschaft Bentheim", "stat_von": 17165, "Artgeo": "p" }, "geometry": { "type": "Point", "coordinates": [ 786969.88307983870618, 6908379.086809122934937 ] } },
{ "type": "Feature", "properties": { "Art": "SON", "bw_id": "SNK_SON_23905", "name": "Übersichtstafel Gemeinde Twist", "km": "23+905", "rwert": 371289.0, "hwert": 5834876, "bemerk": null, "beschreib": "Infotafel Gemeinde Twist (2plus GmbH Werbe - u. Handelskontor)", "stat_von": 23905, "Artgeo": "p" }, "geometry": { "type": "Point", "coordinates": [ 790081.14014285360463, 6918253.888686927966774 ] } },
{ "type": "Feature", "properties": { "Art": "EIN", "bw_id": "SNK_EIN_18375", "name": "Rohreinlauf (Graben)", "km": "18+375", "rwert": 369833.0, "hwert": 5829885, "bemerk": "Zuständigkeit Wabo??", "beschreib": "Einlauf Graben über abgeschrägtes Betronrohr", "stat_von": 18375, "Artgeo": "p" }, "geometry": { "type": "Point", "coordinates": [ 787905.645576837472618, 6909966.357545766979456 ] } },
{ "type": "Feature", "properties": { "Art": "QUE", "bw_id": "SNK_QUE_35055", "name": "Dükerung (HDD) TW-Leitung", "km": "35+055", "rwert": 371985.0, "hwert": 5845970, "bemerk": "Unterlagen einpflegen, Vertrag, Beschilderung, …, Vorgang nachpflegen", "beschreib": "Dükerung mit einer Trinkwasserleitung (DN 180) als HDD-Bohrung", "stat_von": 35055, "Artgeo": "p" }, "geometry": { "type": "Point", "coordinates": [ 790745.151980388327502, 6936594.50142321921885 ] } },
{ "type": "Feature", "properties": { "Art": "SON", "bw_id": "SNK_SON_24300", "name": "Wildblumenwiese (Jägerschaft Twist, Herr Ströer)", "km": "24+300", "rwert": 371285.0, "hwert": 5835279, "bemerk": "Originalvertrag einscannen, Akz. anlegen, Vertrag endet am 31.03.2029", "beschreib": "Wildblumenwiese (Jägerschaft Twist, Herr Ströer)", "stat_von": 24300, "Artgeo": "p" }, "geometry": { "type": "Point", "coordinates": [ 790057.059118611039594, 6918918.125434283167124 ] } },
{ "type": "Feature", "properties": { "Art": "QUE", "bw_id": "SNK_QUE_22950", "name": "Dükerung DN 160 Gas- und LWL-Leitung", "km": "22+950", "rwert": 371311.0, "hwert": 5833930, "bemerk": "Vertrag, Genehmigung, Beschilderung, … nacharbeiten", "beschreib": "Dükerung mit einer Gasleitung DN 160 und LWL in Mehrschichtrohr PE 100 mit Außendurchmesser 90", "stat_von": 22950, "Artgeo": "p" }, "geometry": { "type": "Point", "coordinates": [ 790158.382889724918641, 6916695.42557056620717 ] } },
{ "type": "Feature", "properties": { "Art": "BRU", "bw_id": "VBA_BRU_35", "name": "Fußgängerbrücke Ochsenstraße / Mühlendamm (Nordhorn)", "km": "0+035", "rwert": 368705.0, "hwert": 5811344, "bemerk": null, "beschreib": "Die Fußgängerbrücke verbindet due Ochsenstraße mit dem  Mühlendamm in Nordhorn", "stat_von": 35, "Artgeo": "p" }, "geometry": { "type": "Point", "coordinates": [ 786867.696299910079688, 6879439.548063208349049 ] } },
{ "type": "Feature", "properties": { "Art": "BRU", "bw_id": "VBA_BRU_90", "name": "Brücke Burgstraße (Nordhorn)", "km": "0+090", "rwert": 368727.0, "hwert": 5811294, "bemerk": null, "beschreib": "Die Brücke verbindet das Stadtzentrum mit dem Stadtpark in Norhorn", "stat_von": 90, "Artgeo": "p" }, "geometry": { "type": "Point", "coordinates": [ 786905.888124496210366, 6879358.479174143634737 ] } },
{ "type": "Feature", "properties": { "Art": "EIN", "bw_id": "VBA_EIN_60", "name": "Rohreinlauf", "km": "0+060", "rwert": 368725.0, "hwert": 5811325, "bemerk": null, "beschreib": "Rohreinlauf", "stat_von": 60, "Artgeo": "p" }, "geometry": { "type": "Point", "coordinates": [ 786901.259030094603077, 6879409.25225683581084 ] } },
{ "type": "Feature", "properties": { "Art": "SON", "bw_id": "VBA_SON_20", "name": "Bootsanleger (Beton)", "km": "0+020", "rwert": 368688.0, "hwert": 5811344, "bemerk": null, "beschreib": "Bootsanleger links oberhalb des Einlaufes in den Borstenfischpass am Ölmühlenwehr", "stat_von": 20, "Artgeo": "p" }, "geometry": { "type": "Point", "coordinates": [ 786839.874408600619063, 6879438.80243319272995 ] } },
{ "type": "Feature", "properties": { "Art": "SON", "bw_id": "VBA_SON_45", "name": "Böschungstreppe", "km": "0+045", "rwert": 368718.0, "hwert": 5811342, "bemerk": null, "beschreib": "Böschungstreppe", "stat_von": 45, "Artgeo": "p" }, "geometry": { "type": "Point", "coordinates": [ 786889.059356010751799, 6879436.836823203600943 ] } },
{ "type": "Feature", "properties": { "Art": "SON", "bw_id": "VBA_SON_65", "name": "Steganlage (privat)", "km": "0+065", "rwert": 368726.0, "hwert": 5811320, "bemerk": null, "beschreib": "Steganlage (privat)", "stat_von": 65, "Artgeo": "p" }, "geometry": { "type": "Point", "coordinates": [ 786903.114309771219268, 6879401.092733727768064 ] } },
{ "type": "Feature", "properties": { "Art": "EIN", "bw_id": "VBA_EIN_225", "name": "Rohreinlauf (OW-Entwässerung)", "km": "0+225", "rwert": 368737.0, "hwert": 5811161, "bemerk": null, "beschreib": "Rohreinlauf (OW-Entwässerung)", "stat_von": 225, "Artgeo": "p" }, "geometry": { "type": "Point", "coordinates": [ 786928.070519636850804, 6879140.712069175206125 ] } },
{ "type": "Feature", "properties": { "Art": "BRU", "bw_id": "VBK_BRU_250", "name": "Stahlbetonbrücke Heseper Weg", "km": "0+250", "rwert": 369455.0, "hwert": 5811512, "bemerk": null, "beschreib": "zweispurige Stahlbetonbrücke mit beidseitgem Fuß- und Radweg im Zuge des Heseper Weges", "stat_von": 250, "Artgeo": "p" }, "geometry": { "type": "Point", "coordinates": [ 788087.831183169502765, 6879747.989680554717779 ] } },
{ "type": "Feature", "properties": { "Art": "BRU", "bw_id": "VBK_BRU_510", "name": "Stahlbetonbrücke Seeuferstraße", "km": "0+510", "rwert": 369369.0, "hwert": 5811267, "bemerk": null, "beschreib": "zweispurige Stahlbetonbrücke mit beidseitgem Fuß- und Radweg im Zuge der Seefuferstraße", "stat_von": 510, "Artgeo": "p" }, "geometry": { "type": "Point", "coordinates": [ 787957.743392206146382, 6879342.263471432961524 ] } },
{ "type": "Feature", "properties": { "Art": "BRU", "bw_id": "VBK_BRU_635", "name": "Schleusendrehbrücke (Verbindungsschleuse)", "km": "0+635", "rwert": 369290.0, "hwert": 5811167, "bemerk": null, "beschreib": "Die Drehbrücke verbindet das Radwegenetz an der westlichen und östlichen Seite des Kanals. Die Schleusenbrücke ist als Zweifeld-Drehbrücke ausgebildet, deren Hauptöffnung das Unterhaupt der Schleuse überbrückt.", "stat_von": 635, "Artgeo": "p" }, "geometry": { "type": "Point", "coordinates": [ 787832.809372759191319, 6879174.750021748244762 ] } },
{ "type": "Feature", "properties": { "Art": "SLE", "bw_id": "VBK_SLE_660", "name": "Verbindungsschleuse", "km": "0+660", "rwert": 369277.0, "hwert": 5811148, "bemerk": "Die so genannte Verbindungsschleuse verbindet den Verbindungskanal mit der Vechte und dem Nordhorn-Almelo-Kanal. Ihre wasserwirtschaftliche Funktion besteht darin, die Wasserstände der Vechte im Stadtbereich zu halten.", "beschreib": "Die so genannte Verbindungsschleuse verbindet den Verbindungskanal mit der Vechte und dem Nordhorn-Almelo-Kanal. Ihre wasserwirtschaftliche Funktion besteht darin, die Wasserstände der Vechte im Stadtbereich zu halten.", "stat_von": 660, "Artgeo": "p" }, "geometry": { "type": "Point", "coordinates": [ 787812.361918507958762, 6879143.010409569367766 ] } },
{ "type": "Feature", "properties": { "Art": "SON", "bw_id": "VBK_SON_40", "name": "Bootsanleger (fest)", "km": "0+040", "rwert": 369507.0, "hwert": 5811712, "bemerk": null, "beschreib": "Bootsanleger im Bereich der Mündung zum Ems-Vechte-Kanal", "stat_von": 40, "Artgeo": "p" }, "geometry": { "type": "Point", "coordinates": [ 788164.239751260727644, 6880078.414776912890375 ] } },
{ "type": "Feature", "properties": { "Art": "SON", "bw_id": "VBK_SON_605", "name": "Steg", "km": "0+605", "rwert": 369303.0, "hwert": 5811195, "bemerk": null, "beschreib": "Steg mit Böschungstreppe oh. Verbindungsschleuse", "stat_von": 605, "Artgeo": "p" }, "geometry": { "type": "Point", "coordinates": [ 787852.865074509638362, 6879221.255506737157702 ] } },
{ "type": "Feature", "properties": { "Art": "SON", "bw_id": "VBK_SON_640", "name": "Infotafel Verbindungsschleuse", "km": "0+640", "rwert": 369277.0, "hwert": 5811169, "bemerk": null, "beschreib": "Infotafel Verbindungsschleuse", "stat_von": 640, "Artgeo": "p" }, "geometry": { "type": "Point", "coordinates": [ 787811.447290300857276, 6879177.463702982291579 ] } },
{ "type": "Feature", "properties": { "Art": "SON", "bw_id": "VBK_SON_715", "name": "Steg", "km": "0+715", "rwert": 369234.0, "hwert": 5811108, "bemerk": null, "beschreib": "Steg mit Böschungstreppe vor der Mündung zur Vechte", "stat_von": 715, "Artgeo": "p" }, "geometry": { "type": "Point", "coordinates": [ 787743.733840835746378, 6879075.507733650505543 ] } },
{ "type": "Feature", "properties": { "Art": "QUE", "bw_id": "VBK_QUE_255", "name": "Dükerung (HDD) verschiedene Leitungen", "km": "0+255", "rwert": 369454.0, "hwert": 5811505, "bemerk": "Antrag gestellt. Daten nachtragen, Vertrag eingeben, Vorgang anlegen", "beschreib": "Dükerung (Erneuerung) verschiedener Leitungen im HDD_verfahren", "stat_von": 255, "Artgeo": "p" }, "geometry": { "type": "Point", "coordinates": [ 788086.499048365745693, 6879736.460796599276364 ] } },
{ "type": "Feature", "properties": { "Art": "BRU", "bw_id": "VEC_BRU_102030", "name": "Eisenbahnbrücke Neuenhaus", "km": "102+030", "rwert": 362064.0, "hwert": 5819382, "bemerk": null, "beschreib": "Eisenbahnbrücke Neuenhaus", "stat_von": 102030, "Artgeo": "p" }, "geometry": { "type": "Point", "coordinates": [ 775629.494334597839043, 6892338.198203166946769 ] } },
{ "type": "Feature", "properties": { "Art": "BRU", "bw_id": "VEC_BRU_102945", "name": "Brücke Veldhauser Straße, L 44", "km": "102+945", "rwert": 362865.0, "hwert": 5819654, "bemerk": null, "beschreib": "Brücke Veldhauser Straße, L 44", "stat_von": 102945, "Artgeo": "p" }, "geometry": { "type": "Point", "coordinates": [ 776929.941783747519366, 6892822.116916505619884 ] } },
{ "type": "Feature", "properties": { "Art": "BRU", "bw_id": "VEC_BRU_106235", "name": "Rohrleitungsbrücke Gradorf", "km": "106+235", "rwert": 364677.0, "hwert": 5817069, "bemerk": null, "beschreib": "Rohrleitungsbrücke Gradorf", "stat_von": 106235, "Artgeo": "p" }, "geometry": { "type": "Point", "coordinates": [ 780017.217772139934823, 6888657.984918693080544 ] } },
{ "type": "Feature", "properties": { "Art": "BRU", "bw_id": "VEC_BRU_106365", "name": "Brücke Wehr Grasdorf (Lugthookstraße/ Pappelstraße)", "km": "106+365", "rwert": 364738.0, "hwert": 5816960, "bemerk": null, "beschreib": "Brücke Wehr Grasdorf", "stat_von": 106365, "Artgeo": "p" }, "geometry": { "type": "Point", "coordinates": [ 780122.086860795971006, 6888481.720444547012448 ] } },
{ "type": "Feature", "properties": { "Art": "BRU", "bw_id": "VEC_BRU_108975", "name": "Brücke De-Wilde-Straße", "km": "108+975", "rwert": 365700.0, "hwert": 5814834, "bemerk": null, "beschreib": "Brücke De-Wilde-Straße", "stat_von": 108975, "Artgeo": "p" }, "geometry": { "type": "Point", "coordinates": [ 781793.560509940027259, 6885034.004426729865372 ] } },
{ "type": "Feature", "properties": { "Art": "BRU", "bw_id": "VEC_BRU_110880", "name": "Brücke Nordumgehung Nordhorn (B 403)", "km": "110+880", "rwert": 366944.0, "hwert": 5814094, "bemerk": "Grundstücksübertragung erfolgt (Änderung), FSK aktualisieren!!! !!Vertrag hinzufügen", "beschreib": "Brücke Nordumgehung Nordhorn (B 403)", "stat_von": 110880, "Artgeo": "p" }, "geometry": { "type": "Point", "coordinates": [ 783863.705198504496366, 6883874.81350062135607 ] } },
{ "type": "Feature", "properties": { "Art": "BRU", "bw_id": "VEC_BRU_111020", "name": "Brücke Neuenhauser Straße (B403)", "km": "111+020", "rwert": 367093.0, "hwert": 5813590, "bemerk": null, "beschreib": "Quaink Brücke", "stat_von": 111020, "Artgeo": "p" }, "geometry": { "type": "Point", "coordinates": [ 784130.035048200748861, 6883054.139322240836918 ] } },
{ "type": "Feature", "properties": { "Art": "BRU", "bw_id": "VEC_BRU_113305", "name": "Brücke Euregiostraße (K 26)", "km": "113+305", "rwert": 367545.0, "hwert": 5812174, "bemerk": null, "beschreib": "Brücke Euregiostraße (K 26)", "stat_von": 113305, "Artgeo": "p" }, "geometry": { "type": "Point", "coordinates": [ 784932.637583746109158, 6880750.306263318285346 ] } },
{ "type": "Feature", "properties": { "Art": "BRU", "bw_id": "VEC_BRU_113770", "name": "Brücke Moltkestraße", "km": "113+770", "rwert": 367766.0, "hwert": 5811797, "bemerk": null, "beschreib": "Brücke Moltkestraße", "stat_von": 113770, "Artgeo": "p" }, "geometry": { "type": "Point", "coordinates": [ 785310.994225526228547, 6880141.471514673903584 ] } },
{ "type": "Feature", "properties": { "Art": "BRU", "bw_id": "VEC_BRU_114440", "name": "Brücke Stadtring", "km": "114+440", "rwert": 368370.0, "hwert": 5811550, "bemerk": null, "beschreib": "Brücke Stadtring", "stat_von": 114440, "Artgeo": "p" }, "geometry": { "type": "Point", "coordinates": [ 786310.407052834401838, 6879762.822814214974642 ] } },
{ "type": "Feature", "properties": { "Art": "BRU", "bw_id": "VEC_BRU_114815", "name": "Brücke am Ölmühlenwehr", "km": "114+815", "rwert": 368662.0, "hwert": 5811361, "bemerk": null, "beschreib": "Brücke am Ölmühlenwehr", "stat_von": 114815, "Artgeo": "p" }, "geometry": { "type": "Point", "coordinates": [ 786796.57932825142052, 6879465.553485780023038 ] } },
{ "type": "Feature", "properties": { "Art": "BRU", "bw_id": "VEC_BRU_114975", "name": "Fußgängerbrücke Am Schweinemarkt / Ochsenstraße", "km": "114+975", "rwert": 368721.0, "hwert": 5811493, "bemerk": null, "beschreib": "Fußgängerbrücke Am Schweinemarkt", "stat_von": 114975, "Artgeo": "p" }, "geometry": { "type": "Point", "coordinates": [ 786887.363673963816836, 6879684.715004563331604 ] } },
{ "type": "Feature", "properties": { "Art": "BRU", "bw_id": "VEC_BRU_115095", "name": "Lingener Torbrücke", "km": "115+095", "rwert": 368832.0, "hwert": 5811460, "bemerk": null, "beschreib": "Lingener Torbrücke", "stat_von": 115095, "Artgeo": "p" }, "geometry": { "type": "Point", "coordinates": [ 787070.472359669394791, 6879635.436919676139951 ] } },
{ "type": "Feature", "properties": { "Art": "BRU", "bw_id": "VEC_BRU_115240", "name": "Brücke Busbahnhof", "km": "115+240", "rwert": 368951.0, "hwert": 5811381, "bemerk": null, "beschreib": "Brücke Busbahnhof", "stat_von": 115240, "Artgeo": "p" }, "geometry": { "type": "Point", "coordinates": [ 787268.680507072596811, 6879511.032632669433951 ] } },
{ "type": "Feature", "properties": { "Art": "BRU", "bw_id": "VEC_BRU_115415", "name": "Reichenbachbrücke", "km": "115+415", "rwert": 369033.0, "hwert": 5811229, "bemerk": null, "beschreib": "Reichenbachbrücke", "stat_von": 115415, "Artgeo": "p" }, "geometry": { "type": "Point", "coordinates": [ 787409.514794563991018, 6879265.238443085923791 ] } },
{ "type": "Feature", "properties": { "Art": "BRU", "bw_id": "VEC_BRU_115580", "name": "Fußgängerbrücke Vechteaue / Neumarkt", "km": "115+580", "rwert": 369125.0, "hwert": 5811100, "bemerk": null, "beschreib": "Fußgängerbrücke Vechteaue / Neumarkt", "stat_von": 115580, "Artgeo": "p" }, "geometry": { "type": "Point", "coordinates": [ 787565.702584345708601, 6879057.620178466662765 ] } },
{ "type": "Feature", "properties": { "Art": "BRU", "bw_id": "VEC_BRU_115705", "name": "Fußgängerbrücke Vechtesee (Blaue Brücke)", "km": "115+705", "rwert": 369245.0, "hwert": 5811060, "bemerk": null, "beschreib": "Fußgängerbrücke Vechtesee (Blaue Brücke)", "stat_von": 115705, "Artgeo": "p" }, "geometry": { "type": "Point", "coordinates": [ 787763.826522785820998, 6878997.238985700532794 ] } },
{ "type": "Feature", "properties": { "Art": "BRU", "bw_id": "VEC_BRU_116465", "name": "Fußgängerbrücke Vechtesee (Reiterbrücke)", "km": "116+465", "rwert": 369518.0, "hwert": 5810499, "bemerk": null, "beschreib": "Ab September 2022 wurde die Reiterbrücke am Nordhorner Vechtesee vollständig saniert. Diese ist im Normalfall stark frequentiert, denn sie schließt für Spaziergänger und Jogger quasi die Runde um den Vechtesee.", "stat_von": 116465, "Artgeo": "p" }, "geometry": { "type": "Point", "coordinates": [ 788234.975705746794119, 6878088.821086272597313 ] } },
{ "type": "Feature", "properties": { "Art": "BRU", "bw_id": "VEC_BRU_116545", "name": "Brücke Frensdorfer Ring", "km": "116+545", "rwert": 369547.0, "hwert": 5810425, "bemerk": null, "beschreib": "Die Brücke Frensdorfer Ring dient zur Querung der Vechte oberhalb des Vechtesees. Sie dient als Zubringer zur Osttangente (B 403 / B 213) sowie zur Wasserstraße am EVK", "stat_von": 116545, "Artgeo": "p" }, "geometry": { "type": "Point", "coordinates": [ 788285.644142099423334, 6877968.694187555462122 ] } },
{ "type": "Feature", "properties": { "Art": "BRU", "bw_id": "VEC_BRU_116935", "name": "B 213, B 406", "km": "116+935", "rwert": 369864.0, "hwert": 5810239, "bemerk": null, "beschreib": "Brücke B 213, B 406", "stat_von": 116935, "Artgeo": "p" }, "geometry": { "type": "Point", "coordinates": [ 788812.412271118955687, 6877677.375429760664701 ] } },
{ "type": "Feature", "properties": { "Art": "BRU", "bw_id": "VEC_BRU_117980", "name": "K27 Wehrweg", "km": "117+980", "rwert": 370499.0, "hwert": 5809587, "bemerk": null, "beschreib": "Brücke K27 Wehrweg", "stat_von": 117980, "Artgeo": "p" }, "geometry": { "type": "Point", "coordinates": [ 789879.543777085491456, 6876635.45483884960413 ] } },
{ "type": "Feature", "properties": { "Art": "BRU", "bw_id": "VEC_BRU_120755", "name": "Brücke Tillenberger Weg", "km": "120+755", "rwert": 371787.0, "hwert": 5807423, "bemerk": null, "beschreib": "Brücke Tillenberger Weg", "stat_von": 120755, "Artgeo": "p" }, "geometry": { "type": "Point", "coordinates": [ 792079.096064075594768, 6873142.295241799205542 ] } },
{ "type": "Feature", "properties": { "Art": "BRU", "bw_id": "VEC_BRU_124075", "name": "K5 Engdener Straße", "km": "124+075", "rwert": 374463.0, "hwert": 5806167, "bemerk": null, "beschreib": "Brücke K5 Engdener Straße", "stat_von": 124075, "Artgeo": "p" }, "geometry": { "type": "Point", "coordinates": [ 796507.788802008028142, 6871196.515854311175644 ] } },
{ "type": "Feature", "properties": { "Art": "BRU", "bw_id": "VEC_BRU_124080", "name": "Fußgängerbrücke Engdener Straße", "km": "124+080", "rwert": 374471.0, "hwert": 5806165, "bemerk": null, "beschreib": "Fußgängerbrücke Engdener Straße", "stat_von": 124080, "Artgeo": "p" }, "geometry": { "type": "Point", "coordinates": [ 796520.952176401391625, 6871193.572244207374752 ] } },
{ "type": "Feature", "properties": { "Art": "BRU", "bw_id": "VEC_BRU_125185", "name": "Brücke Bussmannsmaate", "km": "125+185", "rwert": 375369.0, "hwert": 5805638, "bemerk": null, "beschreib": "Die Gemeinde Engden und die Stadt Nordhorn sind Eigentümer der Brücke (Brücke Bussmannsmaate). Die Brücke war in 2023 stark sanierungsbedürftig. Daher wurde die Brücke in 2023 nur noch für den Radverkehr offen gehalten.", "stat_von": 125185, "Artgeo": "p" }, "geometry": { "type": "Point", "coordinates": [ 798011.008570134174079, 6870367.225869045592844 ] } },
{ "type": "Feature", "properties": { "Art": "BRU", "bw_id": "VEC_BRU_127265", "name": "Brücke Rohrbachstau (historisch)", "km": "127+265", "rwert": 376823.0, "hwert": 5804427, "bemerk": "Wer prüft diese Brücke, die auf Eigentum NLWKN steht", "beschreib": "Brücke Rohrbachstau (historisch)", "stat_von": 127265, "Artgeo": "p" }, "geometry": { "type": "Point", "coordinates": [ 800437.629017603583634, 6868442.678431339561939 ] } },
{ "type": "Feature", "properties": { "Art": "BRU", "bw_id": "VEC_BRU_129790", "name": "Wirtschaftsbrücke Mescheweg", "km": "129+790", "rwert": 376456.0, "hwert": 5802396, "bemerk": null, "beschreib": "Wirtschaftsbrücke Mescheweg", "stat_von": 129790, "Artgeo": "p" }, "geometry": { "type": "Point", "coordinates": [ 799921.049545672605745, 6865100.365830602124333 ] } },
{ "type": "Feature", "properties": { "Art": "BRU", "bw_id": "VEC_BRU_129995", "name": "Holzbrücke Farwick", "km": "129+995", "rwert": 376425.0, "hwert": 5802187, "bemerk": null, "beschreib": "Holzbrücke Farwick", "stat_von": 129995, "Artgeo": "p" }, "geometry": { "type": "Point", "coordinates": [ 799878.968009618460201, 6864756.779851295053959 ] } },
{ "type": "Feature", "properties": { "Art": "BRU", "bw_id": "VEC_BRU_131560", "name": "A30", "km": "131+560", "rwert": 376440.0, "hwert": 5800775, "bemerk": null, "beschreib": "Brücke A30", "stat_von": 131560, "Artgeo": "p" }, "geometry": { "type": "Point", "coordinates": [ 799961.312647512997501, 6862445.117775882594287 ] } },
{ "type": "Feature", "properties": { "Art": "BRU", "bw_id": "VEC_BRU_132055", "name": "Brücke Schulstraße", "km": "132+055", "rwert": 376789.0, "hwert": 5800423, "bemerk": null, "beschreib": "Brücke Schulstraße", "stat_von": 132055, "Artgeo": "p" }, "geometry": { "type": "Point", "coordinates": [ 800545.689504276728258, 6861883.091902658343315 ] } },
{ "type": "Feature", "properties": { "Art": "BRU", "bw_id": "VEC_BRU_133215", "name": "Brücke Am Vechtetal", "km": "133+215", "rwert": 377817.0, "hwert": 5800017, "bemerk": null, "beschreib": "Brücke Am Vechtetal (auch Kongobrücke)", "stat_von": 133215, "Artgeo": "p" }, "geometry": { "type": "Point", "coordinates": [ 802241.004277850151993, 6861260.28456412255764 ] } },
{ "type": "Feature", "properties": { "Art": "BRU", "bw_id": "VEC_BRU_133600", "name": "Wirtschaftsbrücke", "km": "133+600", "rwert": 378087.0, "hwert": 5799813, "bemerk": null, "beschreib": "Wirtschaftsbrücke Quendorf", "stat_von": 133600, "Artgeo": "p" }, "geometry": { "type": "Point", "coordinates": [ 802690.161080960184336, 6860937.258034748025239 ] } },
{ "type": "Feature", "properties": { "Art": "BRU", "bw_id": "VEC_BRU_135095", "name": "Brücke Nordring", "km": "135+095", "rwert": 378910.0, "hwert": 5798764, "bemerk": null, "beschreib": "Brücke Nordring", "stat_von": 135095, "Artgeo": "p" }, "geometry": { "type": "Point", "coordinates": [ 804076.163434348534793, 6859253.33428290951997 ] } },
{ "type": "Feature", "properties": { "Art": "BRU", "bw_id": "VEC_BRU_135500", "name": "Brücke Salzberger Straße", "km": "135+500", "rwert": 379126.0, "hwert": 5798423, "bemerk": null, "beschreib": "Brücke Salzberger Straße", "stat_von": 135500, "Artgeo": "p" }, "geometry": { "type": "Point", "coordinates": [ 804442.457931098062545, 6858703.894025723449886 ] } },
{ "type": "Feature", "properties": { "Art": "BRU", "bw_id": "VEC_BRU_136165", "name": "Fuß- und Radwegbrücke Vechtesee Schüttorf links", "km": "136+165", "rwert": 379545.0, "hwert": 5797934, "bemerk": null, "beschreib": "Fuß- und Radwegbrücke Vechtesee Schüttorf links", "stat_von": 136165, "Artgeo": "p" }, "geometry": { "type": "Point", "coordinates": [ 805145.983788063633256, 6857920.389301116578281 ] } },
{ "type": "Feature", "properties": { "Art": "BRU", "bw_id": "VEC_BRU_136180", "name": "Eisenbahnbrücke Vechtesee Schüttorf links", "km": "136+180", "rwert": 379547.0, "hwert": 5797921, "bemerk": null, "beschreib": "Eisenbahnbrücke Vechtesee Schüttorf links", "stat_von": 136180, "Artgeo": "p" }, "geometry": { "type": "Point", "coordinates": [ 805149.766715890029445, 6857899.194915010593832 ] } },
{ "type": "Feature", "properties": { "Art": "BRU", "bw_id": "VEC_BRU_137330", "name": "Fußgängerbrücke Holmers Mate", "km": "137+330", "rwert": 379520.0, "hwert": 5796911, "bemerk": null, "beschreib": "Fußgängerbrücke Holmers Mate", "stat_von": 137330, "Artgeo": "p" }, "geometry": { "type": "Point", "coordinates": [ 805145.949030615622178, 6856245.436634639278054 ] } },
{ "type": "Feature", "properties": { "Art": "BRU", "bw_id": "VEC_BRU_138505", "name": "L 68, Schüttorfer Straße", "km": "138+505", "rwert": 380077.0, "hwert": 5796106, "bemerk": null, "beschreib": "Brücke L 68, Schüttorfer Straße", "stat_von": 138505, "Artgeo": "p" }, "geometry": { "type": "Point", "coordinates": [ 806086.919744781800546, 6854950.632844501174986 ] } },
{ "type": "Feature", "properties": { "Art": "BRU", "bw_id": "VEC_BRU_139060", "name": "A 31", "km": "139+060", "rwert": 380463.0, "hwert": 5795725, "bemerk": null, "beschreib": "Brücke A 31", "stat_von": 139060, "Artgeo": "p" }, "geometry": { "type": "Point", "coordinates": [ 806731.84524320543278, 6854342.694624254480004 ] } },
{ "type": "Feature", "properties": { "Art": "BRU", "bw_id": "VEC_BRU_140945", "name": "Wirtschaftsbrücke (Hartgering)", "km": "140+945", "rwert": 381724.0, "hwert": 5794522, "bemerk": null, "beschreib": "Wirtschaftsbrücke (Hartgering)", "stat_von": 140945, "Artgeo": "p" }, "geometry": { "type": "Point", "coordinates": [ 808836.409628075547516, 6852424.745412023738027 ] } },
{ "type": "Feature", "properties": { "Art": "BRU", "bw_id": "VEC_BRU_143185", "name": "Fußgängerbrücke Ohne (Dorf)", "km": "143+185", "rwert": 382855.0, "hwert": 5792851, "bemerk": null, "beschreib": "Im Oktober 2022 wurde für insgesamt 450.000 Euro eine neue Holzbrücke im Zuge der Straße An der Nore installiert. Die alte Brücke hat der Brückenprüfung nicht mehr standgehalten.", "stat_von": 143185, "Artgeo": "p" }, "geometry": { "type": "Point", "coordinates": [ 810746.053101615747437, 6849736.485553096048534 ] } },
{ "type": "Feature", "properties": { "Art": "BRU", "bw_id": "VEC_BRU_143255", "name": "Fußgängerbrücke Ohne (Haddorfer Straße)", "km": "143+255", "rwert": 382919.0, "hwert": 5792816, "bemerk": "!!Vertrag!! !!Akz!! !!Links!!", "beschreib": "Fußgängerbrücke Ohne (Haddorfer Straße)", "stat_von": 143255, "Artgeo": "p" }, "geometry": { "type": "Point", "coordinates": [ 810851.774763290653937, 6849681.744830558076501 ] } },
{ "type": "Feature", "properties": { "Art": "BRU", "bw_id": "VEC_BRU_143265", "name": "K25 Ohne, Haddorfer Straße", "km": "143+265", "rwert": 382925.0, "hwert": 5792813, "bemerk": null, "beschreib": "Brücke K25 Ohne, Haddorfer Straße", "stat_von": 143265, "Artgeo": "p" }, "geometry": { "type": "Point", "coordinates": [ 810861.675229003303684, 6849677.07264213450253 ] } },
{ "type": "Feature", "properties": { "Art": "BRU", "bw_id": "VEC_BRU_143325", "name": "Brücke Oeding / Erdel", "km": "143+325", "rwert": 382977.0, "hwert": 5792779, "bemerk": null, "beschreib": "Wirtschaftsbrücke Oeding / Erdel", "stat_von": 143325, "Artgeo": "p" }, "geometry": { "type": "Point", "coordinates": [ 810947.787765995250084, 6849623.501032698899508 ] } },
{ "type": "Feature", "properties": { "Art": "BRU", "bw_id": "VEC_BRU_143580", "name": "Brücke Stau Oeding/Erdel", "km": "143+580", "rwert": 383194.0, "hwert": 5792648, "bemerk": null, "beschreib": "3-Feld-Stahlbrücke über der ehem. Stauanlage", "stat_von": 143580, "Artgeo": "p" }, "geometry": { "type": "Point", "coordinates": [ 811306.710196316125803, 6849417.730672411620617 ] } },
{ "type": "Feature", "properties": { "Art": "BRU", "bw_id": "VEC_BRU_144545", "name": "Brücke Laßnitz", "km": "144+545", "rwert": 383418.0, "hwert": 5791808, "bemerk": "Kunstwerk (Skulptur „Ligistbach“ von Hans Schabus) aus „Raumsichten“ als Verlängerung von „Kunstwegen“, einer 140 Kilometer langen Skulpturenroute entlang der Vechte", "beschreib": "Brücke Laßnitz als Kunstobjekt von Hans Schabus", "stat_von": 144545, "Artgeo": "p" }, "geometry": { "type": "Point", "coordinates": [ 811704.300152502721176, 6848053.239500268362463 ] } },
{ "type": "Feature", "properties": { "Art": "BRU", "bw_id": "VEC_BRU_79925", "name": "K 21 Brücke Echteler Straße, Emlichheimer Straße", "km": "79+925", "rwert": 350846.0, "hwert": 5830391, "bemerk": null, "beschreib": "K 21 Brücke Echteler Straße, Emlichheimer Straße", "stat_von": 79925, "Artgeo": "p" }, "geometry": { "type": "Point", "coordinates": [ 756692.728487896616571, 6909905.131243997253478 ] } },
{ "type": "Feature", "properties": { "Art": "BRU", "bw_id": "VEC_BRU_82525", "name": "Brücke Wildestraße Emlichheim", "km": "82+525", "rwert": 353139.0, "hwert": 5830121, "bemerk": null, "beschreib": "Brücke Wildestraße Emlichheim", "stat_von": 82525, "Artgeo": "p" }, "geometry": { "type": "Point", "coordinates": [ 760472.394343921216205, 6909575.027220916002989 ] } },
{ "type": "Feature", "properties": { "Art": "BRU", "bw_id": "VEC_BRU_84490", "name": "B 403 Emlicheim, Wilsumer Straße", "km": "84+490", "rwert": 354899.0, "hwert": 5830198, "bemerk": "Ist hier eine Grundstücksübertragung erforderlich?", "beschreib": "B 403 Emlicheim, Wilsumer Straße", "stat_von": 84490, "Artgeo": "p" }, "geometry": { "type": "Point", "coordinates": [ 763359.424292506068014, 6909788.472036680206656 ] } },
{ "type": "Feature", "properties": { "Art": "BRU", "bw_id": "VEC_BRU_85590", "name": "Rohrleitungsbrücke Unterhalb Mündung Entlastungskanal", "km": "85+590", "rwert": 355927.0, "hwert": 5830426, "bemerk": null, "beschreib": "Rohrleitungsbrücke Unterhalb Mündung Entlastungskanal", "stat_von": 85590, "Artgeo": "p" }, "geometry": { "type": "Point", "coordinates": [ 765036.918402678566054, 6910214.052181400358677 ] } },
{ "type": "Feature", "properties": { "Art": "BRU", "bw_id": "VEC_BRU_87765", "name": "Brücke Pappelweg Ringe (Blaue Brücke)", "km": "87+765", "rwert": 357501.0, "hwert": 5829442, "bemerk": "!!Vertag!! !!Akz!!", "beschreib": "Brücke Pappelweg Ringe (ehemalige \"Leinpfadbrücke\")", "stat_von": 87765, "Artgeo": "p" }, "geometry": { "type": "Point", "coordinates": [ 767669.647732626996003, 6908669.876757484860718 ] } },
{ "type": "Feature", "properties": { "Art": "BRU", "bw_id": "VEC_BRU_91290", "name": "K 14, Brücke Wilsumer Straße", "km": "91+290", "rwert": 359721.0, "hwert": 5827346, "bemerk": null, "beschreib": "Brücke K 14  Wilsumer Straße", "stat_von": 91290, "Artgeo": "p" }, "geometry": { "type": "Point", "coordinates": [ 771414.580654753837734, 6905325.394370034337044 ] } },
{ "type": "Feature", "properties": { "Art": "BRU", "bw_id": "VEC_BRU_92515", "name": "Brücke Bahnhofstraße (Hoogstede)", "km": "92+515", "rwert": 360718.0, "hwert": 5826725, "bemerk": null, "beschreib": "Brücke Bahnhofstraße (Hoogstede)", "stat_von": 92515, "Artgeo": "p" }, "geometry": { "type": "Point", "coordinates": [ 773080.432438363670371, 6904350.345094188116491 ] } },
{ "type": "Feature", "properties": { "Art": "BRU", "bw_id": "VEC_BRU_96890", "name": "Brücke Haftenkamper Straße (Esche)", "km": "96+890", "rwert": 361313.0, "hwert": 5823214, "bemerk": null, "beschreib": "Brücke Haftenkamper Straße (Esche)", "stat_von": 96890, "Artgeo": "p" }, "geometry": { "type": "Point", "coordinates": [ 774220.543079336523078, 6898602.456001568585634 ] } },
{ "type": "Feature", "properties": { "Art": "BRU", "bw_id": "VEC_BRU_98380", "name": "Rohrleitungsbrücke Brünas Heide", "km": "98+380", "rwert": 361170.0, "hwert": 5822090, "bemerk": null, "beschreib": "Rohrleitungsbrücke Brünas Heide in der Zuständigkeit von Erdgas Münster", "stat_von": 98380, "Artgeo": "p" }, "geometry": { "type": "Point", "coordinates": [ 774038.270922896219417, 6896747.635909636504948 ] } },
{ "type": "Feature", "properties": { "Art": "BRU", "bw_id": "VEC_BRU_99690", "name": "Brücke Binnenborger Straße", "km": "99+690", "rwert": 361048.0, "hwert": 5821179, "bemerk": null, "beschreib": "Horsings Brücke", "stat_von": 99690, "Artgeo": "p" }, "geometry": { "type": "Point", "coordinates": [ 773880.596101704868488, 6895244.332862359471619 ] } },
{ "type": "Feature", "properties": { "Art": "EIN", "bw_id": "VEC_EIN_139045", "name": "Einleitung, Nr.64, km 150+323, A31", "km": "139+045", "rwert": 380445.0, "hwert": 5795732, "bemerk": "B-027 (aktiv, real) , Einl.,Nr.64, km 150+323, A31", "beschreib": "Einleitung, Nr.64, km 150+323, A31", "stat_von": 139045, "Artgeo": "p" }, "geometry": { "type": "Point", "coordinates": [ 806702.198630252387375, 6854353.432035041972995 ] } },
{ "type": "Feature", "properties": { "Art": "EIN", "bw_id": "VEC_EIN_139840", "name": "Grabeneinmündung (rechts)", "km": "139+840", "rwert": 381057.0, "hwert": 5795242, "bemerk": "Einlauf und U_Pflicht prüfen", "beschreib": "Grabeneinmündung (rechts)", "stat_von": 139840, "Artgeo": "p" }, "geometry": { "type": "Point", "coordinates": [ 807720.045596854644828, 6853576.11624925583601 ] } },
{ "type": "Feature", "properties": { "Art": "EIN", "bw_id": "VEC_EIN_139860", "name": "Einmündung Junkergraben", "km": "139+860", "rwert": 381035.0, "hwert": 5795210, "bemerk": "Sohllage ermitteln (Siehe auch Wasserstand bei Aufnahmedatum)", "beschreib": "Einmündung Junkergraben", "stat_von": 139860, "Artgeo": "p" }, "geometry": { "type": "Point", "coordinates": [ 807685.410163482301868, 6853522.909221638925374 ] } },
{ "type": "Feature", "properties": { "Art": "EIN", "bw_id": "VEC_EIN_141175", "name": "Einmündung Hespinkgraben", "km": "141+175", "rwert": 381953.0, "hwert": 5794459, "bemerk": "Einlauf und U_Pflicht prüfen", "beschreib": "Einmündung Hespinkgraben", "stat_von": 141175, "Artgeo": "p" }, "geometry": { "type": "Point", "coordinates": [ 809212.433512089774013, 6852330.675995089113712 ] } },
{ "type": "Feature", "properties": { "Art": "EIN", "bw_id": "VEC_EIN_141540", "name": "Grabeneinmündung (Rohrdurchlass mit Schütz)", "km": "141+540", "rwert": 382124.0, "hwert": 5794133, "bemerk": "Einlauf und U_Pflicht prüfen", "beschreib": "Grabeneinmündung (Rohrdurchlass mit Schütz)", "stat_von": 141540, "Artgeo": "p" }, "geometry": { "type": "Point", "coordinates": [ 809504.075057265930809, 6851804.234013423323631 ] } },
{ "type": "Feature", "properties": { "Art": "EIN", "bw_id": "VEC_EIN_141700", "name": "Grabeneinmündung", "km": "141+700", "rwert": 382253.0, "hwert": 5794036, "bemerk": "U-Pflicht prüfen", "beschreib": "Grabeneinmündung", "stat_von": 141700, "Artgeo": "p" }, "geometry": { "type": "Point", "coordinates": [ 809718.268919223803096, 6851650.644170885905623 ] } },
{ "type": "Feature", "properties": { "Art": "EIN", "bw_id": "VEC_EIN_142135", "name": "Einmündung Graben (Kastendurchlass)", "km": "142+135", "rwert": 382467.0, "hwert": 5793699, "bemerk": "U_Pflicht prüfen, der Kastendurchlass ist abgängig und hinterspült, sollte entfernt werden", "beschreib": "Einmündung Graben (Kastendurchlass)", "stat_von": 142135, "Artgeo": "p" }, "geometry": { "type": "Point", "coordinates": [ 810080.414333374705166, 6851107.913679422810674 ] } },
{ "type": "Feature", "properties": { "Art": "EIN", "bw_id": "VEC_EIN_142340", "name": "Einmündung Schneemanngraben", "km": "142+340", "rwert": 382575.0, "hwert": 5793525, "bemerk": "keine Querungsmöglichkeit", "beschreib": "Einmündung Schneemanngraben", "stat_von": 142340, "Artgeo": "p" }, "geometry": { "type": "Point", "coordinates": [ 810263.312910021748394, 6850827.601475635543466 ] } },
{ "type": "Feature", "properties": { "Art": "EIN", "bw_id": "VEC_EIN_143015", "name": "Rohreinlauf links (über MW)", "km": "143+015", "rwert": 382721.0, "hwert": 5792955, "bemerk": "Einlauf und U_Pflicht prüfen", "beschreib": "Rohreinlauf links (über MW)", "stat_von": 143015, "Artgeo": "p" }, "geometry": { "type": "Point", "coordinates": [ 810523.504677151329815, 6849901.317940325476229 ] } },
{ "type": "Feature", "properties": { "Art": "EIN", "bw_id": "VEC_EIN_143085", "name": "Einmündung Ohner Becke", "km": "143+085", "rwert": 382770.0, "hwert": 5792901, "bemerk": "Einlauf prüfen", "beschreib": "Einmündung Ohner Becke", "stat_von": 143085, "Artgeo": "p" }, "geometry": { "type": "Point", "coordinates": [ 810605.503299834439531, 6849814.934150119312108 ] } },
{ "type": "Feature", "properties": { "Art": "EIN", "bw_id": "VEC_EIN_143190", "name": "Rohreinlauf", "km": "143+190", "rwert": 382853.0, "hwert": 5792842, "bemerk": "!!U-Pflicht ??!!", "beschreib": "Rohreinlauf", "stat_von": 143190, "Artgeo": "p" }, "geometry": { "type": "Point", "coordinates": [ 810743.139541550655849, 6849721.694097308441997 ] } },
{ "type": "Feature", "properties": { "Art": "EIN", "bw_id": "VEC_EIN_100110", "name": "Einmündung Graben", "km": "100+110", "rwert": 361024.0, "hwert": 5820788, "bemerk": null, "beschreib": "Grabeneinmündung über Rohrdurchlass (Nr. 136 (Diekel) ; Länge der Haltung : 5,20 m)", "stat_von": 100110, "Artgeo": "p" }, "geometry": { "type": "Point", "coordinates": [ 773859.440106451627798, 6894600.525363377295434 ] } },
{ "type": "Feature", "properties": { "Art": "EIN", "bw_id": "VEC_EIN_100225", "name": "Einmündung Wolsterbach", "km": "100+225", "rwert": 361014.0, "hwert": 5820664, "bemerk": null, "beschreib": "Einmündung Wolsterbach über Kastendurchlass (Nr. 137 (Diekel) ; Länge der Haltung : 5,20 m)", "stat_von": 100225, "Artgeo": "p" }, "geometry": { "type": "Point", "coordinates": [ 773848.814954113331623, 6894396.250380826182663 ] } },
{ "type": "Feature", "properties": { "Art": "EIN", "bw_id": "VEC_EIN_100355", "name": "Einmündung Graben", "km": "100+355", "rwert": 361112.0, "hwert": 5820564, "bemerk": null, "beschreib": "Grabeneinmündung über Rohrdurchlass (Nr. 139 (Diekel) ; Länge der Haltung : 5,00 m)", "stat_von": 100355, "Artgeo": "p" }, "geometry": { "type": "Point", "coordinates": [ 774014.136457957676612, 6894236.462226882576942 ] } },
{ "type": "Feature", "properties": { "Art": "EIN", "bw_id": "VEC_EIN_100840", "name": "Einmündung Vechte-Altarm Kalle", "km": "100+840", "rwert": 361352.0, "hwert": 5820180, "bemerk": null, "beschreib": "Einmündung Vechte-Altarm über Kastendurchlass (Nr. 140 (Diekel) ; Länge der Haltung : 5,40 m). Der Altarm ist als Biotop (GB-NOH 3407/028) geschützt.", "stat_von": 100840, "Artgeo": "p" }, "geometry": { "type": "Point", "coordinates": [ 774425.433511210256256, 6893616.533236199058592 ] } },
{ "type": "Feature", "properties": { "Art": "EIN", "bw_id": "VEC_EIN_101355", "name": "Einmündung Graben", "km": "101+355", "rwert": 361528.0, "hwert": 5819711, "bemerk": null, "beschreib": "Grabeneinmünung über Rohrdurchlass (Nr. 142 (Diekel) ; Länge der Haltung : 5,20 m)", "stat_von": 101355, "Artgeo": "p" }, "geometry": { "type": "Point", "coordinates": [ 774735.695044807740487, 6892853.976099925115705 ] } },
{ "type": "Feature", "properties": { "Art": "EIN", "bw_id": "VEC_EIN_101700", "name": "Einmündung Dinkel", "km": "101+700", "rwert": 361735.0, "hwert": 5819438, "bemerk": null, "beschreib": "Einmündung Dinkel", "stat_von": 101700, "Artgeo": "p" }, "geometry": { "type": "Point", "coordinates": [ 775087.640332302078605, 6892414.977398917078972 ] } },
{ "type": "Feature", "properties": { "Art": "EIN", "bw_id": "VEC_EIN_101845", "name": "Auslauf Umgehungsgerinne", "km": "101+845", "rwert": 361880.0, "hwert": 5819421, "bemerk": null, "beschreib": "Auslauf Umgehungsgerinne", "stat_von": 101845, "Artgeo": "p" }, "geometry": { "type": "Point", "coordinates": [ 775326.097607208997943, 6892393.76417987793684 ] } },
{ "type": "Feature", "properties": { "Art": "EIN", "bw_id": "VEC_EIN_101885", "name": "Einleitung KA Neuenhaus", "km": "101+885", "rwert": 361989.0, "hwert": 5819381, "bemerk": "B-001 (aktiv, real), Einleitung in OG - KKA Neuenh", "beschreib": "Einleitung KA Neuenhaus", "stat_von": 101885, "Artgeo": "p" }, "geometry": { "type": "Point", "coordinates": [ 775506.607905360637233, 6892333.084082331508398 ] } },
{ "type": "Feature", "properties": { "Art": "EIN", "bw_id": "VEC_EIN_101930", "name": "Einlauf Umgehungsgerinne", "km": "101+930", "rwert": 361963.0, "hwert": 5819413, "bemerk": null, "beschreib": "Einlauf Umgehungsgerinne", "stat_von": 101930, "Artgeo": "p" }, "geometry": { "type": "Point", "coordinates": [ 775462.513378567993641, 6892384.462703510187566 ] } },
{ "type": "Feature", "properties": { "Art": "EIN", "bw_id": "VEC_EIN_102500", "name": "Grabeneinlauf", "km": "102+500", "rwert": 362458.0, "hwert": 5819593, "bemerk": null, "beschreib": "Grabeneinlauf über Rohrdurchlass (Nr. 151 (Diekel) ; Länge der Haltung : 7,80 m)", "stat_von": 102500, "Artgeo": "p" }, "geometry": { "type": "Point", "coordinates": [ 776265.591831754427403, 6892703.124769343063235 ] } },
{ "type": "Feature", "properties": { "Art": "EIN", "bw_id": "VEC_EIN_103135", "name": "Einmündung van Beesten Graben", "km": "103+135", "rwert": 363014.0, "hwert": 5819531, "bemerk": null, "beschreib": "Einmündung van Beesten Graben über Rohrdurchlass (Nr. 155 (Diekel) ; Länge der Haltung : 5,20 m)", "stat_von": 103135, "Artgeo": "p" }, "geometry": { "type": "Point", "coordinates": [ 777179.82295557053294, 6892626.843529488891363 ] } },
{ "type": "Feature", "properties": { "Art": "EIN", "bw_id": "VEC_EIN_103350", "name": "Einmündung Molkereigraben", "km": "103+350", "rwert": 363145.0, "hwert": 5819389, "bemerk": "Kasten- oder Rohrdurchlass??", "beschreib": "Einmündung Molkereigraben über Kastendurchlass (Nr. 156 (Diekel) ; Länge der Haltung : 5,20 m)", "stat_von": 103350, "Artgeo": "p" }, "geometry": { "type": "Point", "coordinates": [ 777401.057613370823674, 6892399.519315245561302 ] } },
{ "type": "Feature", "properties": { "Art": "EIN", "bw_id": "VEC_EIN_103575", "name": "Altarmanbindung", "km": "103+575", "rwert": 363161.0, "hwert": 5819145, "bemerk": null, "beschreib": "Altarmanbindung über Kastendurchlass (Nr. 157 (Diekel) ; Länge der Haltung : 5,00 m)", "stat_von": 103575, "Artgeo": "p" }, "geometry": { "type": "Point", "coordinates": [ 777438.454591654939577, 6891999.317058311775327 ] } },
{ "type": "Feature", "properties": { "Art": "EIN", "bw_id": "VEC_EIN_103645", "name": "Altarmanbindung", "km": "103+645", "rwert": 363179.0, "hwert": 5819073, "bemerk": null, "beschreib": "Altarmanbindung über Rohrdurchlass (Nr. 158 (Diekel) ; Länge der Haltung : 8,00 m)", "stat_von": 103645, "Artgeo": "p" }, "geometry": { "type": "Point", "coordinates": [ 777471.25311062426772, 6891881.83765815384686 ] } },
{ "type": "Feature", "properties": { "Art": "EIN", "bw_id": "VEC_EIN_103895", "name": "Altarmanbindung", "km": "103+895", "rwert": 363306.0, "hwert": 5818852, "bemerk": null, "beschreib": "Altarmanbindung über Kastendurchlass (Nr. 159 (Diekel) ; Länge der Haltung : 8,00 m)", "stat_von": 103895, "Artgeo": "p" }, "geometry": { "type": "Point", "coordinates": [ 777689.515205183532089, 6891524.540618138387799 ] } },
{ "type": "Feature", "properties": { "Art": "EIN", "bw_id": "VEC_EIN_104215", "name": "Einmündung Scholtengraben (über Altarm)", "km": "104+215", "rwert": 363521.0, "hwert": 5818624, "bemerk": null, "beschreib": "Einmündung Scholtengraben (über Altarm) über Rohrdurchlass (Nr. 160 (Diekel) ; Länge der Haltung : 8,00 m)", "stat_von": 104215, "Artgeo": "p" }, "geometry": { "type": "Point", "coordinates": [ 778052.299266021698713, 6891159.780477311462164 ] } },
{ "type": "Feature", "properties": { "Art": "EIN", "bw_id": "VEC_EIN_104700", "name": "Einmündung Hochwasserentlaster", "km": "104+700", "rwert": 363823.0, "hwert": 5818256, "bemerk": null, "beschreib": "Einmündung Hochwasserentlaster über Kastendurchlass (Nr. 162 (Diekel) ; Länge der Haltung : 8,30 m)", "stat_von": 104700, "Artgeo": "p" }, "geometry": { "type": "Point", "coordinates": [ 778564.002778288326226, 6890568.98895984981209 ] } },
{ "type": "Feature", "properties": { "Art": "EIN", "bw_id": "VEC_EIN_104810", "name": "Altarmanbindung", "km": "104+810", "rwert": 363789.0, "hwert": 5818147, "bemerk": null, "beschreib": "Altarmanbindung über Rohrdurchlass (Nr. 163 (Diekel) ; Länge der Haltung 7,70 m)", "stat_von": 104810, "Artgeo": "p" }, "geometry": { "type": "Point", "coordinates": [ 778513.249268529121764, 6890388.366683042608202 ] } },
{ "type": "Feature", "properties": { "Art": "EIN", "bw_id": "VEC_EIN_105255", "name": "Einmündung Pottgraben", "km": "105+255", "rwert": 364105.0, "hwert": 5817844, "bemerk": null, "beschreib": "Einmündung Pottgraben über Rohrdurchlass (Nr. 165 (Diekel) ; Länge der Haltung : 7,70 m)", "stat_von": 105255, "Artgeo": "p" }, "geometry": { "type": "Point", "coordinates": [ 779044.857080549700186, 6889905.015230447053909 ] } },
{ "type": "Feature", "properties": { "Art": "EIN", "bw_id": "VEC_EIN_105710", "name": "Einmündung Hargers Hofgraben", "km": "105+710", "rwert": 364283.0, "hwert": 5817431, "bemerk": null, "beschreib": "Einmündung Hargers Hofgraben über Rohrdurchlass (Nr. 166 (Diekel) ; Länge der Haltung : 10,20 m)", "stat_von": 105710, "Artgeo": "p" }, "geometry": { "type": "Point", "coordinates": [ 779355.272390118450858, 6889234.695394160225987 ] } },
{ "type": "Feature", "properties": { "Art": "EIN", "bw_id": "VEC_EIN_105890", "name": "Einmündung Boerwinkelgraben", "km": "105+890", "rwert": 364413.0, "hwert": 5817299, "bemerk": null, "beschreib": "Einmündung Boerwinkelgraben über Kastendurchlass (Nr. 167 (Diekel) ; Länge der Haltung : 5,20 m)", "stat_von": 105890, "Artgeo": "p" }, "geometry": { "type": "Point", "coordinates": [ 779574.260329000768252, 6889023.783993542194366 ] } },
{ "type": "Feature", "properties": { "Art": "EIN", "bw_id": "VEC_EIN_106335", "name": "Einmündung Frensdorfer Bruchgraben", "km": "106+335", "rwert": 364708.0, "hwert": 5816979, "bemerk": null, "beschreib": "Einmündung Frensdorfer Bruchgraben über Kastendurchlass (Nr. 170 (Holzmann) ; Länge der Haltung : ??; )", "stat_von": 106335, "Artgeo": "p" }, "geometry": { "type": "Point", "coordinates": [ 780072.077097553759813, 6888511.567542017437518 ] } },
{ "type": "Feature", "properties": { "Art": "EIN", "bw_id": "VEC_EIN_106340", "name": "Auslauf Borstenfischpass Wehr Grasdorf", "km": "106+340", "rwert": 364716.0, "hwert": 5816978, "bemerk": null, "beschreib": "Auslauf Borstenfischpass Wehr Grasdorf", "stat_von": 106340, "Artgeo": "p" }, "geometry": { "type": "Point", "coordinates": [ 780085.229222388239577, 6888510.287666228599846 ] } },
{ "type": "Feature", "properties": { "Art": "EIN", "bw_id": "VEC_EIN_106380", "name": "Einlauf Borstenfischpass Wehr Grasdorf", "km": "106+380", "rwert": 364729.0, "hwert": 5816937, "bemerk": null, "beschreib": "Einlauf Borstenfischpass Wehr Grasdorf", "stat_von": 106380, "Artgeo": "p" }, "geometry": { "type": "Point", "coordinates": [ 780108.381313338293694, 6888443.536272369325161 ] } },
{ "type": "Feature", "properties": { "Art": "EIN", "bw_id": "VEC_EIN_106525", "name": "Altarmanbindung (Nr. 29, Am Wehr Grasdorf)", "km": "106+525", "rwert": 364819.0, "hwert": 5816811, "bemerk": null, "beschreib": "Altarmanbindung (Nr. 29, Am Wehr Grasdorf) über Kastendurchlass (Nr. 174 (Holzmann) ; Länge der Haltung : 5,30 m)", "stat_von": 106525, "Artgeo": "p" }, "geometry": { "type": "Point", "coordinates": [ 780261.524632835760713, 6888240.667612539604306 ] } },
{ "type": "Feature", "properties": { "Art": "EIN", "bw_id": "VEC_EIN_107380", "name": "Einlauf Mühlengraben", "km": "107+380", "rwert": 365248.0, "hwert": 5816202, "bemerk": null, "beschreib": "Einlauf Mühlengraben über Kastendurchlass (Nr. 176 (Holzmann) ; Länge der Haltung 10,40 m)", "stat_von": 107380, "Artgeo": "p" }, "geometry": { "type": "Point", "coordinates": [ 780991.779437802615575, 6887259.893650598824024 ] } },
{ "type": "Feature", "properties": { "Art": "EIN", "bw_id": "VEC_EIN_107520", "name": "Altarmanbindung", "km": "107+520", "rwert": 365169.0, "hwert": 5816076, "bemerk": null, "beschreib": "Altarmanbindung (Nr. 31, Strötker) über Kastendurchlass (Nr. 177 (Holzmann) ; Länge der Haltung : 5,00 m)", "stat_von": 107520, "Artgeo": "p" }, "geometry": { "type": "Point", "coordinates": [ 780868.042901296401396, 6887049.41168858576566 ] } },
{ "type": "Feature", "properties": { "Art": "EIN", "bw_id": "VEC_EIN_109800", "name": "Einmündung Klostergraben", "km": "109+800", "rwert": 366137.0, "hwert": 5814556, "bemerk": "Einlauf und U_Pflicht prüfen", "beschreib": "Einmündung Klostergraben", "stat_von": 109800, "Artgeo": "p" }, "geometry": { "type": "Point", "coordinates": [ 782521.647247356711887, 6884597.210155148990452 ] } },
{ "type": "Feature", "properties": { "Art": "EIN", "bw_id": "VEC_EIN_110140", "name": "Altarmanbindung (Nr.34)", "km": "110+140", "rwert": 366481.0, "hwert": 5814607, "bemerk": null, "beschreib": "Altarmanbindung (Nr.34) über Kastendurchlass (Nr. 190 (Holzmann) ; Länge der Haltung : 5,30 m)", "stat_von": 110140, "Artgeo": "p" }, "geometry": { "type": "Point", "coordinates": [ 783082.707182432990521, 6884696.324856200255454 ] } },
{ "type": "Feature", "properties": { "Art": "EIN", "bw_id": "VEC_EIN_110915", "name": "Rohreinlauf Brückenentwässerung", "km": "110+915", "rwert": 366944.0, "hwert": 5814084, "bemerk": "Flurstücke ergänzen", "beschreib": "Rohreinlauf Brückenentwässerung", "stat_von": 110915, "Artgeo": "p" }, "geometry": { "type": "Point", "coordinates": [ 783864.14917766477447, 6883858.39798647724092 ] } },
{ "type": "Feature", "properties": { "Art": "EIN", "bw_id": "VEC_EIN_111085", "name": "Altarmanbindung (Nr. 35)", "km": "111+085", "rwert": 367124.0, "hwert": 5813995, "bemerk": null, "beschreib": "Kastendurchlass Altarmanbindung Nr. 35 (Nr. 193 (Holzmann) ; Länge der Haltung : 7,30 m) mit Wasserrecht für Überleitung von Wasser aus dem Ems-Vechte-Kanal in die Vechte)", "stat_von": 111085, "Artgeo": "p" }, "geometry": { "type": "Point", "coordinates": [ 784162.837029609479941, 6883720.307190447114408 ] } },
{ "type": "Feature", "properties": { "Art": "EIN", "bw_id": "VEC_EIN_112670", "name": "??Einlaufbauwerk??", "km": "112+670", "rwert": 367131.0, "hwert": 5812507, "bemerk": "Einlauf u Pflicht prüfen", "beschreib": "??Einlaufbauwerk??", "stat_von": 112670, "Artgeo": "p" }, "geometry": { "type": "Point", "coordinates": [ 784240.241316272644326, 6881278.397295156493783 ] } },
{ "type": "Feature", "properties": { "Art": "EIN", "bw_id": "VEC_EIN_112795", "name": "Einleitung  KA Nordhorn", "km": "112+795", "rwert": 367158.0, "hwert": 5812382, "bemerk": "Einlauf prüfen, B-001 (aktiv, real) , Einleitung i", "beschreib": "Einleitungsstelle der Kläranlage Nordhorn", "stat_von": 112795, "Artgeo": "p" }, "geometry": { "type": "Point", "coordinates": [ 784289.974524550721981, 6881074.469918852671981 ] } },
{ "type": "Feature", "properties": { "Art": "EIN", "bw_id": "VEC_EIN_113435", "name": "Rohrauslass??", "km": "113+435", "rwert": 367651.0, "hwert": 5812098, "bemerk": "Einlauf u Pflicht prüfen", "beschreib": "Rohrauslass??", "stat_von": 113435, "Artgeo": "p" }, "geometry": { "type": "Point", "coordinates": [ 785109.494713755208068, 6880630.28645343054086 ] } },
{ "type": "Feature", "properties": { "Art": "EIN", "bw_id": "VEC_EIN_113735", "name": "Rohrauslass??", "km": "113+735", "rwert": 367755.0, "hwert": 5811827, "bemerk": "Einlauf u Pflicht prüfen", "beschreib": "Rohrauslass??", "stat_von": 113735, "Artgeo": "p" }, "geometry": { "type": "Point", "coordinates": [ 785291.66815927636344, 6880190.209937850013375 ] } },
{ "type": "Feature", "properties": { "Art": "EIN", "bw_id": "VEC_EIN_113750", "name": "Einleitung Regenüberlaufbecken (Mischwasserkanalisation)", "km": "113+750", "rwert": 367744.0, "hwert": 5811803, "bemerk": null, "beschreib": "Einleitung Regenüberlaufbecken (Mischwasserkanalisation)", "stat_von": 113750, "Artgeo": "p" }, "geometry": { "type": "Point", "coordinates": [ 785274.722120999358594, 6880150.34430792555213 ] } },
{ "type": "Feature", "properties": { "Art": "EIN", "bw_id": "VEC_EIN_114015", "name": "Einmündung Kornmühlenarm", "km": "114+015", "rwert": 367975.0, "hwert": 5811666, "bemerk": null, "beschreib": "Einmündung Kornmühlenarm", "stat_von": 114015, "Artgeo": "p" }, "geometry": { "type": "Point", "coordinates": [ 785658.83130130765494, 6879935.754238708876073 ] } },
{ "type": "Feature", "properties": { "Art": "EIN", "bw_id": "VEC_EIN_114070", "name": "Einleitung, C1, Rawe GmbH, Nordhorn", "km": "114+070", "rwert": 368028.0, "hwert": 5811646, "bemerk": "abgelaufen??, B-001 (aktiv, real), OW-Einl. C1, Ra", "beschreib": "Einleitung, C1, Rawe GmbH, Nordhorn", "stat_von": 114070, "Artgeo": "p" }, "geometry": { "type": "Point", "coordinates": [ 785746.454571516136639, 6879905.276140492409468 ] } },
{ "type": "Feature", "properties": { "Art": "EIN", "bw_id": "VEC_EIN_114205", "name": "Einleitung, C2, Rawe GmbH, Nordhorn", "km": "114+205", "rwert": 368157.0, "hwert": 5811611, "bemerk": "abgelaufen??, B-002 (aktiv, real), OW-Einl. C2, Ra", "beschreib": "Einleitung, C2, Rawe GmbH, Nordhorn", "stat_von": 114205, "Artgeo": "p" }, "geometry": { "type": "Point", "coordinates": [ 785959.122575104702264, 6879853.534324747510254 ] } },
{ "type": "Feature", "properties": { "Art": "EIN", "bw_id": "VEC_EIN_114340", "name": "Rohreinlauf (WWZ)", "km": "114+340", "rwert": 368290.0, "hwert": 5811613, "bemerk": null, "beschreib": "Rohreinlauf (WWZ)", "stat_von": 114340, "Artgeo": "p" }, "geometry": { "type": "Point", "coordinates": [ 786176.710528907016851, 6879862.67109642457217 ] } },
{ "type": "Feature", "properties": { "Art": "EIN", "bw_id": "VEC_EIN_114385", "name": "Einleitung, C3, Rawe GmbH, Nordhorn", "km": "114+385", "rwert": 368326.0, "hwert": 5811584, "bemerk": "abgelaufen??, B-003 (aktiv, real), OW-Einl. C3, Ra", "beschreib": "Einleitung, C3, Rawe GmbH, Nordhorn", "stat_von": 114385, "Artgeo": "p" }, "geometry": { "type": "Point", "coordinates": [ 786236.902894348837435, 6879816.67301042471081 ] } },
{ "type": "Feature", "properties": { "Art": "EIN", "bw_id": "VEC_EIN_114420", "name": "Einleitung, C4, Rawe GmbH, Nordhorn", "km": "114+420", "rwert": 368355.0, "hwert": 5811562, "bemerk": "abgelaufen??, B-004 (aktiv, real), OW-Einl. C4, Ra", "beschreib": "Einleitung, C4, Rawe GmbH, Nordhorn", "stat_von": 114420, "Artgeo": "p" }, "geometry": { "type": "Point", "coordinates": [ 786285.330980085302144, 6879781.852086934261024 ] } },
{ "type": "Feature", "properties": { "Art": "EIN", "bw_id": "VEC_EIN_114465", "name": "Einleitung, C5, Rawe GmbH, Nordhorn", "km": "114+465", "rwert": 368384.0, "hwert": 5811531, "bemerk": "abgelaufen??, B-005 (aktiv, real), OW-Einl. C5, Ra", "beschreib": "Einleitung, C5, Rawe GmbH, Nordhorn", "stat_von": 114465, "Artgeo": "p" }, "geometry": { "type": "Point", "coordinates": [ 786334.153383787721395, 6879732.264376952312887 ] } },
{ "type": "Feature", "properties": { "Art": "EIN", "bw_id": "VEC_EIN_114465", "name": "Einleitung, C6, Rawe GmbH, Nordhorn", "km": "114+465", "rwert": 368430.0, "hwert": 5811469, "bemerk": "abgelaufen??, B-006 (aktiv, real), OW-Einl. C6, Ra", "beschreib": "Einleitung, C6, Rawe GmbH, Nordhorn", "stat_von": 114465, "Artgeo": "p" }, "geometry": { "type": "Point", "coordinates": [ 786412.156980596948415, 6879632.561543595045805 ] } },
{ "type": "Feature", "properties": { "Art": "EIN", "bw_id": "VEC_EIN_114590", "name": "Einleitung, C7, Rawe GmbH, Nordhorn", "km": "114+590", "rwert": 368458.0, "hwert": 5811428, "bemerk": "abgelaufen??, B-007 (aktiv, real), OW-Einl. C7, Ra", "beschreib": "Einleitung, C7, Rawe GmbH, Nordhorn", "stat_von": 114590, "Artgeo": "p" }, "geometry": { "type": "Point", "coordinates": [ 786459.779414004413411, 6879566.522954756394029 ] } },
{ "type": "Feature", "properties": { "Art": "EIN", "bw_id": "VEC_EIN_114605", "name": "Einleitung, C8, Rawe GmbH, Nordhorn", "km": "114+605", "rwert": 368458.0, "hwert": 5811408, "bemerk": "abgelaufen??, B-008 (aktiv, real), OW-Einl. C8, Ra", "beschreib": "Einleitung, C8, Rawe GmbH, Nordhorn", "stat_von": 114605, "Artgeo": "p" }, "geometry": { "type": "Point", "coordinates": [ 786460.65605423192028, 6879533.708950769156218 ] } },
{ "type": "Feature", "properties": { "Art": "EIN", "bw_id": "VEC_EIN_114680", "name": "Einleitung, C9, Rawe GmbH, Nordhorn", "km": "114+680", "rwert": 368527.0, "hwert": 5811385, "bemerk": "abgelaufen??, B-009 (aktiv, real), OW-Einl. C9, Ra", "beschreib": "Einleitung, C9, Rawe GmbH, Nordhorn", "stat_von": 114680, "Artgeo": "p" }, "geometry": { "type": "Point", "coordinates": [ 786574.588941723108292, 6879499.004148175939918 ] } },
{ "type": "Feature", "properties": { "Art": "EIN", "bw_id": "VEC_EIN_114730", "name": "Einleitung, C10, Rawe GmbH, Nordhorn", "km": "114+730", "rwert": 368577.0, "hwert": 5811383, "bemerk": "abgelaufen??, B-010 (aktiv, real), OW-Einl. C10, R", "beschreib": "Einleitung, C10, Rawe GmbH, Nordhorn", "stat_von": 114730, "Artgeo": "p" }, "geometry": { "type": "Point", "coordinates": [ 786656.506131938891485, 6879497.918249959126115 ] } },
{ "type": "Feature", "properties": { "Art": "EIN", "bw_id": "VEC_EIN_114770", "name": "Auslauf Borstenfischpass Ölmühlenwehr", "km": "114+770", "rwert": 368614.0, "hwert": 5811358, "bemerk": null, "beschreib": "Auslauf Borstenfischpass Ölmühlenwehr", "stat_von": 114770, "Artgeo": "p" }, "geometry": { "type": "Point", "coordinates": [ 786718.154529709252529, 6879458.525169458240271 ] } },
{ "type": "Feature", "properties": { "Art": "EIN", "bw_id": "VEC_EIN_114830", "name": "Einlauf Borstenfischpass", "km": "114+830", "rwert": 368682.0, "hwert": 5811349, "bemerk": null, "beschreib": "Einlauf Borstenfischpass", "stat_von": 114830, "Artgeo": "p" }, "geometry": { "type": "Point", "coordinates": [ 786829.836139741935767, 6879446.74265497084707 ] } },
{ "type": "Feature", "properties": { "Art": "EIN", "bw_id": "VEC_EIN_114835", "name": "Einmündung Verbindungsarm", "km": "114+835", "rwert": 368680.0, "hwert": 5811366, "bemerk": null, "beschreib": "Einmündung Verbindungsarm", "stat_von": 114835, "Artgeo": "p" }, "geometry": { "type": "Point", "coordinates": [ 786825.819107867428102, 6879474.546572720631957 ] } },
{ "type": "Feature", "properties": { "Art": "EIN", "bw_id": "VEC_EIN_114960", "name": "Einleitung, C11, Rawe GmbH, Nordhorn", "km": "114+960", "rwert": 368701.0, "hwert": 5811488, "bemerk": "abgelaufen??, B-011 (aktiv, real) , KÃ¼hl-/Prozess", "beschreib": "Einleitung, C11, Rawe GmbH, Nordhorn", "stat_von": 114960, "Artgeo": "p" }, "geometry": { "type": "Point", "coordinates": [ 786854.849803991266526, 6879675.634171343408525 ] } },
{ "type": "Feature", "properties": { "Art": "EIN", "bw_id": "VEC_EIN_115530", "name": "Abzweig Kornmühlenarm", "km": "115+530", "rwert": 369085.0, "hwert": 5811129, "bemerk": null, "beschreib": "Abzweig Kornmühlenarm", "stat_von": 115530, "Artgeo": "p" }, "geometry": { "type": "Point", "coordinates": [ 787498.977299390127882, 6879103.449232516810298 ] } },
{ "type": "Feature", "properties": { "Art": "EIN", "bw_id": "VEC_EIN_115540", "name": "Einmündung Hafen??", "km": "115+540", "rwert": 369084.0, "hwert": 5811108, "bemerk": null, "beschreib": "Einmündung Hafen??", "stat_von": 115540, "Artgeo": "p" }, "geometry": { "type": "Point", "coordinates": [ 787498.256736478186212, 6879068.952584577724338 ] } },
{ "type": "Feature", "properties": { "Art": "EIN", "bw_id": "VEC_EIN_116850", "name": "Einmündung Möllergraben", "km": "116+850", "rwert": 369779.0, "hwert": 5810240, "bemerk": null, "beschreib": "Einmündung Möllergraben", "stat_von": 116850, "Artgeo": "p" }, "geometry": { "type": "Point", "coordinates": [ 788673.288473905529827, 6877675.321644087322056 ] } },
{ "type": "Feature", "properties": { "Art": "EIN", "bw_id": "VEC_EIN_116960", "name": "Einmündung Rigterinkgraben", "km": "116+960", "rwert": 369890.0, "hwert": 5810217, "bemerk": "Einlauf prüfen", "beschreib": "Einmündung Rigterinkgraben", "stat_von": 116960, "Artgeo": "p" }, "geometry": { "type": "Point", "coordinates": [ 788855.907783998176455, 6877642.417468557134271 ] } },
{ "type": "Feature", "properties": { "Art": "EIN", "bw_id": "VEC_EIN_118170", "name": "Kastendurchlass (Altarmanbindung (Nr. 39))", "km": "118+170", "rwert": 370500.0, "hwert": 5809401, "bemerk": "U-Pflicht prüfen", "beschreib": "Kastendurchlass (Altarmanbindung (Nr. 39))", "stat_von": 118170, "Artgeo": "p" }, "geometry": { "type": "Point", "coordinates": [ 789889.19813580380287, 6876330.437746560201049 ] } },
{ "type": "Feature", "properties": { "Art": "EIN", "bw_id": "VEC_EIN_118510", "name": "Einmündung Brandlechter Bruchgraben", "km": "118+510", "rwert": 370515.0, "hwert": 5809058, "bemerk": null, "beschreib": "Einmündung Brandlechter Bruchgraben", "stat_von": 118510, "Artgeo": "p" }, "geometry": { "type": "Point", "coordinates": [ 789928.520499673206359, 6875768.558423073031008 ] } },
{ "type": "Feature", "properties": { "Art": "EIN", "bw_id": "VEC_EIN_118580", "name": "Kastendurchlass (Altarmanbindung)", "km": "118+580", "rwert": 370576.0, "hwert": 5809012, "bemerk": "U_Pflicht prüfen", "beschreib": "Kastendurchlass (Altarmanbindung)", "stat_von": 118580, "Artgeo": "p" }, "geometry": { "type": "Point", "coordinates": [ 790030.289619311573915, 6875695.75504248123616 ] } },
{ "type": "Feature", "properties": { "Art": "EIN", "bw_id": "VEC_EIN_118840", "name": "Kastendurchlass (Altarmanbindung (Nr. 41))", "km": "118+840", "rwert": 370747.0, "hwert": 5808825, "bemerk": "U_Pflicht prüfen", "beschreib": "Kastendurchlass (Altarmanbindung (Nr. 41))", "stat_von": 118840, "Artgeo": "p" }, "geometry": { "type": "Point", "coordinates": [ 790318.063932664692402, 6875396.468317621387541 ] } },
{ "type": "Feature", "properties": { "Art": "EIN", "bw_id": "VEC_EIN_119045", "name": "Kastendurchlass (Altarmanbindung)", "km": "119+045", "rwert": 370912.0, "hwert": 5808699, "bemerk": "U_Pflicht prüfen", "beschreib": "Kastendurchlass (Altarmanbindung)", "stat_von": 119045, "Artgeo": "p" }, "geometry": { "type": "Point", "coordinates": [ 790593.382302925805561, 6875196.954181575216353 ] } },
{ "type": "Feature", "properties": { "Art": "EIN", "bw_id": "VEC_EIN_119985", "name": "Kastendurchlass Grabeneinlauf", "km": "119+985", "rwert": 371470.0, "hwert": 5807984, "bemerk": "U_Pflicht prüfen", "beschreib": "Kastendurchlass Grabeneinlauf", "stat_von": 119985, "Artgeo": "p" }, "geometry": { "type": "Point", "coordinates": [ 791536.710458631510846, 6874048.510179654695094 ] } },
{ "type": "Feature", "properties": { "Art": "EIN", "bw_id": "VEC_EIN_120070", "name": "Kastendurchlass (Einmündung \tSchultegrabe)", "km": "120+070", "rwert": 371442.0, "hwert": 5807896, "bemerk": "U_Pflicht prüfen", "beschreib": "Kastendurchlass (Einmündung \tSchultegrabe)", "stat_von": 120070, "Artgeo": "p" }, "geometry": { "type": "Point", "coordinates": [ 791494.678651320631616, 6873903.023773457854986 ] } },
{ "type": "Feature", "properties": { "Art": "EIN", "bw_id": "VEC_EIN_120505", "name": "Kastendurchlass (Brandlechter Graben)", "km": "120+505", "rwert": 371535.0, "hwert": 5807470, "bemerk": null, "beschreib": "Kastendurchlass (Brandlechter Graben)", "stat_von": 120505, "Artgeo": "p" }, "geometry": { "type": "Point", "coordinates": [ 791664.980833717854694, 6873208.568036772310734 ] } },
{ "type": "Feature", "properties": { "Art": "EIN", "bw_id": "VEC_EIN_120615", "name": "Kastendurchlass (Altarmanbindung (Nr. 43))", "km": "120+615", "rwert": 371646.0, "hwert": 5807422, "bemerk": "U_Pflicht prüfen", "beschreib": "Kastendurchlass (Altarmanbindung (Nr. 43))", "stat_von": 120615, "Artgeo": "p" }, "geometry": { "type": "Point", "coordinates": [ 791848.554653902770951, 6873134.625852552242577 ] } },
{ "type": "Feature", "properties": { "Art": "EIN", "bw_id": "VEC_EIN_120780", "name": "Kastendurchlass (Talgraben Links)", "km": "120+780", "rwert": 371810.0, "hwert": 5807404, "bemerk": null, "beschreib": "Kastendurchlass (Talgraben Links)", "stat_von": 120780, "Artgeo": "p" }, "geometry": { "type": "Point", "coordinates": [ 792117.519032565993257, 6873112.128675735555589 ] } },
{ "type": "Feature", "properties": { "Art": "EIN", "bw_id": "VEC_EIN_120980", "name": "Altarmanbindung??", "km": "120+980", "rwert": 372007.0, "hwert": 5807448, "bemerk": "Einlauf und U_Pflicht prüfen", "beschreib": "Altarmanbindung??", "stat_von": 120980, "Artgeo": "p" }, "geometry": { "type": "Point", "coordinates": [ 792437.809494049055502, 6873192.676985125057399 ] } },
{ "type": "Feature", "properties": { "Art": "EIN", "bw_id": "VEC_EIN_121450", "name": "Altarmanbindung", "km": "121+450", "rwert": 372383.0, "hwert": 5807339, "bemerk": "U_Pflicht prüfen", "beschreib": "Altarmanbindung", "stat_von": 121450, "Artgeo": "p" }, "geometry": { "type": "Point", "coordinates": [ 793057.333159901667386, 6873029.996473512612283 ] } },
{ "type": "Feature", "properties": { "Art": "EIN", "bw_id": "VEC_EIN_121540", "name": "Einlauf Altarm", "km": "121+540", "rwert": 372387.0, "hwert": 5807238, "bemerk": "Einlauf und U_Pflicht prüfen", "beschreib": "Einlauf Altarm", "stat_von": 121540, "Artgeo": "p" }, "geometry": { "type": "Point", "coordinates": [ 793068.16023325221613, 6872864.585082403384149 ] } },
{ "type": "Feature", "properties": { "Art": "EIN", "bw_id": "VEC_EIN_121565", "name": "Auslauf Borstenfischpass Wehr Brandlecht", "km": "121+565", "rwert": 372412.0, "hwert": 5807224, "bemerk": null, "beschreib": "Auslauf Borstenfischpass Wehr Brandlecht", "stat_von": 121565, "Artgeo": "p" }, "geometry": { "type": "Point", "coordinates": [ 793109.636713341227733, 6872842.696796210482717 ] } },
{ "type": "Feature", "properties": { "Art": "EIN", "bw_id": "VEC_EIN_121600", "name": "Einlauf Borstenfischpass Wehr Brandlecht", "km": "121+600", "rwert": 372431.0, "hwert": 5807191, "bemerk": null, "beschreib": "Einlauf Borstenfischpass Wehr Brandlecht", "stat_von": 121600, "Artgeo": "p" }, "geometry": { "type": "Point", "coordinates": [ 793142.107121345121413, 6872789.404748097062111 ] } },
{ "type": "Feature", "properties": { "Art": "EIN", "bw_id": "VEC_EIN_122585", "name": "Einlauf Hestruper Bach (Kastendurchlass mit Überfahrt)", "km": "122+585", "rwert": 373197.0, "hwert": 5806584, "bemerk": "Einlauf prüfen", "beschreib": "Einlauf Hestruper Bach (Kastendurchlass mit Überfahrt)", "stat_von": 122585, "Artgeo": "p" }, "geometry": { "type": "Point", "coordinates": [ 794420.331920243683271, 6871826.8203238947317 ] } },
{ "type": "Feature", "properties": { "Art": "EIN", "bw_id": "VEC_EIN_123005", "name": "Grabeneinmündung", "km": "123+005", "rwert": 373605.0, "hwert": 5806583, "bemerk": "Einlauf prüfen", "beschreib": "Grabeneinmündung", "stat_von": 123005, "Artgeo": "p" }, "geometry": { "type": "Point", "coordinates": [ 795087.497755195945501, 6871842.393188676796854 ] } },
{ "type": "Feature", "properties": { "Art": "EIN", "bw_id": "VEC_EIN_123045", "name": "Grabeneinmündung", "km": "123+045", "rwert": 373640.0, "hwert": 5806558, "bemerk": "Einlauf und U_Pflicht prüfen", "beschreib": "Grabeneinmündung", "stat_von": 123045, "Artgeo": "p" }, "geometry": { "type": "Point", "coordinates": [ 795145.776706672273576, 6871802.886845664121211 ] } },
{ "type": "Feature", "properties": { "Art": "EIN", "bw_id": "VEC_EIN_123050", "name": "Grabeneinmündung", "km": "123+050", "rwert": 373626.0, "hwert": 5806538, "bemerk": "Einlaufbauwerk abgängig", "beschreib": "Grabeneinmündung", "stat_von": 123050, "Artgeo": "p" }, "geometry": { "type": "Point", "coordinates": [ 795123.725360324257053, 6871769.51324609387666 ] } },
{ "type": "Feature", "properties": { "Art": "EIN", "bw_id": "VEC_EIN_124530", "name": "Einmündung Engdener Bach", "km": "124+530", "rwert": 374769.0, "hwert": 5805835, "bemerk": null, "beschreib": "Einmündung Engdener Bach", "stat_von": 124530, "Artgeo": "p" }, "geometry": { "type": "Point", "coordinates": [ 797021.913476356072351, 6870665.13449726998806 ] } },
{ "type": "Feature", "properties": { "Art": "EIN", "bw_id": "VEC_EIN_125620", "name": "Einmündung Isterberggraben", "km": "125+620", "rwert": 375636.0, "hwert": 5805323, "bemerk": "????Bauwerk nicht vorhanden, Vorflutverhältnisse verändert, Isterberggraben entwässert in den Talgraben????", "beschreib": "Einmündung Isterberggraben", "stat_von": 125620, "Artgeo": "p" }, "geometry": { "type": "Point", "coordinates": [ 798460.525149168213829, 6869862.045649475418031 ] } },
{ "type": "Feature", "properties": { "Art": "EIN", "bw_id": "VEC_EIN_127145", "name": "Einmündung Ahlder Bach", "km": "127+145", "rwert": 376770.0, "hwert": 5804536, "bemerk": null, "beschreib": "Einmündung Ahlder Bach", "stat_von": 127145, "Artgeo": "p" }, "geometry": { "type": "Point", "coordinates": [ 800346.542256268439814, 6868619.111083258874714 ] } },
{ "type": "Feature", "properties": { "Art": "EIN", "bw_id": "VEC_EIN_129225", "name": "Einmündung Großer Limbeckgraben", "km": "129+225", "rwert": 376924.0, "hwert": 5802626, "bemerk": null, "beschreib": "Einmündung Großer Limbeckgraben", "stat_von": 129225, "Artgeo": "p" }, "geometry": { "type": "Point", "coordinates": [ 800676.274317340808921, 6865496.281357239000499 ] } },
{ "type": "Feature", "properties": { "Art": "EIN", "bw_id": "VEC_EIN_129440", "name": "Einmündung Kleiner Limbeckgraben", "km": "129+440", "rwert": 376751.0, "hwert": 5802538, "bemerk": "Fehler in hydrographischer Karte (Dükerung??)", "beschreib": "Einmündung Kleiner Limbeckgraben", "stat_von": 129440, "Artgeo": "p" }, "geometry": { "type": "Point", "coordinates": [ 800397.21240078820847, 6865345.055019667372108 ] } },
{ "type": "Feature", "properties": { "Art": "EIN", "bw_id": "VEC_EIN_129445", "name": "Einmündung Kleiner Limbeckgraben", "km": "129+445", "rwert": 376752.0, "hwert": 5802561, "bemerk": "Einlauf und u pflicht prüfen, fehler in hydrographischer Karte (Dükerung??)", "beschreib": "Einmündung Kleiner Limbeckgraben", "stat_von": 129445, "Artgeo": "p" }, "geometry": { "type": "Point", "coordinates": [ 800397.90595129376743, 6865382.768862769007683 ] } },
{ "type": "Feature", "properties": { "Art": "EIN", "bw_id": "VEC_EIN_131035", "name": "Einmündung Laudiekgraben", "km": "131+035", "rwert": 376349.0, "hwert": 5801227, "bemerk": "Einlauf prüfen", "beschreib": "Einmündung Laudiekgraben", "stat_von": 131035, "Artgeo": "p" }, "geometry": { "type": "Point", "coordinates": [ 799794.163097148993984, 6863181.499422403983772 ] } },
{ "type": "Feature", "properties": { "Art": "EIN", "bw_id": "VEC_EIN_131260", "name": "Einmündung Langefortgraben", "km": "131+260", "rwert": 376272.0, "hwert": 5801015, "bemerk": "Einlauf prüfen", "beschreib": "Einmündung Langefortgraben", "stat_von": 131260, "Artgeo": "p" }, "geometry": { "type": "Point", "coordinates": [ 799677.085741706076078, 6862831.191194920800626 ] } },
{ "type": "Feature", "properties": { "Art": "EIN", "bw_id": "VEC_EIN_131265", "name": "Grabeneinmündung (Talgraben rechts)", "km": "131+265", "rwert": 376298.0, "hwert": 5801018, "bemerk": "U-Pflicht, Sohllage, DN prüfen, Bauwerk abgängig", "beschreib": "Grabeneinmündung (Talgraben rechts)", "stat_von": 131265, "Artgeo": "p" }, "geometry": { "type": "Point", "coordinates": [ 799719.429210551083088, 6862837.172273721545935 ] } },
{ "type": "Feature", "properties": { "Art": "EIN", "bw_id": "VEC_EIN_131540", "name": "Grabeneinmündung", "km": "131+540", "rwert": 376442.0, "hwert": 5800796, "bemerk": "Einlauf prüfen (Brückenentwässerung?)", "beschreib": "Grabeneinmündung", "stat_von": 131540, "Artgeo": "p" }, "geometry": { "type": "Point", "coordinates": [ 799963.719265533145517, 6862479.58446485362947 ] } },
{ "type": "Feature", "properties": { "Art": "EIN", "bw_id": "VEC_EIN_132065", "name": "Einmündung Wöbbelingsgraben", "km": "132+065", "rwert": 376803.0, "hwert": 5800424, "bemerk": "Einlauf prüfen", "beschreib": "Einmündung Wöbbelingsgraben", "stat_von": 132065, "Artgeo": "p" }, "geometry": { "type": "Point", "coordinates": [ 800568.512656550272368, 6861885.302095915190876 ] } },
{ "type": "Feature", "properties": { "Art": "EIN", "bw_id": "VEC_EIN_133250", "name": "Einmündung Schevegraben", "km": "133+250", "rwert": 377844.0, "hwert": 5799996, "bemerk": null, "beschreib": "Einmündung Schevegraben als freier Zulauf mit vorgelagerter Brücke über Kastendurchlass (evtl. zurückverlegte Rückstauklappe?)", "stat_von": 133250, "Artgeo": "p" }, "geometry": { "type": "Point", "coordinates": [ 802285.945846976130269, 6861227.000207888893783 ] } },
{ "type": "Feature", "properties": { "Art": "EIN", "bw_id": "VEC_EIN_133740", "name": "Grabeneinmündung", "km": "133+740", "rwert": 378156.0, "hwert": 5799679, "bemerk": "Einlauf und U_Pflicht prüfen", "beschreib": "Grabeneinmündung", "stat_von": 133740, "Artgeo": "p" }, "geometry": { "type": "Point", "coordinates": [ 802808.243762835860252, 6860720.685210216790438 ] } },
{ "type": "Feature", "properties": { "Art": "EIN", "bw_id": "VEC_EIN_134485", "name": "Auengewässer (Rohrdurchlass)", "km": "134+485", "rwert": 378719.0, "hwert": 5799273, "bemerk": "?? hier ist keine Böschungs-/Sohlsicherung mit eingebaut worden, gibt es eine Genehmigung ??", "beschreib": "Rohrdurchlass (PVC, DN 300) zum Auengewässer", "stat_von": 134485, "Artgeo": "p" }, "geometry": { "type": "Point", "coordinates": [ 803743.890595582895912, 6860078.797307408414781 ] } },
{ "type": "Feature", "properties": { "Art": "EIN", "bw_id": "VEC_EIN_134820", "name": "Einleitung  Kläranlage Schüttorf (Rohrdruchlass mit Rückstauklappe)", "km": "134+820", "rwert": 378735.0, "hwert": 5798972, "bemerk": "??Vertrag ergänzen?? ; ?? Pläne ??", "beschreib": "Einleitung  Kläranlage Schüttorf über Rohrdruchlass mit Rückstauklappe", "stat_von": 134820, "Artgeo": "p" }, "geometry": { "type": "Point", "coordinates": [ 803782.101493355818093, 6859586.746035152114928 ] } },
{ "type": "Feature", "properties": { "Art": "EIN", "bw_id": "VEC_EIN_134875", "name": "Einleitung  Kläranlage Schüttorf (Rohrdruchlass mit Rückstauklappe)", "km": "134+875", "rwert": 378767.0, "hwert": 5798924, "bemerk": "?? Vertrag ergänzen?? ; ??Wasserrecht: B-001 (aktiv, real) , Einleitung in OG - KA Schüttorf?? ; ?? Pläne??", "beschreib": "Einleitung  Kläranlage Schüttorf (Rohrdruchlass mit Rückstauklappe)", "stat_von": 134875, "Artgeo": "p" }, "geometry": { "type": "Point", "coordinates": [ 803836.274644816643558, 6859509.467253250069916 ] } },
{ "type": "Feature", "properties": { "Art": "EIN", "bw_id": "VEC_EIN_135000", "name": "Einmündung Alte Vechte", "km": "135+000", "rwert": 378839.0, "hwert": 5798823, "bemerk": "Einmündung über Rohrdurchlass mit Rückstauklappe", "beschreib": "Freie Einmündung der \"alten Vechte\" über Rohrdurchlass mit Rückstauklappe (zurückliegend)", "stat_von": 135000, "Artgeo": "p" }, "geometry": { "type": "Point", "coordinates": [ 803957.879638795391656, 6859347.048642535693944 ] } },
{ "type": "Feature", "properties": { "Art": "EIN", "bw_id": "VEC_EIN_135260", "name": "Einleitung, Betr.W., H. Maschmeyer OHG, Schüttorf", "km": "135+260", "rwert": 379004.0, "hwert": 5798623, "bemerk": "A-001 (aktiv, real) , Betr.W., H. Maschmeyer OHG,", "beschreib": "Einleitung, Betr.W., H. Maschmeyer OHG, Schüttorf", "stat_von": 135260, "Artgeo": "p" }, "geometry": { "type": "Point", "coordinates": [ 804235.279213472385891, 6859026.332155630923808 ] } },
{ "type": "Feature", "properties": { "Art": "EIN", "bw_id": "VEC_EIN_135350", "name": "Einleitung, Abwasser Punkt C, Gathmann & Gerdemann", "km": "135+350", "rwert": 378827.0, "hwert": 5798460, "bemerk": "B-001 (aktiv, real) , Punkt C, Gathmann & Gerdeman", "beschreib": "Einleitung, Abwasser Punkt C, Gathmann & Gerdemann", "stat_von": 135350, "Artgeo": "p" }, "geometry": { "type": "Point", "coordinates": [ 803952.848609349806793, 6858752.442039701156318 ] } },
{ "type": "Feature", "properties": { "Art": "EIN", "bw_id": "VEC_EIN_135370", "name": "Einleitung, Abwasser Punkt D, Gathmann & Gerdemann", "km": "135+370", "rwert": 379070.0, "hwert": 5798540, "bemerk": "B-001 (aktiv, real) , Punkt D, Gathmann & Gerdeman", "beschreib": "Einleitung, Abwasser Punkt D, Gathmann & Gerdemann", "stat_von": 135370, "Artgeo": "p" }, "geometry": { "type": "Point", "coordinates": [ 804346.352951592882164, 6858893.136304864659905 ] } },
{ "type": "Feature", "properties": { "Art": "EIN", "bw_id": "VEC_EIN_135490", "name": "Einlauf Regenwasserkanal", "km": "135+490", "rwert": 379129.0, "hwert": 5798435, "bemerk": null, "beschreib": "Einlauf Regenwasserkanal", "stat_von": 135490, "Artgeo": "p" }, "geometry": { "type": "Point", "coordinates": [ 804446.875420388067141, 6858723.654053134843707 ] } },
{ "type": "Feature", "properties": { "Art": "EIN", "bw_id": "VEC_EIN_135505", "name": "OW-Einleitung", "km": "135+505", "rwert": 379120.0, "hwert": 5798405, "bemerk": null, "beschreib": "OW-Einleitung", "stat_von": 135505, "Artgeo": "p" }, "geometry": { "type": "Point", "coordinates": [ 804433.382951588602737, 6858674.193904073908925 ] } },
{ "type": "Feature", "properties": { "Art": "EIN", "bw_id": "VEC_EIN_135510", "name": "Einlauf Regenwasserkanal (mit Rückstauklappe)", "km": "135+510", "rwert": 379142.0, "hwert": 5798417, "bemerk": null, "beschreib": "Einlauf Regenwasserkanal (mit Rückstauklappe)", "stat_von": 135510, "Artgeo": "p" }, "geometry": { "type": "Point", "coordinates": [ 804468.818424867815338, 6858694.715906885452569 ] } },
{ "type": "Feature", "properties": { "Art": "EIN", "bw_id": "VEC_EIN_135855", "name": "Einmündung Vechte Nebenarm (Sandfang)", "km": "135+855", "rwert": 379353.0, "hwert": 5798156, "bemerk": "fehlt in hydrographischer Karte", "beschreib": "Einmündung Vechte Nebenarm rechts", "stat_von": 135855, "Artgeo": "p" }, "geometry": { "type": "Point", "coordinates": [ 804823.704274010844529, 6858276.018124165944755 ] } },
{ "type": "Feature", "properties": { "Art": "EIN", "bw_id": "VEC_EIN_135965", "name": "Abzweig Alte Vechte", "km": "135+965", "rwert": 379442.0, "hwert": 5798088, "bemerk": "Bauwerk prüfen", "beschreib": "Abzweig Alte Vechte", "stat_von": 135965, "Artgeo": "p" }, "geometry": { "type": "Point", "coordinates": [ 804971.705126547371037, 6858168.294196428731084 ] } },
{ "type": "Feature", "properties": { "Art": "EIN", "bw_id": "VEC_EIN_136285", "name": "Einmündung Samerottbecke", "km": "136+285", "rwert": 379603.0, "hwert": 5797832, "bemerk": "Samerottbecke mündet über den Sandfang Schüttorf", "beschreib": "Einmündung Samerottbecke", "stat_von": 136285, "Artgeo": "p" }, "geometry": { "type": "Point", "coordinates": [ 805244.725359475822188, 6857755.786358705721796 ] } },
{ "type": "Feature", "properties": { "Art": "EIN", "bw_id": "VEC_EIN_136340", "name": "Einmündung Graben??", "km": "136+340", "rwert": 379640.0, "hwert": 5797782, "bemerk": "Einlauf und U_Pflicht prüfen", "beschreib": "Einmündung Graben??", "stat_von": 136340, "Artgeo": "p" }, "geometry": { "type": "Point", "coordinates": [ 805307.113421776448376, 6857675.441520494408906 ] } },
{ "type": "Feature", "properties": { "Art": "EIN", "bw_id": "VEC_EIN_136740", "name": "Einmündung \"Vechte-Altarm\"", "km": "136+740", "rwert": 379773.0, "hwert": 5797446, "bemerk": "Einlauf und U_Pflicht prüfen", "beschreib": "Einmündung \"Vechte-Altarm\"", "stat_von": 136740, "Artgeo": "p" }, "geometry": { "type": "Point", "coordinates": [ 805537.578809310798533, 6857130.922866212204099 ] } },
{ "type": "Feature", "properties": { "Art": "EIN", "bw_id": "VEC_EIN_137290", "name": "Einmündung Landwehrgraben", "km": "137+290", "rwert": 379518.0, "hwert": 5796960, "bemerk": "Einlauf und U_Pflicht prüfen", "beschreib": "Einmündung Landwehrgraben", "stat_von": 137290, "Artgeo": "p" }, "geometry": { "type": "Point", "coordinates": [ 805140.732384378905408, 6856325.528469986282289 ] } },
{ "type": "Feature", "properties": { "Art": "EIN", "bw_id": "VEC_EIN_137870", "name": "Einmündung Eileringsbecke", "km": "137+870", "rwert": 379530.0, "hwert": 5796382, "bemerk": null, "beschreib": "Einmündung Eileringsbecke", "stat_von": 137870, "Artgeo": "p" }, "geometry": { "type": "Point", "coordinates": [ 805183.343898376333527, 6855380.358836611732841 ] } },
{ "type": "Feature", "properties": { "Art": "EIN", "bw_id": "VEC_EIN_138155", "name": "Einmündung Talgraben", "km": "138+155", "rwert": 379747.0, "hwert": 5796221, "bemerk": "Einlauf prüfen", "beschreib": "Einmündung Talgraben", "stat_von": 138155, "Artgeo": "p" }, "geometry": { "type": "Point", "coordinates": [ 805543.860110260196961, 6855125.627978599630296 ] } },
{ "type": "Feature", "properties": { "Art": "EIN", "bw_id": "VEC_EIN_138600", "name": "Auslauf Schlitzpass Wehr Samern", "km": "138+600", "rwert": 380161.0, "hwert": 5796058, "bemerk": null, "beschreib": "Auslauf Schlitzpass Samern", "stat_von": 138600, "Artgeo": "p" }, "geometry": { "type": "Point", "coordinates": [ 806225.891362305497751, 6854875.447645681910217 ] } },
{ "type": "Feature", "properties": { "Art": "EIN", "bw_id": "VEC_EIN_138655", "name": "Einlauf Schlitzpass Wehr Samern", "km": "138+655", "rwert": 380203.0, "hwert": 5796029, "bemerk": null, "beschreib": "Einlauf Schlitzpass Samern", "stat_von": 138655, "Artgeo": "p" }, "geometry": { "type": "Point", "coordinates": [ 806295.574227104196325, 6854829.675019848160446 ] } },
{ "type": "Feature", "properties": { "Art": "EIN", "bw_id": "VEC_EIN_143275", "name": "Einmündung Graben", "km": "143+275", "rwert": 382941.0, "hwert": 5792812, "bemerk": "DN prüfen und Sohlhöhe U_pflicht prüfen", "beschreib": "Einmündung Graben", "stat_von": 143275, "Artgeo": "p" }, "geometry": { "type": "Point", "coordinates": [ 810887.80597607337404, 6849676.057521109469235 ] } },
{ "type": "Feature", "properties": { "Art": "EIN", "bw_id": "VEC_EIN_143480", "name": "Einmündung Ohner Mühlenbach", "km": "143+480", "rwert": 383117.0, "hwert": 5792709, "bemerk": "DN prüfen (umbauen in Furt??)", "beschreib": "Einmündung Ohner Mühlenbach", "stat_von": 143480, "Artgeo": "p" }, "geometry": { "type": "Point", "coordinates": [ 811178.792752815643325, 6849514.478765973821282 ] } },
{ "type": "Feature", "properties": { "Art": "EIN", "bw_id": "VEC_EIN_143540", "name": "Einmündung Graben Oeding-Erdel", "km": "143+540", "rwert": 383157.0, "hwert": 5792656, "bemerk": "Einlauf und U_Pflicht prüfen", "beschreib": "Einmündung Graben Oeding-Erdel", "stat_von": 143540, "Artgeo": "p" }, "geometry": { "type": "Point", "coordinates": [ 811246.065535890404135, 6849429.379175482317805 ] } },
{ "type": "Feature", "properties": { "Art": "EIN", "bw_id": "VEC_EIN_144210", "name": "Einmündung Graben???", "km": "144+210", "rwert": 383405.0, "hwert": 5792079, "bemerk": "Einlauf und U_Pflicht prüfen", "beschreib": "Einmündung Graben???", "stat_von": 144210, "Artgeo": "p" }, "geometry": { "type": "Point", "coordinates": [ 811672.680788325727917, 6848495.713775463402271 ] } },
{ "type": "Feature", "properties": { "Art": "EIN", "bw_id": "VEC_EIN_144230", "name": "Einmündung Graben", "km": "144+230", "rwert": 383434.0, "hwert": 5792072, "bemerk": "DN und Sohlhöhe und upflicht prüfen (kommt für Umbau in Furt in Frage)", "beschreib": "Einmündung Graben", "stat_von": 144230, "Artgeo": "p" }, "geometry": { "type": "Point", "coordinates": [ 811720.235215193941258, 6848485.389503786340356 ] } },
{ "type": "Feature", "properties": { "Art": "EIN", "bw_id": "VEC_EIN_74260", "name": "Zulauf Altarm (Seitenarm) Laar", "km": "74+260", "rwert": 346052.0, "hwert": 5831381, "bemerk": "Einlauf und U_Pflicht prüfen", "beschreib": "Zulauf Altarm (Seitenarm) Laar", "stat_von": 74260, "Artgeo": "p" }, "geometry": { "type": "Point", "coordinates": [ 748767.597071140771732, 6911290.231572295539081 ] } },
{ "type": "Feature", "properties": { "Art": "EIN", "bw_id": "VEC_EIN_74470", "name": "Flutmulde Auslauf", "km": "74+470", "rwert": 346258.0, "hwert": 5831300, "bemerk": "Nr 2", "beschreib": "Einmündung Flutmulde", "stat_von": 74470, "Artgeo": "p" }, "geometry": { "type": "Point", "coordinates": [ 749110.18649692798499, 6911167.537115627899766 ] } },
{ "type": "Feature", "properties": { "Art": "EIN", "bw_id": "VEC_EIN_76150", "name": "Einmündung Graben Laar", "km": "76+150", "rwert": 347695.0, "hwert": 5831491, "bemerk": "Nr. 10 (Holzmann) ; Länge der Haltung 10,00 m", "beschreib": "Einmündung Graben Laar", "stat_von": 76150, "Artgeo": "p" }, "geometry": { "type": "Point", "coordinates": [ 751460.95665232592728, 6911556.284840019419789 ] } },
{ "type": "Feature", "properties": { "Art": "EIN", "bw_id": "VEC_EIN_76620", "name": "OW-Einleit., KA Laar, Samtgemeinde Emlichheim", "km": "76+620", "rwert": 348047.0, "hwert": 5831189, "bemerk": "Nr. 11; KA Laar, Samtgemeinde Emlichheim, B99 sonstige Ein", "beschreib": "OW-Einleit., KA Laar, Samtgemeinde Emlichheim", "stat_von": 76620, "Artgeo": "p" }, "geometry": { "type": "Point", "coordinates": [ 752054.666361313662492, 6911077.015197078697383 ] } },
{ "type": "Feature", "properties": { "Art": "EIN", "bw_id": "VEC_EIN_76940", "name": "Einmündung Graben Deichweg", "km": "76+940", "rwert": 348347.0, "hwert": 5831187, "bemerk": "Nr. 13 (Holzmann) ; Länge der Haltung: 5,80 m", "beschreib": "Kastendurchlass Grabeneinmündung Deichweg (Nr. 13 (Holzmann) ; Länge der Haltung: 5,80 m)", "stat_von": 76940, "Artgeo": "p" }, "geometry": { "type": "Point", "coordinates": [ 752547.577818998717703, 6911089.088571071624756 ] } },
{ "type": "Feature", "properties": { "Art": "EIN", "bw_id": "VEC_EIN_77250", "name": "Kastendurchlass (Altarmeinmündung)", "km": "77+250", "rwert": 348583.0, "hwert": 5831050, "bemerk": "U_Pflicht prüfen", "beschreib": "Kastendurchlass (Altarmeinmündung)", "stat_von": 77250, "Artgeo": "p" }, "geometry": { "type": "Point", "coordinates": [ 752942.238234635093249, 6910875.548848104663193 ] } },
{ "type": "Feature", "properties": { "Art": "EIN", "bw_id": "VEC_EIN_78025", "name": "Einl., Trinkwasserleitung, WAZ Niedergr", "km": "78+025", "rwert": 349229.0, "hwert": 5831230, "bemerk": "B-001 (aktiv, real), Einl., Trinkwasserleitung, WA", "beschreib": "Einl., Trinkwasserleitung, WAZ Niedergr", "stat_von": 78025, "Artgeo": "p" }, "geometry": { "type": "Point", "coordinates": [ 753994.268560467171483, 6911204.904971842654049 ] } },
{ "type": "Feature", "properties": { "Art": "EIN", "bw_id": "VEC_EIN_79020", "name": "Einmündung Graben (Grüner Weg)", "km": "79+020", "rwert": 350142.0, "hwert": 5830964, "bemerk": "Nr. 19 (Holzmann) ; Länge der Haltung: 10,00 m", "beschreib": "Einmündung Graben (Grüner Weg)", "stat_von": 79020, "Artgeo": "p" }, "geometry": { "type": "Point", "coordinates": [ 755507.518122984911315, 6910813.166166637092829 ] } },
{ "type": "Feature", "properties": { "Art": "EIN", "bw_id": "VEC_EIN_79565", "name": "Einmündung Altarm (Echteler Straße)", "km": "79+565", "rwert": 350605.0, "hwert": 5830661, "bemerk": "Nr. 20 (Holzmann) ; Länge der Haltung: 5,70 m", "beschreib": "Kastendurchlass Altarmeineinmündung (Nr. 20 (Holzmann) ; Länge der Haltung: 5,70 m)", "stat_von": 79565, "Artgeo": "p" }, "geometry": { "type": "Point", "coordinates": [ 756283.313528654049151, 6910337.58481627330184 ] } },
{ "type": "Feature", "properties": { "Art": "EIN", "bw_id": "VEC_EIN_80025", "name": "Einmündung Graben (Lükenstege 1)", "km": "80+025", "rwert": 350940.0, "hwert": 5830353, "bemerk": "Nr. 25 (Holzmann)", "beschreib": "Einmündung Graben (Lükenstege 1)", "stat_von": 80025, "Artgeo": "p" }, "geometry": { "type": "Point", "coordinates": [ 756849.029548766557127, 6909847.288901319727302 ] } },
{ "type": "Feature", "properties": { "Art": "EIN", "bw_id": "VEC_EIN_80305", "name": "Einmündung Graben (Lükenstege 2)", "km": "80+305", "rwert": 351151.0, "hwert": 5830175, "bemerk": "Nr. 26 (Holzmann), Länge der Haltung: 6,00 m", "beschreib": "Einmündung Graben (Lükenstege 2)", "stat_von": 80305, "Artgeo": "p" }, "geometry": { "type": "Point", "coordinates": [ 757204.509960557334125, 6909564.804207940585911 ] } },
{ "type": "Feature", "properties": { "Art": "EIN", "bw_id": "VEC_EIN_81220", "name": "Einmündung Mittelschloot Overingen", "km": "81+220", "rwert": 351891.0, "hwert": 5829756, "bemerk": "Nr. 29 (Holzmann), Länge der Haltung: 10,50 m", "beschreib": "Einmündung Mittelschloot Overingen", "stat_von": 81220, "Artgeo": "p" }, "geometry": { "type": "Point", "coordinates": [ 758440.79658475285396, 6908911.99110540188849 ] } },
{ "type": "Feature", "properties": { "Art": "EIN", "bw_id": "VEC_EIN_81500", "name": "Einmündung Spiekgraben", "km": "81+500", "rwert": 352145.0, "hwert": 5829879, "bemerk": "Nr. 31 (Platz und Bander); Länge der Haltung: 10,00 m", "beschreib": "Einmündung Spiekgraben", "stat_von": 81500, "Artgeo": "p" }, "geometry": { "type": "Point", "coordinates": [ 758851.828228174708784, 6909127.176072601228952 ] } },
{ "type": "Feature", "properties": { "Art": "EIN", "bw_id": "VEC_EIN_82140", "name": "Einmündung Graben", "km": "82+140", "rwert": 352773.0, "hwert": 5829999, "bemerk": "Nr. 33 (Pletz und Sander) ; Länge der Haltung: 6,00 m", "beschreib": "Einmündung Graben", "stat_von": 82140, "Artgeo": "p" }, "geometry": { "type": "Point", "coordinates": [ 759877.294479300966486, 6909355.999965106137097 ] } },
{ "type": "Feature", "properties": { "Art": "EIN", "bw_id": "VEC_EIN_82470", "name": "Einmündung Merschgraben", "km": "82+470", "rwert": 353091.0, "hwert": 5830072, "bemerk": "Nr. 34 (Pletz und Sander) ; Länge der Haltung : 12,00 m ; ?? prüfen ob wirklich mit Rückstauklappe", "beschreib": "Einmündung Merschgraben", "stat_von": 82470, "Artgeo": "p" }, "geometry": { "type": "Point", "coordinates": [ 760395.977586649707519, 6909491.968596095219254 ] } },
{ "type": "Feature", "properties": { "Art": "EIN", "bw_id": "VEC_EIN_83055", "name": "Einmündung Wildegraben", "km": "83+055", "rwert": 353653.0, "hwert": 5830243, "bemerk": "Nr. 37 (Pletz und Sander) ; Länge der Haltung : 8,00 m", "beschreib": "Einmündung Wildegraben", "stat_von": 83055, "Artgeo": "p" }, "geometry": { "type": "Point", "coordinates": [ 761310.620733640273102, 6909801.326061991974711 ] } },
{ "type": "Feature", "properties": { "Art": "EIN", "bw_id": "VEC_EIN_84270", "name": "Einmündung Entwässerungsgraben", "km": "84+270", "rwert": 354685.0, "hwert": 5830178, "bemerk": "Nr. 43 (Pletz und Bander) ; Länge der Haltung: ?? ; Bauwerk ist in Erfassung LK enthalten", "beschreib": "Einmündung Entwässerungsgraben", "stat_von": 84270, "Artgeo": "p" }, "geometry": { "type": "Point", "coordinates": [ 763008.898646472836845, 6909745.058382793329656 ] } },
{ "type": "Feature", "properties": { "Art": "EIN", "bw_id": "VEC_EIN_84460", "name": "Einmündung \"Graben an der K16\"", "km": "84+460", "rwert": 354890.0, "hwert": 5830162, "bemerk": "Einlauf prüfen??", "beschreib": "Einmündung \"Graben an der K16\"", "stat_von": 84460, "Artgeo": "p" }, "geometry": { "type": "Point", "coordinates": [ 763346.399050575913861, 6909728.753242261707783 ] } },
{ "type": "Feature", "properties": { "Art": "EIN", "bw_id": "VEC_EIN_84465", "name": "Grabeneinmündung", "km": "84+465", "rwert": 354861.0, "hwert": 5830207, "bemerk": "Einlauf uh Brücke Wilsumer Straße (B 403)", "beschreib": "Einmündung Graben mit Rückstauklappe. OW-Einl., Wilsumer Straße, SG Emlichheim (B-001 (aktiv, real) , OW-Einl., Wilsumer Straße, B 403), Unterhalb des Einlaufes ist die Böschung durch ein Betongerinne geschützt.", "stat_von": 84465, "Artgeo": "p" }, "geometry": { "type": "Point", "coordinates": [ 763296.568195551633835, 6909801.431629757396877 ] } },
{ "type": "Feature", "properties": { "Art": "EIN", "bw_id": "VEC_EIN_84505", "name": "Einmündung Graben??", "km": "84+505", "rwert": 354922.0, "hwert": 5830196, "bemerk": "Einlauf und U_Pflicht prüfen", "beschreib": "Einmündung Graben??", "stat_von": 84505, "Artgeo": "p" }, "geometry": { "type": "Point", "coordinates": [ 763397.30040165677201, 6909786.304364405572414 ] } },
{ "type": "Feature", "properties": { "Art": "EIN", "bw_id": "VEC_EIN_84665", "name": "Grabeneinmündung", "km": "84+665", "rwert": 355003.0, "hwert": 5830348, "bemerk": "Nr. 48 (Pletz und Sander) ; Länge der Haltung: 6,00 m ; Rohrdurchlass ist in Erfassung LK enthalten", "beschreib": "Grabeneinmündung", "stat_von": 84665, "Artgeo": "p" }, "geometry": { "type": "Point", "coordinates": [ 763522.930678616045043, 6910040.558229133486748 ] } },
{ "type": "Feature", "properties": { "Art": "EIN", "bw_id": "VEC_EIN_84865", "name": "OW-Einl.,Haselaar-Neustadt,SG Emlichheim", "km": "84+865", "rwert": 355211.0, "hwert": 5830366, "bemerk": "Nr. 49; Länge der Haltung: ?? ; B-001 (aktiv, real), OW-Einl.,Haselaar-Neustadt,SG", "beschreib": "OW-Einl.,Haselaar-Neustadt,SG Emlichheim", "stat_von": 84865, "Artgeo": "p" }, "geometry": { "type": "Point", "coordinates": [ 763863.714132248540409, 6910080.364806866273284 ] } },
{ "type": "Feature", "properties": { "Art": "EIN", "bw_id": "VEC_EIN_84875", "name": "Einleitung KA Emslandstärke GmbH, Emlichheim", "km": "84+875", "rwert": 355217.0, "hwert": 5830360, "bemerk": "Nr. 50 ; B-001 (aktiv, real), KA Emslandstärke GmbH, Emlichheim", "beschreib": "Einleitung KA Emslandstärke GmbH, Emlichheim", "stat_von": 84875, "Artgeo": "p" }, "geometry": { "type": "Point", "coordinates": [ 763873.862083722488023, 6910070.777714578434825 ] } },
{ "type": "Feature", "properties": { "Art": "EIN", "bw_id": "VEC_EIN_85210", "name": "Einleitung Kühlwasser, Rohrleitung", "km": "85+210", "rwert": 355549.0, "hwert": 5830386, "bemerk": "B-001 (aktiv, real) , Einl., Kühlwasser, Rohrleit", "beschreib": "Einleitung Kühlwasser, Rohrleitung", "stat_von": 85210, "Artgeo": "p" }, "geometry": { "type": "Point", "coordinates": [ 764417.944584384793416, 6910129.788053494878113 ] } },
{ "type": "Feature", "properties": { "Art": "EIN", "bw_id": "VEC_EIN_85465", "name": "Einmündung Graben", "km": "85+465", "rwert": 355808.0, "hwert": 5830384, "bemerk": "Nr. 52 (Holzmann) ; Länge der Haltung: 5,00 m", "beschreib": "Einmündung Graben", "stat_von": 85465, "Artgeo": "p" }, "geometry": { "type": "Point", "coordinates": [ 764843.481661332771182, 6910139.103970290161669 ] } },
{ "type": "Feature", "properties": { "Art": "EIN", "bw_id": "VEC_EIN_85600", "name": "Einleitung ELK, Linksemsische Kanalgen., Meppen", "km": "85+600", "rwert": 355931.0, "hwert": 5830450, "bemerk": "B-001 (aktiv, real) , Einl., Linksemsische Kanalgenossenschaft", "beschreib": "Wasserrecht für die Einleitung Entlastungskanal (vom Piccardie-Coevorden-Kanal)", "stat_von": 85600, "Artgeo": "p" }, "geometry": { "type": "Point", "coordinates": [ 765042.325450627831742, 6910253.768171350471675 ] } },
{ "type": "Feature", "properties": { "Art": "EIN", "bw_id": "VEC_EIN_85610", "name": "Einmündung Entlastungskanal", "km": "85+610", "rwert": 355939.0, "hwert": 5830447, "bemerk": null, "beschreib": "Einmündung Entlastungskanal", "stat_von": 85610, "Artgeo": "p" }, "geometry": { "type": "Point", "coordinates": [ 765055.612114623188972, 6910249.216762583702803 ] } },
{ "type": "Feature", "properties": { "Art": "EIN", "bw_id": "VEC_EIN_85690", "name": "Einmündung Altarm (Wilminkweg), Graben mit Kastendurchlass", "km": "85+690", "rwert": 356030.0, "hwert": 5830439, "bemerk": "Nr. 55 (Holzmann) ; Länge der Haltung: 5,00 m", "beschreib": "Kastendurchlass Altarmanbindung (Wilminkweg, Nr. 55 (Holzmann) ; Länge der Haltung: 5,00 m)", "stat_von": 85690, "Artgeo": "p" }, "geometry": { "type": "Point", "coordinates": [ 765205.481203892733902, 6910240.463949512690306 ] } },
{ "type": "Feature", "properties": { "Art": "EIN", "bw_id": "VEC_EIN_85825", "name": "Einmündung Altarm (Wilminkweg)", "km": "85+825", "rwert": 356151.0, "hwert": 5830489, "bemerk": "Nr. 57 (Holzmann) ; Länge der Haltung : 50,00 m", "beschreib": "Einmündung Altarm (Wilminkweg)", "stat_von": 85825, "Artgeo": "p" }, "geometry": { "type": "Point", "coordinates": [ 765401.821965302340686, 6910328.675541566684842 ] } },
{ "type": "Feature", "properties": { "Art": "EIN", "bw_id": "VEC_EIN_86440", "name": "Einmündung Kleinringer Graben", "km": "86+440", "rwert": 356642.0, "hwert": 5830336, "bemerk": "Nr. 61 (Holzmann) ; Länge der Haltung 5,00 m", "beschreib": "Einmündung Kleinringer Graben", "stat_von": 86440, "Artgeo": "p" }, "geometry": { "type": "Point", "coordinates": [ 766215.75807203759905, 6910100.510833642445505 ] } },
{ "type": "Feature", "properties": { "Art": "EIN", "bw_id": "VEC_EIN_86900", "name": "Grabeneinmündung", "km": "86+900", "rwert": 356782.0, "hwert": 5829895, "bemerk": "Nr. 62 (Holzmann) ; Länge der Haltung : 6,20 m", "beschreib": "Grabeneinmündung", "stat_von": 86900, "Artgeo": "p" }, "geometry": { "type": "Point", "coordinates": [ 766466.977359412703663, 6909381.106732312589884 ] } },
{ "type": "Feature", "properties": { "Art": "EIN", "bw_id": "VEC_EIN_87235", "name": "Einmündung Großringer Graben", "km": "87+235", "rwert": 357066.0, "hwert": 5829708, "bemerk": "Nr. 64 (HolzmannI ; Länge der Haltung : 9,50 m", "beschreib": "Einmündung Großringer Graben", "stat_von": 87235, "Artgeo": "p" }, "geometry": { "type": "Point", "coordinates": [ 766942.436887961695902, 6909086.906029160134494 ] } },
{ "type": "Feature", "properties": { "Art": "EIN", "bw_id": "VEC_EIN_87430", "name": "Einmündung Vriengraben", "km": "87+430", "rwert": 357179.0, "hwert": 5829547, "bemerk": "Nr. 65 (Holzmann) ; Länge der Haltung : 8,40 m", "beschreib": "Einmündung Vriengraben", "stat_von": 87430, "Artgeo": "p" }, "geometry": { "type": "Point", "coordinates": [ 767135.766658822540194, 6908827.265135772526264 ] } },
{ "type": "Feature", "properties": { "Art": "EIN", "bw_id": "VEC_EIN_87780", "name": "Einmündung Altarm (Lambers-Heerspink)", "km": "87+780", "rwert": 357510.0, "hwert": 5829415, "bemerk": "Nr. 66 (Holzmann) ; Länge der Haltung : 5,00 m", "beschreib": "Kastendurchlass Altarmanbindung (Lambers-Heerspink, Nr. 66 (Holzmann) ; Länge der Haltung : 5,00 m). Der Altarm ist als Biotop (GB-NOH 3407/064) geschützt.", "stat_von": 87780, "Artgeo": "p" }, "geometry": { "type": "Point", "coordinates": [ 767685.72290656727273, 6908625.85542503092438 ] } },
{ "type": "Feature", "properties": { "Art": "EIN", "bw_id": "VEC_EIN_87960", "name": "Einmündung Graben (Bahne)", "km": "87+960", "rwert": 357682.0, "hwert": 5829371, "bemerk": "Nr. 67 (Holzmann) ; Länge der Haltung : 5,00 m", "beschreib": "Einmündung Graben (Bahne)", "stat_von": 87960, "Artgeo": "p" }, "geometry": { "type": "Point", "coordinates": [ 767970.313007511780597, 6908561.671174604445696 ] } },
{ "type": "Feature", "properties": { "Art": "EIN", "bw_id": "VEC_EIN_88275", "name": "Einmündung Großringer A-Graben", "km": "88+275", "rwert": 357941.0, "hwert": 5829198, "bemerk": "Nr. 70 (Holzmann) ; Länge der Haltung : 6,20 m", "beschreib": "Einmündung Großringer A-Graben", "stat_von": 88275, "Artgeo": "p" }, "geometry": { "type": "Point", "coordinates": [ 768403.944293581880629, 6908289.261154083535075 ] } },
{ "type": "Feature", "properties": { "Art": "EIN", "bw_id": "VEC_EIN_88960", "name": "Einmündung Altarm (Dönsberg)", "km": "88+960", "rwert": 358438.0, "hwert": 5828783, "bemerk": "Nr. 74 (Holzmann) ; Länge der Haltung : 5,20 m", "beschreib": "Kastendurchlass Altarm (Dönsberg, Nr. 74 (Holzmann) ; Länge der Haltung : 5,20 m)", "stat_von": 88960, "Artgeo": "p" }, "geometry": { "type": "Point", "coordinates": [ 769239.917968835681677, 6907629.803163495846093 ] } },
{ "type": "Feature", "properties": { "Art": "EIN", "bw_id": "VEC_EIN_89200", "name": "Einmündung Graben (Am Wäldchen)", "km": "89+200", "rwert": 358631.0, "hwert": 5828628, "bemerk": "Nr. 76 (Holzmann) ; Länge der Haltung : 8,00 m", "beschreib": "Einmündung Graben (Am Wäldchen)", "stat_von": 89200, "Artgeo": "p" }, "geometry": { "type": "Point", "coordinates": [ 769564.222189608961344, 6907383.841719390824437 ] } },
{ "type": "Feature", "properties": { "Art": "EIN", "bw_id": "VEC_EIN_89490", "name": "Einmündung Leegraben", "km": "89+490", "rwert": 358813.0, "hwert": 5828410, "bemerk": "Nr. 79 (Holzmann) ; Länge der Haltung : 5,50 m ; URPL Fehlerhaft (Mündung Rechts)!!!", "beschreib": "Einmündung Leegraben", "stat_von": 89490, "Artgeo": "p" }, "geometry": { "type": "Point", "coordinates": [ 769873.434149916982278, 6907033.644226788543165 ] } },
{ "type": "Feature", "properties": { "Art": "EIN", "bw_id": "VEC_EIN_89801", "name": "Einmündung Graben (Am Wäldchen)", "km": "89+801", "rwert": 358992.0, "hwert": 5828159, "bemerk": "Nr. 81 (Holzmann) ; Länge der Haltung : 10,00 m", "beschreib": "Einmündung Graben (Am Wäldchen)", "stat_von": 89801, "Artgeo": "p" }, "geometry": { "type": "Point", "coordinates": [ 770179.257297716569155, 6906628.987202473916113 ] } },
{ "type": "Feature", "properties": { "Art": "EIN", "bw_id": "VEC_EIN_90620", "name": "Einmündung Bathorner Graben", "km": "90+620", "rwert": 359811.0, "hwert": 5827954, "bemerk": "Nr. 84 (Holzmann) ; Einlaufbauwerk prüfen", "beschreib": "Einmündung Bathorner Graben", "stat_von": 90620, "Artgeo": "p" }, "geometry": { "type": "Point", "coordinates": [ 771533.692451882525347, 6906330.351358751766384 ] } },
{ "type": "Feature", "properties": { "Art": "EIN", "bw_id": "VEC_EIN_91175", "name": "Grabeneinmündung", "km": "91+175", "rwert": 359611.0, "hwert": 5827421, "bemerk": "Nr. 87 ; Länge der Haltung : 10,00 m", "beschreib": "Grabeneinmündung", "stat_von": 91175, "Artgeo": "p" }, "geometry": { "type": "Point", "coordinates": [ 771230.45521042344626, 6905443.630291532725096 ] } },
{ "type": "Feature", "properties": { "Art": "EIN", "bw_id": "VEC_EIN_91375", "name": "Einmündung Brenner Graben", "km": "91+375", "rwert": 359809.0, "hwert": 5827239, "bemerk": "Nr. 90 ; Länge der Haltung : 7,40 m", "beschreib": "Einmündung Brenner Graben", "stat_von": 91375, "Artgeo": "p" }, "geometry": { "type": "Point", "coordinates": [ 771564.090828723390587, 6905153.452649161219597 ] } },
{ "type": "Feature", "properties": { "Art": "EIN", "bw_id": "VEC_EIN_91440", "name": "Einleitung, KA Hoogstede,Abwassereinl. in die Vechte", "km": "91+440", "rwert": 359852.0, "hwert": 5827285, "bemerk": "Nr. 89 ; B-001 (aktiv, real) ,KA Hoogstede,Abwassereinl. in", "beschreib": "Einleitung, KA Hoogstede,Abwassereinl. in die Vechte", "stat_von": 91440, "Artgeo": "p" }, "geometry": { "type": "Point", "coordinates": [ 771632.516941789421253, 6905231.188026692718267 ] } },
{ "type": "Feature", "properties": { "Art": "EIN", "bw_id": "VEC_EIN_91760", "name": "Grabeneinmündung (Altarm)", "km": "91+760", "rwert": 360138.0, "hwert": 5827177, "bemerk": "Nr. 92 (Diekel) ; Länge der Haltung : 5,00 m", "beschreib": "Grabeneinmündung (Altarm) über Rohrdurchlass. Der Altarm ist als Biotop (GB-NOH 3407/035) geschützt", "stat_von": 91760, "Artgeo": "p" }, "geometry": { "type": "Point", "coordinates": [ 772107.11640124686528, 6905066.931609115563333 ] } },
{ "type": "Feature", "properties": { "Art": "EIN", "bw_id": "VEC_EIN_91995", "name": "Einleitung in OG - Vechte - KA Hoogstede", "km": "91+995", "rwert": 360355.0, "hwert": 5827075, "bemerk": "B-001 (aktiv, real) , Einleitung in OG - Vechte -", "beschreib": "Einleitung in OG - Vechte - KA Hoogstede", "stat_von": 91995, "Artgeo": "p" }, "geometry": { "type": "Point", "coordinates": [ 772468.142811493948102, 6904909.280207752250135 ] } },
{ "type": "Feature", "properties": { "Art": "EIN", "bw_id": "VEC_EIN_92885", "name": "Einmündung Graben", "km": "92+885", "rwert": 360990.0, "hwert": 5826493, "bemerk": "Nr. 96 (Diekel) ; Länge der Haltung : 10,50 m", "beschreib": "Einmündung Graben", "stat_von": 92885, "Artgeo": "p" }, "geometry": { "type": "Point", "coordinates": [ 773537.759697766392492, 6903981.314582080580294 ] } },
{ "type": "Feature", "properties": { "Art": "EIN", "bw_id": "VEC_EIN_93880", "name": "Einmündung Lee (über Leewehr)", "km": "93+880", "rwert": 360996.0, "hwert": 5825601, "bemerk": "Nr. 101", "beschreib": "Einmündung Lee (über Leewehr)", "stat_von": 93880, "Artgeo": "p" }, "geometry": { "type": "Point", "coordinates": [ 773589.239688791218214, 6902513.906069199554622 ] } },
{ "type": "Feature", "properties": { "Art": "EIN", "bw_id": "VEC_EIN_94010", "name": "Auslauf Altarm uh Vechtewehr Tinholt", "km": "94+010", "rwert": 360965.0, "hwert": 5825480, "bemerk": null, "beschreib": "Auslauf Altarm uh Vechtewehr Tinholt", "stat_von": 94010, "Artgeo": "p" }, "geometry": { "type": "Point", "coordinates": [ 773544.010919349500909, 6902313.384002688340843 ] } },
{ "type": "Feature", "properties": { "Art": "EIN", "bw_id": "VEC_EIN_94050", "name": "Auslauf Umgehungsgerinne Vechewehr Tinholt", "km": "94+050", "rwert": 360936.0, "hwert": 5825445, "bemerk": null, "beschreib": "Auslauf Umgehungsgerinne Wehr Tinholt", "stat_von": 94050, "Artgeo": "p" }, "geometry": { "type": "Point", "coordinates": [ 773498.052333991858177, 6902254.445292406715453 ] } },
{ "type": "Feature", "properties": { "Art": "EIN", "bw_id": "VEC_EIN_94120", "name": "Einlauf Umgehungsgerinne", "km": "94+120", "rwert": 360933.0, "hwert": 5825374, "bemerk": null, "beschreib": "Einlauf Umgehungsgerinne Wehr Tinholt", "stat_von": 94120, "Artgeo": "p" }, "geometry": { "type": "Point", "coordinates": [ 773496.443109733401798, 6902137.497337845154107 ] } },
{ "type": "Feature", "properties": { "Art": "EIN", "bw_id": "VEC_EIN_94520", "name": "Einmündung Graben", "km": "94+520", "rwert": 360961.0, "hwert": 5824989, "bemerk": "Nr. 103 (Diekel) ; Länge der Haltung : 10,20 m", "beschreib": "Einmündung Graben", "stat_von": 94520, "Artgeo": "p" }, "geometry": { "type": "Point", "coordinates": [ 773560.358240879024379, 6901505.443270257674158 ] } },
{ "type": "Feature", "properties": { "Art": "EIN", "bw_id": "VEC_EIN_94885", "name": "Einmündung Freebecke", "km": "94+885", "rwert": 361113.0, "hwert": 5824666, "bemerk": "Nr. 105 (Diekel) ; Länge der Haltung : 5,50 m", "beschreib": "Einmündung Freebecke", "stat_von": 94885, "Artgeo": "p" }, "geometry": { "type": "Point", "coordinates": [ 773824.835495187435299, 6900981.218135660514235 ] } },
{ "type": "Feature", "properties": { "Art": "EIN", "bw_id": "VEC_EIN_94920", "name": "Einmündung Graben", "km": "94+920", "rwert": 361124.0, "hwert": 5824629, "bemerk": "Nr. 106 (Diekel) ; Länge der Haltung : 7,00 m", "beschreib": "Einmündung Graben", "stat_von": 94920, "Artgeo": "p" }, "geometry": { "type": "Point", "coordinates": [ 773844.608789124642499, 6900920.869665426202118 ] } },
{ "type": "Feature", "properties": { "Art": "EIN", "bw_id": "VEC_EIN_95160", "name": "Einmündung Graben", "km": "95+160", "rwert": 360940.0, "hwert": 5824496, "bemerk": "Nr. 107 (Diekel) ; Länge der Haltung : 1,20 bm", "beschreib": "Einmündung Graben", "stat_von": 95160, "Artgeo": "p" }, "geometry": { "type": "Point", "coordinates": [ 773548.900892801466398, 6900693.498369191773236 ] } },
{ "type": "Feature", "properties": { "Art": "EIN", "bw_id": "VEC_EIN_95430", "name": "Einmündung Mühlengraben (Altarmanbindung)", "km": "95+430", "rwert": 360672.0, "hwert": 5824420, "bemerk": "Nr. 108 (Diekel) ; Länge der Haltung: 5,50 m", "beschreib": "Einmündung Mühlengraben (Altarmanbindung)", "stat_von": 95430, "Artgeo": "p" }, "geometry": { "type": "Point", "coordinates": [ 773112.723975838627666, 6900555.943526180461049 ] } },
{ "type": "Feature", "properties": { "Art": "EIN", "bw_id": "VEC_EIN_96000", "name": "Einmündung Graben", "km": "96+000", "rwert": 360927.0, "hwert": 5823937, "bemerk": "Nr. 109 (DiekelI ; länge der Haltung: 5,50 m", "beschreib": "Einmündung Graben", "stat_von": 96000, "Artgeo": "p" }, "geometry": { "type": "Point", "coordinates": [ 773553.647925249533728, 6899773.45910851098597 ] } },
{ "type": "Feature", "properties": { "Art": "EIN", "bw_id": "VEC_EIN_96105", "name": "Einmündung Hofentwässerung", "km": "96+105", "rwert": 360902.0, "hwert": 5823828, "bemerk": "Einlauf und U_Pflicht prüfen", "beschreib": "Einmündung Hofentwässerung", "stat_von": 96105, "Artgeo": "p" }, "geometry": { "type": "Point", "coordinates": [ 773517.717855616705492, 6899593.021375697106123 ] } },
{ "type": "Feature", "properties": { "Art": "EIN", "bw_id": "VEC_EIN_96605", "name": "Einmündung Graben (Altarm Nr IV)", "km": "96+605", "rwert": 361234.0, "hwert": 5823487, "bemerk": "Nr. 111 (Diekel) ; Länge der Haltung : 10,00 m", "beschreib": "Einmündung Graben (Altarm Nr IV)", "stat_von": 96605, "Artgeo": "p" }, "geometry": { "type": "Point", "coordinates": [ 774078.252847651368938, 6899047.720345304347575 ] } },
{ "type": "Feature", "properties": { "Art": "EIN", "bw_id": "VEC_EIN_96715", "name": "Einmündung Graben", "km": "96+715", "rwert": 361264.0, "hwert": 5823378, "bemerk": "Bauwerk vorhanden??", "beschreib": "Einmündung Graben", "stat_von": 96715, "Artgeo": "p" }, "geometry": { "type": "Point", "coordinates": [ 774132.536901117884554, 6898869.866292427293956 ] } },
{ "type": "Feature", "properties": { "Art": "EIN", "bw_id": "VEC_EIN_96860", "name": "Einleitung, KA Zentraldeponie Wilsum II", "km": "96+860", "rwert": 361375.0, "hwert": 5823259, "bemerk": "Nr. 113 ; B-001 (aktiv, real) , KA Zentraldeponie Wilsum II, , Wo ist das Bauwerk??", "beschreib": "Einleitung, KA Zentraldeponie Wilsum II", "stat_von": 96860, "Artgeo": "p" }, "geometry": { "type": "Point", "coordinates": [ 774320.15430379123427, 6898679.346110549755394 ] } },
{ "type": "Feature", "properties": { "Art": "EIN", "bw_id": "VEC_EIN_97245", "name": "Einmündung Graben (Altarm)", "km": "97+245", "rwert": 361087.0, "hwert": 5822977, "bemerk": "Nr. 117 (Diekel) ; Länge der Haltung : 5,20 m", "beschreib": "Einmündung Graben (Altarm) über Kastendurchlass mit Überfahrt, der Altarm ist als Biotop (GB-NOH 3407/026) ausgewiesen.", "stat_von": 97245, "Artgeo": "p" }, "geometry": { "type": "Point", "coordinates": [ 773860.858139068353921, 6898202.188345029018819 ] } },
{ "type": "Feature", "properties": { "Art": "EIN", "bw_id": "VEC_EIN_97625", "name": "Einmündung Graben", "km": "97+625", "rwert": 361094.0, "hwert": 5822633, "bemerk": "Nr. 118 (Diekel) ; Länge der Haltung : 5,20 m ; Ist eine Rückstauklappe vorhanden??", "beschreib": "Rohrdurchlass", "stat_von": 97625, "Artgeo": "p" }, "geometry": { "type": "Point", "coordinates": [ 773888.356442494201474, 6897636.871866088360548 ] } },
{ "type": "Feature", "properties": { "Art": "EIN", "bw_id": "VEC_EIN_97710", "name": "Altarmanbindung / Grabeneinmündung", "km": "97+710", "rwert": 360996.0, "hwert": 5822626, "bemerk": "Nr. 119 (Diekel) ; Länge der Haltung : 5,50 m", "beschreib": "Kastendurchlass mit Überfahrt, Altarmanbindung / Grabeneinmündung (Nr. 119 (Diekel) ; Länge der Haltung : 5,50 m), Der Altarm ist als Biotop (GB-NOH 3407/027) geschützt.", "stat_von": 97710, "Artgeo": "p" }, "geometry": { "type": "Point", "coordinates": [ 773727.946539117372595, 6897620.786742926575243 ] } },
{ "type": "Feature", "properties": { "Art": "EIN", "bw_id": "VEC_EIN_98335", "name": "Einmündung Asmeerbecke", "km": "98+335", "rwert": 361228.0, "hwert": 5822095, "bemerk": "Nr. 122 (Diekel) ; Länge der Haltung : 7,30 m", "beschreib": "Einmündung Asmeerbecke über Kastendurchlass mit Überfahrt", "stat_von": 98335, "Artgeo": "p" }, "geometry": { "type": "Point", "coordinates": [ 774133.157609010697342, 6896758.56039912160486 ] } },
{ "type": "Feature", "properties": { "Art": "EIN", "bw_id": "VEC_EIN_98660", "name": "Einmündung Graben", "km": "98+660", "rwert": 360910.0, "hwert": 5822033, "bemerk": "Bauwerk abgängig?? ; Rückstauklappe vorhanden ??", "beschreib": "Rohrdurchlass mit Rückstauklappe (Nr. 125 (DiekelI ; Länge der Haltung : 5,00 m).", "stat_von": 98660, "Artgeo": "p" }, "geometry": { "type": "Point", "coordinates": [ 773614.531993429991417, 6896641.788840094581246 ] } },
{ "type": "Feature", "properties": { "Art": "EIN", "bw_id": "VEC_EIN_98785", "name": "Einmündung Graben", "km": "98+785", "rwert": 360980.0, "hwert": 5821912, "bemerk": null, "beschreib": "Grabeneinmündung über Rohrdurchlass mit Überfahrt (Nr. 127 (Diekel) ; Länge der Haltung : 6,30 m)", "stat_von": 98785, "Artgeo": "p" }, "geometry": { "type": "Point", "coordinates": [ 773734.965010715415701, 6896446.130479753017426 ] } },
{ "type": "Feature", "properties": { "Art": "EIN", "bw_id": "VEC_EIN_99010", "name": "Einmündung Fleierbecke", "km": "99+010", "rwert": 360899.0, "hwert": 5821681, "bemerk": null, "beschreib": "Einmündung Fleierbecke über Rohrdurchlass mit Überfahrt (Nr. 128 (Diekel) ; Länge der Haltung: 5,10 m)", "stat_von": 99010, "Artgeo": "p" }, "geometry": { "type": "Point", "coordinates": [ 773612.895992991281673, 6896062.590148638933897 ] } },
{ "type": "Feature", "properties": { "Art": "EIN", "bw_id": "VEC_EIN_99090", "name": "Einmündung Graben", "km": "99+090", "rwert": 360958.0, "hwert": 5821609, "bemerk": null, "beschreib": "Grabeneinmündung (Nr. 129 (Diekel) ; Länge der Haltung: 5,00 m)", "stat_von": 99090, "Artgeo": "p" }, "geometry": { "type": "Point", "coordinates": [ 773713.000168310943991, 6895946.983270398341119 ] } },
{ "type": "Feature", "properties": { "Art": "EIN", "bw_id": "VEC_EIN_99245", "name": "Einmündung Billerbecke", "km": "99+245", "rwert": 361130.0, "hwert": 5821607, "bemerk": "Klappe nicht funktionsfähig??", "beschreib": "Einmündung Billerbecke über Kastendurchlass mit Rückstauklappe (Nr. 130 (Diekel) ; Länge der Haltung : 5,30 m ; )", "stat_von": 99245, "Artgeo": "p" }, "geometry": { "type": "Point", "coordinates": [ 773995.142437635804527, 6895951.721402848139405 ] } },
{ "type": "Feature", "properties": { "Art": "EIN", "bw_id": "VEC_EIN_99490", "name": "Einmündung Altarm (Binnenborggraben)", "km": "99+490", "rwert": 361183.0, "hwert": 5821354, "bemerk": null, "beschreib": "Einmündung Binnenborggraben über Altarm und  Kastendurchlass (Nr. 131 (Diekel) ; Länge der Haltung : 8,60 m)", "stat_von": 99490, "Artgeo": "p" }, "geometry": { "type": "Point", "coordinates": [ 774093.816768260207027, 6895538.292820854112506 ] } },
{ "type": "Feature", "properties": { "Art": "EIN", "bw_id": "VEC_EIN_99835", "name": "Einmündung Gölenkamper Graben", "km": "99+835", "rwert": 360982.0, "hwert": 5821059, "bemerk": null, "beschreib": "Einmündung Gölenkamper Graben über Kastendurchlass (Nr. 135 (Diekel) ; Länge der Haltung : 8,40)", "stat_von": 99835, "Artgeo": "p" }, "geometry": { "type": "Point", "coordinates": [ 773777.964050041162409, 6895044.003562938421965 ] } },
{ "type": "Feature", "properties": { "Art": "QUE", "bw_id": "VEC_QUE_100285", "name": "Oberleitung Strom", "km": "100+285", "rwert": 361060.0, "hwert": 5820616, "bemerk": null, "beschreib": "Oberleitung", "stat_von": 100285, "Artgeo": "p" }, "geometry": { "type": "Point", "coordinates": [ 773926.465024767676368, 6894319.503614705055952 ] } },
{ "type": "Feature", "properties": { "Art": "QUE", "bw_id": "VEC_QUE_100335", "name": "Oberleitung Strom", "km": "100+335", "rwert": 361081.0, "hwert": 5820573, "bemerk": null, "beschreib": "Oberleitung", "stat_von": 100335, "Artgeo": "p" }, "geometry": { "type": "Point", "coordinates": [ 773962.894208859768696, 6894249.809122542850673 ] } },
{ "type": "Feature", "properties": { "Art": "QUE", "bw_id": "VEC_QUE_101010", "name": "Oberleitung", "km": "101+010", "rwert": 361454.0, "hwert": 5820037, "bemerk": null, "beschreib": "Oberleitung", "stat_von": 101010, "Artgeo": "p" }, "geometry": { "type": "Point", "coordinates": [ 774599.278765854774974, 6893386.26765198726207 ] } },
{ "type": "Feature", "properties": { "Art": "QUE", "bw_id": "VEC_QUE_102490", "name": "Oberleitung", "km": "102+490", "rwert": 362439.0, "hwert": 5819597, "bemerk": null, "beschreib": "Oberleitung", "stat_von": 102490, "Artgeo": "p" }, "geometry": { "type": "Point", "coordinates": [ 776234.263246504939161, 6892708.821152637712657 ] } },
{ "type": "Feature", "properties": { "Art": "QUE", "bw_id": "VEC_QUE_102920", "name": "Kabeldüker 10 kv", "km": "102+920", "rwert": 362839.0, "hwert": 5819663, "bemerk": null, "beschreib": "Kabeldüker 10 kv", "stat_von": 102920, "Artgeo": "p" }, "geometry": { "type": "Point", "coordinates": [ 776886.909171211184002, 6892835.710423830896616 ] } },
{ "type": "Feature", "properties": { "Art": "QUE", "bw_id": "VEC_QUE_104245", "name": "Oberleitung", "km": "104+245", "rwert": 363552.0, "hwert": 5818608, "bemerk": null, "beschreib": "Oberleitung", "stat_von": 104245, "Artgeo": "p" }, "geometry": { "type": "Point", "coordinates": [ 778103.834879548056051, 6891134.911281925626099 ] } },
{ "type": "Feature", "properties": { "Art": "QUE", "bw_id": "VEC_QUE_106285", "name": "Oberleitung", "km": "106+285", "rwert": 364701.0, "hwert": 5817031, "bemerk": null, "beschreib": "Oberleitung", "stat_von": 106285, "Artgeo": "p" }, "geometry": { "type": "Point", "coordinates": [ 780058.257408499950543, 6888596.658572170883417 ] } },
{ "type": "Feature", "properties": { "Art": "QUE", "bw_id": "VEC_QUE_106355", "name": "Oberleitung uh Wehr Grasdorf", "km": "106+355", "rwert": 364733.0, "hwert": 5816966, "bemerk": null, "beschreib": "Oberleitung", "stat_von": 106355, "Artgeo": "p" }, "geometry": { "type": "Point", "coordinates": [ 780113.623851811047643, 6888491.348597123287618 ] } },
{ "type": "Feature", "properties": { "Art": "QUE", "bw_id": "VEC_QUE_106365", "name": "Oberleitung", "km": "106+365", "rwert": 364738.0, "hwert": 5816955, "bemerk": null, "beschreib": "Oberleitung Wehr Grasdorf", "stat_von": 106365, "Artgeo": "p" }, "geometry": { "type": "Point", "coordinates": [ 780122.312864462612197, 6888473.508181805722415 ] } },
{ "type": "Feature", "properties": { "Art": "QUE", "bw_id": "VEC_QUE_108950", "name": "Dükerung mit Mittelspannungskabel", "km": "108+950", "rwert": 365684.0, "hwert": 5814849, "bemerk": "Schild kontrollieren", "beschreib": "Dükerung mit Mittelspannungskabel", "stat_von": 108950, "Artgeo": "p" }, "geometry": { "type": "Point", "coordinates": [ 781766.685213287244551, 6885057.911889803595841 ] } },
{ "type": "Feature", "properties": { "Art": "QUE", "bw_id": "VEC_QUE_109150", "name": "Oberleitung", "km": "109+150", "rwert": 365707.0, "hwert": 5814823, "bemerk": null, "beschreib": "Oberleitung", "stat_von": 109150, "Artgeo": "p" }, "geometry": { "type": "Point", "coordinates": [ 781805.517322751577012, 6885016.259564413689077 ] } },
{ "type": "Feature", "properties": { "Art": "QUE", "bw_id": "VEC_QUE_117410", "name": "Oberleitung", "km": "117+410", "rwert": 370313.0, "hwert": 5810092, "bemerk": null, "beschreib": "Oberleitung", "stat_von": 117410, "Artgeo": "p" }, "geometry": { "type": "Point", "coordinates": [ 789553.435372233623639, 6877455.721023073419929 ] } },
{ "type": "Feature", "properties": { "Art": "QUE", "bw_id": "VEC_QUE_119570", "name": "Oberleitung", "km": "119+570", "rwert": 371312.0, "hwert": 5808356, "bemerk": null, "beschreib": "Oberleitung", "stat_von": 119570, "Artgeo": "p" }, "geometry": { "type": "Point", "coordinates": [ 791262.372014469699934, 6874651.698434058576822 ] } },
{ "type": "Feature", "properties": { "Art": "QUE", "bw_id": "VEC_QUE_119590", "name": "Oberleitung", "km": "119+590", "rwert": 371327.0, "hwert": 5808340, "bemerk": null, "beschreib": "Oberleitung", "stat_von": 119590, "Artgeo": "p" }, "geometry": { "type": "Point", "coordinates": [ 791287.591686552157626, 6874626.106241150759161 ] } },
{ "type": "Feature", "properties": { "Art": "QUE", "bw_id": "VEC_QUE_121615", "name": "Dükerung Gasleitung", "km": "121+615", "rwert": 372457.0, "hwert": 5807175, "bemerk": "Hier verläuft oberhalb des Vechtewehres eine Gasleitung", "beschreib": "Dükerung Gasleitung", "stat_von": 121615, "Artgeo": "p" }, "geometry": { "type": "Point", "coordinates": [ 793185.303114629816264, 6872764.280016185715795 ] } },
{ "type": "Feature", "properties": { "Art": "QUE", "bw_id": "VEC_QUE_124400", "name": "Oberleitung", "km": "124+400", "rwert": 374555.0, "hwert": 5806086, "bemerk": "Verortung prüfen", "beschreib": "Oberleitung", "stat_von": 124400, "Artgeo": "p" }, "geometry": { "type": "Point", "coordinates": [ 796661.584934494458139, 6871067.596387149766088 ] } },
{ "type": "Feature", "properties": { "Art": "QUE", "bw_id": "VEC_QUE_127270", "name": "Dükerung Trinkwasserleitung", "km": "127+270", "rwert": 376822.0, "hwert": 5804421, "bemerk": null, "beschreib": "Dükerung Trinkwasserleitung oh Brücke Rohrbachstau", "stat_von": 127270, "Artgeo": "p" }, "geometry": { "type": "Point", "coordinates": [ 800436.239946567919105, 6868432.806002043187618 ] } },
{ "type": "Feature", "properties": { "Art": "QUE", "bw_id": "VEC_QUE_131150", "name": "Oberleitung", "km": "131+150", "rwert": 376283.0, "hwert": 5801125, "bemerk": null, "beschreib": "Oberleitung oh Sohlgleite", "stat_von": 131150, "Artgeo": "p" }, "geometry": { "type": "Point", "coordinates": [ 799690.541721499874257, 6863011.763098541647196 ] } },
{ "type": "Feature", "properties": { "Art": "QUE", "bw_id": "VEC_QUE_131310", "name": "Oberleitung", "km": "131+310", "rwert": 376291.0, "hwert": 5800970, "bemerk": null, "beschreib": "Oberleitung", "stat_von": 131310, "Artgeo": "p" }, "geometry": { "type": "Point", "coordinates": [ 799709.963978902669623, 6862758.288055402226746 ] } },
{ "type": "Feature", "properties": { "Art": "QUE", "bw_id": "VEC_QUE_131430", "name": "Oberleitung", "km": "131+430", "rwert": 376347.0, "hwert": 5800864, "bemerk": null, "beschreib": "Oberleitung", "stat_von": 131430, "Artgeo": "p" }, "geometry": { "type": "Point", "coordinates": [ 799805.773407195345499, 6862587.024657253175974 ] } },
{ "type": "Feature", "properties": { "Art": "QUE", "bw_id": "VEC_QUE_133340", "name": "Gasleitung??", "km": "133+340", "rwert": 377944.0, "hwert": 5799989, "bemerk": null, "beschreib": "Dükerung", "stat_von": 133340, "Artgeo": "p" }, "geometry": { "type": "Point", "coordinates": [ 802449.531190821318887, 6861219.595422690734267 ] } },
{ "type": "Feature", "properties": { "Art": "QUE", "bw_id": "VEC_QUE_133730", "name": "Dükerung??", "km": "133+730", "rwert": 378156.0, "hwert": 5799703, "bemerk": null, "beschreib": "Dükerung", "stat_von": 133730, "Artgeo": "p" }, "geometry": { "type": "Point", "coordinates": [ 802807.275206911610439, 6860759.974099953658879 ] } },
{ "type": "Feature", "properties": { "Art": "QUE", "bw_id": "VEC_QUE_135620", "name": "Stromleitung", "km": "135+620", "rwert": 379185.0, "hwert": 5798316, "bemerk": null, "beschreib": "Stromleitungsdüker Nowega, Siehe planunterlagen Schüttorf", "stat_von": 135620, "Artgeo": "p" }, "geometry": { "type": "Point", "coordinates": [ 804543.055961955571547, 6858531.141247221268713 ] } },
{ "type": "Feature", "properties": { "Art": "QUE", "bw_id": "VEC_QUE_135740", "name": "Gashochdruckleitung 86.6 Schüttorf", "km": "135+740", "rwert": 379256.0, "hwert": 5798220, "bemerk": null, "beschreib": "Gashochdruckleitung Nowega, Siehe planunterlagen Schüttorf", "stat_von": 135740, "Artgeo": "p" }, "geometry": { "type": "Point", "coordinates": [ 804662.799608796602115, 6858376.873903470113873 ] } },
{ "type": "Feature", "properties": { "Art": "QUE", "bw_id": "VEC_QUE_135890", "name": "Obeleitung", "km": "135+890", "rwert": 379380.0, "hwert": 5798138, "bemerk": null, "beschreib": "Oberleitung", "stat_von": 135890, "Artgeo": "p" }, "geometry": { "type": "Point", "coordinates": [ 804868.498868294758722, 6858247.640815391205251 ] } },
{ "type": "Feature", "properties": { "Art": "QUE", "bw_id": "VEC_QUE_135960", "name": "Dükerung (Gas und Strom??)", "km": "135+960", "rwert": 379441.0, "hwert": 5798101, "bemerk": null, "beschreib": "Gasleitungsdüker Nowega, Siehe planunterlagen Schüttorf", "stat_von": 135960, "Artgeo": "p" }, "geometry": { "type": "Point", "coordinates": [ 804969.554025845252909, 6858189.529191536828876 ] } },
{ "type": "Feature", "properties": { "Art": "QUE", "bw_id": "VEC_QUE_135965", "name": "Fermeldekabel (K-702), Kanzlerweg-Schlikker u. Rofa", "km": "135+965", "rwert": 379445.0, "hwert": 5798099, "bemerk": null, "beschreib": "Fermeldekabel (Dükerung), K-702 Kanzlerweg - Schli", "stat_von": 135965, "Artgeo": "p" }, "geometry": { "type": "Point", "coordinates": [ 804976.163537952932529, 6858186.416104048490524 ] } },
{ "type": "Feature", "properties": { "Art": "QUE", "bw_id": "VEC_QUE_136235", "name": "Fermeldekabel", "km": "136+235", "rwert": 379570.0, "hwert": 5797868, "bemerk": null, "beschreib": "Fermeldekabel (Dükerung) siehe Planunterlagen Schüttorf (Telekom)", "stat_von": 136235, "Artgeo": "p" }, "geometry": { "type": "Point", "coordinates": [ 805189.423403241788037, 6857813.380741161294281 ] } },
{ "type": "Feature", "properties": { "Art": "QUE", "bw_id": "VEC_QUE_136515", "name": "Oberleitung", "km": "136+515", "rwert": 379758.0, "hwert": 5797677, "bemerk": null, "beschreib": "Oberleitung", "stat_von": 136515, "Artgeo": "p" }, "geometry": { "type": "Point", "coordinates": [ 805503.905814307392575, 6857508.325941316783428 ] } },
{ "type": "Feature", "properties": { "Art": "QUE", "bw_id": "VEC_QUE_138495", "name": "Dükerung", "km": "138+495", "rwert": 380069.0, "hwert": 5796115, "bemerk": null, "beschreib": "Dükerung", "stat_von": 138495, "Artgeo": "p" }, "geometry": { "type": "Point", "coordinates": [ 806073.508629323565401, 6854965.037941711954772 ] } },
{ "type": "Feature", "properties": { "Art": "QUE", "bw_id": "VEC_QUE_143200", "name": "Dükerung (Gasleitung)", "km": "143+200", "rwert": 382862.0, "hwert": 5792846, "bemerk": null, "beschreib": "Gasleitungsdüker", "stat_von": 143200, "Artgeo": "p" }, "geometry": { "type": "Point", "coordinates": [ 810757.661783299059607, 6849728.582460332661867 ] } },
{ "type": "Feature", "properties": { "Art": "QUE", "bw_id": "VEC_QUE_143965", "name": "Oberleitung (380 kV)", "km": "143+965", "rwert": 383332.0, "hwert": 5792310, "bemerk": "Hier scheint eine Oberleitung die Vechte zu queren", "beschreib": "Oberleitung", "stat_von": 143965, "Artgeo": "p" }, "geometry": { "type": "Point", "coordinates": [ 811544.760657054954208, 6848870.508120070211589 ] } },
{ "type": "Feature", "properties": { "Art": "QUE", "bw_id": "VEC_QUE_78070", "name": "Oberleitung 10 kV", "km": "78+070", "rwert": 349268.0, "hwert": 5831212, "bemerk": null, "beschreib": "Oberleitung 10 kV", "stat_von": 78070, "Artgeo": "p" }, "geometry": { "type": "Point", "coordinates": [ 754059.248695480288006, 6911177.246161852031946 ] } },
{ "type": "Feature", "properties": { "Art": "QUE", "bw_id": "VEC_QUE_81355", "name": "Oberleitung", "km": "81+355", "rwert": 352015.0, "hwert": 5829813, "bemerk": null, "beschreib": "Oberleitung", "stat_von": 81355, "Artgeo": "p" }, "geometry": { "type": "Point", "coordinates": [ 758641.606607803027146, 6909012.026856496930122 ] } },
{ "type": "Feature", "properties": { "Art": "QUE", "bw_id": "VEC_QUE_82350", "name": "Dükerung??", "km": "82+350", "rwert": 352975.0, "hwert": 5830073, "bemerk": null, "beschreib": "Dükerung", "stat_von": 82350, "Artgeo": "p" }, "geometry": { "type": "Point", "coordinates": [ 760205.40373026416637, 6909487.86541164573282 ] } },
{ "type": "Feature", "properties": { "Art": "QUE", "bw_id": "VEC_QUE_85820", "name": "Oberleitung", "km": "85+820", "rwert": 356143.0, "hwert": 5830510, "bemerk": null, "beschreib": "Oberleitung", "stat_von": 85820, "Artgeo": "p" }, "geometry": { "type": "Point", "coordinates": [ 765387.663956588367, 6910362.86923652049154 ] } },
{ "type": "Feature", "properties": { "Art": "QUE", "bw_id": "VEC_QUE_88515", "name": "Oberleitung (110 kV)", "km": "88+515", "rwert": 358056.0, "hwert": 5828990, "bemerk": null, "beschreib": "Oberleitung (110 kV)", "stat_von": 88515, "Artgeo": "p" }, "geometry": { "type": "Point", "coordinates": [ 768602.735734329558909, 6907952.328582604415715 ] } },
{ "type": "Feature", "properties": { "Art": "QUE", "bw_id": "VEC_QUE_88530", "name": "Oberleitung (10 KVI", "km": "88+530", "rwert": 358067.0, "hwert": 5828977, "bemerk": null, "beschreib": "Oberleitung", "stat_von": 88530, "Artgeo": "p" }, "geometry": { "type": "Point", "coordinates": [ 768621.420580946607515, 6907931.453002819791436 ] } },
{ "type": "Feature", "properties": { "Art": "QUE", "bw_id": "VEC_QUE_89385", "name": "Oberleitung (10 kV)", "km": "89+385", "rwert": 358749.0, "hwert": 5828500, "bemerk": null, "beschreib": "Oberleitung", "stat_von": 89385, "Artgeo": "p" }, "geometry": { "type": "Point", "coordinates": [ 769764.069856542977504, 6907178.751054862514138 ] } },
{ "type": "Feature", "properties": { "Art": "QUE", "bw_id": "VEC_QUE_91780", "name": "Oberleitung(110 kV)", "km": "91+780", "rwert": 360169.0, "hwert": 5827186, "bemerk": null, "beschreib": "Oberleitung(110 kV)", "stat_von": 91780, "Artgeo": "p" }, "geometry": { "type": "Point", "coordinates": [ 772157.585144651704468, 6905083.20343083422631 ] } },
{ "type": "Feature", "properties": { "Art": "QUE", "bw_id": "VEC_QUE_93770", "name": "Oberleitung (10 KV)", "km": "93+770", "rwert": 360961.0, "hwert": 5825722, "bemerk": null, "beschreib": "Oberleitung (10 KV)", "stat_von": 93770, "Artgeo": "p" }, "geometry": { "type": "Point", "coordinates": [ 773526.151708592660725, 6902711.345363621599972 ] } },
{ "type": "Feature", "properties": { "Art": "QUE", "bw_id": "VEC_QUE_95025", "name": "Oberleitung (??kV)", "km": "95+025", "rwert": 361067.0, "hwert": 5824529, "bemerk": null, "beschreib": "Oberleitung (??kV)", "stat_von": 95025, "Artgeo": "p" }, "geometry": { "type": "Point", "coordinates": [ 773755.742528254399076, 6900753.716338222846389 ] } },
{ "type": "Feature", "properties": { "Art": "SON", "bw_id": "VEC_SON_116950", "name": "Bootsanleger Brücke B213", "km": "116+950", "rwert": 369884.0, "hwert": 5810250, "bemerk": "U-Pflicht prüfen", "beschreib": "Bootsanleger Brücke B213", "stat_von": 116950, "Artgeo": "p" }, "geometry": { "type": "Point", "coordinates": [ 788844.660461284336634, 6877696.288068735972047 ] } },
{ "type": "Feature", "properties": { "Art": "SON", "bw_id": "VEC_SON_121000", "name": "Teich rechts (Tillenberge)", "km": "121+000", "rwert": 372005.0, "hwert": 5807488, "bemerk": null, "beschreib": "Teich rechts (Tillenberge)", "stat_von": 121000, "Artgeo": "p" }, "geometry": { "type": "Point", "coordinates": [ 792432.836216820520349, 6873258.170533723197877 ] } },
{ "type": "Feature", "properties": { "Art": "SON", "bw_id": "VEC_SON_121525", "name": "Schrägpegel mit Pegeltreppe uh Wehr Brandlecht", "km": "121+525", "rwert": 372411.0, "hwert": 5807269, "bemerk": null, "beschreib": "Schrägpegel mit Pegeltreppe unterhalb Wehr Brandlecht", "stat_von": 121525, "Artgeo": "p" }, "geometry": { "type": "Point", "coordinates": [ 793106.092331630759872, 6872916.427625558339059 ] } },
{ "type": "Feature", "properties": { "Art": "SON", "bw_id": "VEC_SON_121580", "name": "Böschungstreppe links Wehr Brandlecht", "km": "121+580", "rwert": 372417.0, "hwert": 5807205, "bemerk": null, "beschreib": "Böschungstreppe links Wehr Brandlecht", "stat_von": 121580, "Artgeo": "p" }, "geometry": { "type": "Point", "coordinates": [ 793118.619208521675318, 6872811.760887537151575 ] } },
{ "type": "Feature", "properties": { "Art": "SON", "bw_id": "VEC_SON_121585", "name": "Betriebsgebäude (Steuerung Wehr Brandlecht)", "km": "121+585", "rwert": 372434.0, "hwert": 5807211, "bemerk": null, "beschreib": "Betriebsgebäude (Steuerung Wehr Brandlecht)", "stat_von": 121585, "Artgeo": "p" }, "geometry": { "type": "Point", "coordinates": [ 793146.164674264960922, 6872822.320183224976063 ] } },
{ "type": "Feature", "properties": { "Art": "SON", "bw_id": "VEC_SON_121610", "name": "Böschungstreppe (obere Böschung)", "km": "121+610", "rwert": 372462.0, "hwert": 5807204, "bemerk": null, "beschreib": "Böschungstreppe (obere Böschung)", "stat_von": 121610, "Artgeo": "p" }, "geometry": { "type": "Point", "coordinates": [ 793192.249756437959149, 6872812.034897582605481 ] } },
{ "type": "Feature", "properties": { "Art": "SON", "bw_id": "VEC_SON_101835", "name": "Bootsanleger UW Wehr Neuenhaus", "km": "101+835", "rwert": 361870.0, "hwert": 5819406, "bemerk": null, "beschreib": "Bootsanleger UW Wehr Neuenhaus", "stat_von": 101835, "Artgeo": "p" }, "geometry": { "type": "Point", "coordinates": [ 775310.399751709424891, 6892368.652864503674209 ] } },
{ "type": "Feature", "properties": { "Art": "SON", "bw_id": "VEC_SON_100850", "name": "Biotop (GB-NOH 3407/028)", "km": "100+850", "rwert": 361318.0, "hwert": 5820147, "bemerk": null, "beschreib": "Biotop (GB-NOH 3407/028) linksseitig auf dem Gebiet der Stadt Neuenhaus mit direkter Verbindung zur Vechte über Kastendurchlass (ID: 590)", "stat_von": 100850, "Artgeo": "p" }, "geometry": { "type": "Point", "coordinates": [ 774371.227420838433318, 6893560.717801176942885 ] } },
{ "type": "Feature", "properties": { "Art": "SON", "bw_id": "VEC_SON_101855", "name": "Böschungstreppe mit Schrägpegel uw Wehr", "km": "101+855", "rwert": 361886.0, "hwert": 5819401, "bemerk": null, "beschreib": "Pegel  (mit Böschungstreppe u. Schrägpegel)  im Unterwasser des Wehres Neuenhaus. Siehe auch Pegel-Online NLWKN : https://www.pegelonline.nlwkn.niedersachsen.de/Karte )", "stat_von": 101855, "Artgeo": "p" }, "geometry": { "type": "Point", "coordinates": [ 775336.856500450638123, 6892361.178145465441048 ] } },
{ "type": "Feature", "properties": { "Art": "SON", "bw_id": "VEC_SON_101900", "name": "Betriebsgebäude (Steuerhaus Vechtewehr Neuenhaus)", "km": "101+900", "rwert": 361934.0, "hwert": 5819404, "bemerk": null, "beschreib": "Betriebsgebäude (Steuerhaus Vechtewehr Neuenhaus) mit hydraulischer Anlage und Fernüberwachung", "stat_von": 101900, "Artgeo": "p" }, "geometry": { "type": "Point", "coordinates": [ 775415.394950556335971, 6892368.331028299406171 ] } },
{ "type": "Feature", "properties": { "Art": "SON", "bw_id": "VEC_SON_101905", "name": "Böschungstreppe oh Wehr Neuenhaus rechts", "km": "101+905", "rwert": 361936.0, "hwert": 5819421, "bemerk": null, "beschreib": "Böschungstreppe oberhalb Wehr Neuenhaus rechts", "stat_von": 101905, "Artgeo": "p" }, "geometry": { "type": "Point", "coordinates": [ 775417.887853161082603, 6892396.358080041594803 ] } },
{ "type": "Feature", "properties": { "Art": "SON", "bw_id": "VEC_SON_101925", "name": "Böschungstreppe mit Schrägpegel oh Wehr Neuenhaus links", "km": "101+925", "rwert": 361954.0, "hwert": 5819382, "bemerk": null, "beschreib": "Böschungstreppe mit Schrägpegel oberhalb Wehr Neuenhaus links", "stat_von": 101925, "Artgeo": "p" }, "geometry": { "type": "Point", "coordinates": [ 775449.193226770730689, 6892333.106864579953253 ] } },
{ "type": "Feature", "properties": { "Art": "SON", "bw_id": "VEC_SON_101950", "name": "Kläranlage Neuenhaus", "km": "101+950", "rwert": 361971.0, "hwert": 5819342, "bemerk": null, "beschreib": "Kläranlage Neuenhaus", "stat_von": 101950, "Artgeo": "p" }, "geometry": { "type": "Point", "coordinates": [ 775478.90519683167804, 6892268.166536971926689 ] } },
{ "type": "Feature", "properties": { "Art": "SON", "bw_id": "VEC_SON_106175", "name": "Auskolkung unterhalb Wehr Grasdorf", "km": "106+175", "rwert": 364642.0, "hwert": 5817122, "bemerk": null, "beschreib": "Auskolkung rechts (unterhalb Wehr Grasdorf)", "stat_von": 106175, "Artgeo": "p" }, "geometry": { "type": "Point", "coordinates": [ 779957.476497133611701, 6888743.450223719701171 ] } },
{ "type": "Feature", "properties": { "Art": "SON", "bw_id": "VEC_SON_106325", "name": "Böschungstreppe mit Schrägpegel uh Wehr Grasdorf", "km": "106+325", "rwert": 364731.0, "hwert": 5816999, "bemerk": null, "beschreib": "Böschungstreppe mit Schrägpegel unterhalb Wehr Grasdorf", "stat_von": 106325, "Artgeo": "p" }, "geometry": { "type": "Point", "coordinates": [ 780108.855409553856589, 6888545.459168251603842 ] } },
{ "type": "Feature", "properties": { "Art": "SON", "bw_id": "VEC_SON_106370", "name": "Betriebsgebäude (Steuerung Wehr Grasdorf)", "km": "106+370", "rwert": 364739.0, "hwert": 5816952, "bemerk": null, "beschreib": "Betriebsgebäude (Steuerung Wehr Grasdorf)", "stat_von": 106370, "Artgeo": "p" }, "geometry": { "type": "Point", "coordinates": [ 780124.086822539567947, 6888468.626141554675996 ] } },
{ "type": "Feature", "properties": { "Art": "SON", "bw_id": "VEC_SON_106390", "name": "Böschungstreppe mit Schrägpegel oh Wehr Grasdorf", "km": "106+390", "rwert": 364763.0, "hwert": 5816939, "bemerk": null, "beschreib": "Böschungstreppe mit Schrägpegel oberhalb Wehr Grasdorf", "stat_von": 106390, "Artgeo": "p" }, "geometry": { "type": "Point", "coordinates": [ 780163.994875068427064, 6888448.361723881214857 ] } },
{ "type": "Feature", "properties": { "Art": "SON", "bw_id": "VEC_SON_108975", "name": "Betriebspegel Brücke De-Wilde-Straße", "km": "108+975", "rwert": 365702.0, "hwert": 5814832, "bemerk": null, "beschreib": "An der Brücke de Wilde Straße wurde in 2017 ein Betriebspegel im Zuge des Stauniederlegungsverfahrens für das Wehr Grasdorf eingerichtet. der Pegelnullpunkt liegt bei 14,271 m NN. Der Pegel wird durch den GB 3 betrieben.", "stat_von": 108975, "Artgeo": "p" }, "geometry": { "type": "Point", "coordinates": [ 781796.925514457165264, 6885030.810771169140935 ] } },
{ "type": "Feature", "properties": { "Art": "SON", "bw_id": "VEC_SON_109040", "name": "Betriebsgebäude (Stützpunkt Frenswegen)", "km": "109+040", "rwert": 365689.0, "hwert": 5814758, "bemerk": "De-Wilde-Str. 1, 48527 Nordhorn", "beschreib": "NLWKN Betriebshof Georgsdorf,Stützpunkt Frenswegen", "stat_von": 109040, "Artgeo": "p" }, "geometry": { "type": "Point", "coordinates": [ 781778.953373992815614, 6884908.736537876538932 ] } },
{ "type": "Feature", "properties": { "Art": "SON", "bw_id": "VEC_SON_109150", "name": "Lagerplatte Stützpunkt Frenswegen (mit Pflanzenkläranlage)", "km": "109+150", "rwert": 365617.0, "hwert": 5814724, "bemerk": null, "beschreib": "Lagerplatte u. Pflanzenkläranlage Stützpunkt Frenswegen links", "stat_von": 109150, "Artgeo": "p" }, "geometry": { "type": "Point", "coordinates": [ 781662.56788012792822, 6884849.680676626041532 ] } },
{ "type": "Feature", "properties": { "Art": "SON", "bw_id": "VEC_SON_109610", "name": "Überlaufschwelle Altarm Frenswegen", "km": "109+610", "rwert": 365948.0, "hwert": 5814606, "bemerk": null, "beschreib": "Überlaufschwelle Altarm Frenswegen", "stat_von": 109610, "Artgeo": "p" }, "geometry": { "type": "Point", "coordinates": [ 782209.905921901226975, 6884670.823570668697357 ] } },
{ "type": "Feature", "properties": { "Art": "SON", "bw_id": "VEC_SON_111725", "name": "Bootsanleger Kloster Frenswegen", "km": "111+725", "rwert": 367011.0, "hwert": 5813412, "bemerk": "!!Vertrag akualisieren!! !!Akz nachtragen!! !!Bestandspläne gem. Vertrag!!", "beschreib": "Der NLWKN als Grundstückseigentümer gestattet dem Nutzer die Inanspruchnahme von Teilflächen des Flurstückes 72/20, Flur 28, Gemarkung Nordhorn (Abs. 2 und Abs. 3) zum Bau eines Kanuanlegers und seiner Benutzung.", "stat_von": 111725, "Artgeo": "p" }, "geometry": { "type": "Point", "coordinates": [ 784003.673608823795803, 6882758.331821379251778 ] } },
{ "type": "Feature", "properties": { "Art": "SON", "bw_id": "VEC_SON_111855", "name": "??", "km": "111+855", "rwert": 367097.0, "hwert": 5813312, "bemerk": null, "beschreib": "??", "stat_von": 111855, "Artgeo": "p" }, "geometry": { "type": "Point", "coordinates": [ 784148.908525305683725, 6882598.023714656941593 ] } },
{ "type": "Feature", "properties": { "Art": "SON", "bw_id": "VEC_SON_115145", "name": "Bootsanleger am Schweinemarkt (Rawe-Ring-Center)", "km": "115+145", "rwert": 368879.0, "hwert": 5811444, "bemerk": null, "beschreib": "Bootsanleger für die Jantje  am Schweinemarkt.Die Jantje ist ein Plattbodenschiff und wurde 1923 in Delftzijl in den Niederlanden erbaut.", "stat_von": 115145, "Artgeo": "p" }, "geometry": { "type": "Point", "coordinates": [ 787148.092776339966804, 6879611.244462939910591 ] } },
{ "type": "Feature", "properties": { "Art": "SON", "bw_id": "VEC_SON_114240", "name": "Böschungstreppe (obere Böschung), Ölmühlenarm", "km": "114+240", "rwert": 368193.0, "hwert": 5811628, "bemerk": null, "beschreib": "Böschungstreppe (obere Böschung), Ölmühlenarm", "stat_von": 114240, "Artgeo": "p" }, "geometry": { "type": "Point", "coordinates": [ 786017.295561970211565, 6879883.012721849605441 ] } },
{ "type": "Feature", "properties": { "Art": "SON", "bw_id": "VEC_SON_114375", "name": "Böschungstreppe (obere Böschung)", "km": "114+375", "rwert": 368329.0, "hwert": 5811604, "bemerk": null, "beschreib": "Böschungstreppe (obere Böschung)", "stat_von": 114375, "Artgeo": "p" }, "geometry": { "type": "Point", "coordinates": [ 786240.935274160350673, 6879849.620089639909565 ] } },
{ "type": "Feature", "properties": { "Art": "SON", "bw_id": "VEC_SON_114420", "name": "Böschungstreppe uh Brücke Stadtring (rechtes)", "km": "114+420", "rwert": 368365.0, "hwert": 5811570, "bemerk": null, "beschreib": "Böschungstreppe uh Brücke Stadtring (rechtes)", "stat_von": 114420, "Artgeo": "p" }, "geometry": { "type": "Point", "coordinates": [ 786301.346514762029983, 6879795.417842012830079 ] } },
{ "type": "Feature", "properties": { "Art": "SON", "bw_id": "VEC_SON_114430", "name": "Böschungstreppe uh Brücke Stadtring links", "km": "114+430", "rwert": 368357.0, "hwert": 5811551, "bemerk": null, "beschreib": "Böschungstreppe uh Brücke Stadtring links", "stat_von": 114430, "Artgeo": "p" }, "geometry": { "type": "Point", "coordinates": [ 786289.086829792126082, 6879763.891863410361111 ] } },
{ "type": "Feature", "properties": { "Art": "SON", "bw_id": "VEC_SON_114445", "name": "Böschungstreppe oh Brücke Stadtring rechts", "km": "114+445", "rwert": 368386.0, "hwert": 5811556, "bemerk": null, "beschreib": "Böschungstreppe oh Brücke Stadtring rechts", "stat_von": 114445, "Artgeo": "p" }, "geometry": { "type": "Point", "coordinates": [ 786336.330186072969809, 6879773.370818416588008 ] } },
{ "type": "Feature", "properties": { "Art": "SON", "bw_id": "VEC_SON_114600", "name": "Böschungstreppe links obere Böschung", "km": "114+600", "rwert": 368456.0, "hwert": 5811409, "bemerk": null, "beschreib": "Böschungstreppe links obere Böschung", "stat_von": 114600, "Artgeo": "p" }, "geometry": { "type": "Point", "coordinates": [ 786457.339026594767347, 6879535.261763971298933 ] } },
{ "type": "Feature", "properties": { "Art": "SON", "bw_id": "VEC_SON_114660", "name": "Böschungstreppe obere Böschung links", "km": "114+660", "rwert": 368506.0, "hwert": 5811372, "bemerk": null, "beschreib": "Böschungstreppe obere Böschung links", "stat_von": 114660, "Artgeo": "p" }, "geometry": { "type": "Point", "coordinates": [ 786540.790120847523212, 6879476.752849207259715 ] } },
{ "type": "Feature", "properties": { "Art": "SON", "bw_id": "VEC_SON_114760", "name": "Kolk am Ölmühenwehr", "km": "114+760", "rwert": 368610.0, "hwert": 5811384, "bemerk": null, "beschreib": "Kolk am Ölmühenwehr", "stat_von": 114760, "Artgeo": "p" }, "geometry": { "type": "Point", "coordinates": [ 786710.469901504577138, 6879501.007504391483963 ] } },
{ "type": "Feature", "properties": { "Art": "SON", "bw_id": "VEC_SON_114785", "name": "Böschungstreppe uh Ölmühlenwehr", "km": "114+785", "rwert": 368631.0, "hwert": 5811353, "bemerk": null, "beschreib": "Böschungstreppe uh Ölmühlenwehr", "stat_von": 114785, "Artgeo": "p" }, "geometry": { "type": "Point", "coordinates": [ 786746.195336342207156, 6879451.067806952632964 ] } },
{ "type": "Feature", "properties": { "Art": "SON", "bw_id": "VEC_SON_114810", "name": "Betriebsgebäude (Wehrsteuerung Ölmühlenwehr)", "km": "114+810", "rwert": 368658.0, "hwert": 5811370, "bemerk": null, "beschreib": "Betriebsgebäude (Wehrsteuerung Ölmühlenwehr)", "stat_von": 114810, "Artgeo": "p" }, "geometry": { "type": "Point", "coordinates": [ 786789.639102957677096, 6879480.144179870374501 ] } },
{ "type": "Feature", "properties": { "Art": "SON", "bw_id": "VEC_SON_114820", "name": "Infotafel Ölmühlenwehr", "km": "114+820", "rwert": 368668.0, "hwert": 5811340, "bemerk": null, "beschreib": "Infotafel Ölmühlenwehr", "stat_von": 114820, "Artgeo": "p" }, "geometry": { "type": "Point", "coordinates": [ 786807.317822028533556, 6879431.362378692254424 ] } },
{ "type": "Feature", "properties": { "Art": "SON", "bw_id": "VEC_SON_114950", "name": "Hafen Am Schweinemarkt", "km": "114+950", "rwert": 368672.0, "hwert": 5811481, "bemerk": null, "beschreib": "Hafen für Freizeitboote am Schweinemarkt gegenüber Rawe-Ringcenter", "stat_von": 114950, "Artgeo": "p" }, "geometry": { "type": "Point", "coordinates": [ 786807.693885453161784, 6879662.876930757425725 ] } },
{ "type": "Feature", "properties": { "Art": "SON", "bw_id": "VEC_SON_115395", "name": "Bootsanleger VVV Turm", "km": "115+395", "rwert": 369034.0, "hwert": 5811251, "bemerk": null, "beschreib": "Bootsanleger VVV Turm", "stat_von": 115395, "Artgeo": "p" }, "geometry": { "type": "Point", "coordinates": [ 787410.191345359198749, 6879301.376586771570146 ] } },
{ "type": "Feature", "properties": { "Art": "SON", "bw_id": "VEC_SON_116100", "name": "Sandfang Nordhorn", "km": "116+100", "rwert": 369464.0, "hwert": 5810860, "bemerk": null, "beschreib": "Vechtesee (Sandfang) Nordhorn. Ca. 16 ha Wasserfläche mit Tiefen bis 10 m", "stat_von": 116100, "Artgeo": "p" }, "geometry": { "type": "Point", "coordinates": [ 788130.917983647203073, 6878678.680694297887385 ] } },
{ "type": "Feature", "properties": { "Art": "SON", "bw_id": "VEC_SON_121625", "name": "Schrägpegel mit Treppe oh Wehr Brandlecht", "km": "121+625", "rwert": 372466.0, "hwert": 5807187, "bemerk": null, "beschreib": "Schrägpegel mit Treppe oberhalb Wehr Brandlecht", "stat_von": 121625, "Artgeo": "p" }, "geometry": { "type": "Point", "coordinates": [ 793199.511805314570665, 6872784.335275722667575 ] } },
{ "type": "Feature", "properties": { "Art": "SON", "bw_id": "VEC_SON_122960", "name": "Kolk rechtseitig", "km": "122+960", "rwert": 373552.0, "hwert": 5806580, "bemerk": null, "beschreib": "Kolk rechtseitig", "stat_von": 122960, "Artgeo": "p" }, "geometry": { "type": "Point", "coordinates": [ 795000.962963859084994, 6871835.242795665748417 ] } },
{ "type": "Feature", "properties": { "Art": "SON", "bw_id": "VEC_SON_123040", "name": "Fundamentreste in Sohle und Böschung", "km": "123+040", "rwert": 373629.0, "hwert": 5806555, "bemerk": null, "beschreib": "Fundamentreste in Sohle und Böschung", "stat_von": 123040, "Artgeo": "p" }, "geometry": { "type": "Point", "coordinates": [ 795127.91657702322118, 6871797.506034811958671 ] } },
{ "type": "Feature", "properties": { "Art": "SON", "bw_id": "VEC_SON_123435", "name": "Kolk linksseitig in Außenkurve (Fläche bereits betroffen)", "km": "123+435", "rwert": 373918.0, "hwert": 5806310, "bemerk": null, "beschreib": "Kolk linksseitig in Außenkurve (Fläche bereits betroffen)", "stat_von": 123435, "Artgeo": "p" }, "geometry": { "type": "Point", "coordinates": [ 795610.729193697217852, 6871408.064771289005876 ] } },
{ "type": "Feature", "properties": { "Art": "SON", "bw_id": "VEC_SON_124115", "name": "Bootsanleger oberhalb Brücke", "km": "124+115", "rwert": 374493.0, "hwert": 5806139, "bemerk": "??prüfen", "beschreib": "Bootsanleger oberhalb Brücke", "stat_von": 124115, "Artgeo": "p" }, "geometry": { "type": "Point", "coordinates": [ 796558.00644344300963, 6871151.875843079760671 ] } },
{ "type": "Feature", "properties": { "Art": "SON", "bw_id": "VEC_SON_124450", "name": "Kolk beidseitig unterhalb Sohlgleite Eistrup", "km": "124+450", "rwert": 374712.0, "hwert": 5805891, "bemerk": null, "beschreib": "Kolk beidseitig unterhalb Sohlgleite Eistrup", "stat_von": 124450, "Artgeo": "p" }, "geometry": { "type": "Point", "coordinates": [ 796926.393543800106272, 6870754.540264621376991 ] } },
{ "type": "Feature", "properties": { "Art": "SON", "bw_id": "VEC_SON_125020", "name": "Kolk linksseitig in Außenkurve (Fläche bereits betroffen)", "km": "125+020", "rwert": 375202.0, "hwert": 5805643, "bemerk": null, "beschreib": "Kolk linksseitig in Außenkurve (Fläche bereits betroffen)", "stat_von": 125020, "Artgeo": "p" }, "geometry": { "type": "Point", "coordinates": [ 797737.783792014699429, 6870368.483540888875723 ] } },
{ "type": "Feature", "properties": { "Art": "SON", "bw_id": "VEC_SON_125325", "name": "Kolk linksseitig in Innerkurve (Fläche bereits betroffen)", "km": "125+325", "rwert": 375483.0, "hwert": 5805575, "bemerk": null, "beschreib": "Kolk linksseitig in Innerkurve (Fläche bereits betroffen)", "stat_von": 125325, "Artgeo": "p" }, "geometry": { "type": "Point", "coordinates": [ 798199.986359804170206, 6870268.703203189186752 ] } },
{ "type": "Feature", "properties": { "Art": "SON", "bw_id": "VEC_SON_127095", "name": "Kolk rechtsseitig unterhalb Sohlgleite Rohrbachstau", "km": "127+095", "rwert": 376721.0, "hwert": 5804575, "bemerk": "in Außenkurve rechtsseitig (Fläche bereits betroff", "beschreib": "Kolk rechtsseitig unterhalb Sohlgleite Rohrbachstau", "stat_von": 127095, "Artgeo": "p" }, "geometry": { "type": "Point", "coordinates": [ 800264.855194827076048, 6868681.006507077254355 ] } },
{ "type": "Feature", "properties": { "Art": "SON", "bw_id": "VEC_SON_127355", "name": "Kunstprojekt \"Raumansichten\"", "km": "127+355", "rwert": 376800.0, "hwert": 5804442, "bemerk": null, "beschreib": "Kunstprojekt \"Raumansichten\"", "stat_von": 127355, "Artgeo": "p" }, "geometry": { "type": "Point", "coordinates": [ 800399.422679457580671, 6868466.31391572766006 ] } },
{ "type": "Feature", "properties": { "Art": "SON", "bw_id": "VEC_SON_127805", "name": "Kolk beidseitig", "km": "127+805", "rwert": 376906.0, "hwert": 5803908, "bemerk": "Außenkurvedroht in Talgraben links durchzubrechen)", "beschreib": "Kolk beidseitig", "stat_von": 127805, "Artgeo": "p" }, "geometry": { "type": "Point", "coordinates": [ 800594.499289764557034, 6867595.705033491365612 ] } },
{ "type": "Feature", "properties": { "Art": "SON", "bw_id": "VEC_SON_127810", "name": "Mauerrest in Böschung", "km": "127+810", "rwert": 376897.0, "hwert": 5803902, "bemerk": null, "beschreib": "Mauerrest in Böschung", "stat_von": 127810, "Artgeo": "p" }, "geometry": { "type": "Point", "coordinates": [ 800580.035799085977487, 6867585.505945008248091 ] } },
{ "type": "Feature", "properties": { "Art": "SON", "bw_id": "VEC_SON_127935", "name": "Kolk rechtsseitig in Außenkurve", "km": "127+935", "rwert": 376984.0, "hwert": 5803805, "bemerk": null, "beschreib": "Kolk rechtsseitig in Außenkurve", "stat_von": 127935, "Artgeo": "p" }, "geometry": { "type": "Point", "coordinates": [ 800726.180349925649352, 6867430.145263882353902 ] } },
{ "type": "Feature", "properties": { "Art": "SON", "bw_id": "VEC_SON_127960", "name": "Kolk rechtsseitig in Außenkurve", "km": "127+960", "rwert": 376997.0, "hwert": 5803783, "bemerk": null, "beschreib": "Kolk rechtsseitig in Außenkurve", "stat_von": 127960, "Artgeo": "p" }, "geometry": { "type": "Point", "coordinates": [ 800748.32399962132331, 6867394.633320729248226 ] } },
{ "type": "Feature", "properties": { "Art": "SON", "bw_id": "VEC_SON_128495", "name": "Kolk rechtsseitig (Fläche bereits betroffen)", "km": "128+495", "rwert": 377046.0, "hwert": 5803257, "bemerk": null, "beschreib": "Kolk rechtsseitig (Fläche bereits betroffen)", "stat_von": 128495, "Artgeo": "p" }, "geometry": { "type": "Point", "coordinates": [ 800849.866409798734821, 6866534.904648424126208 ] } },
{ "type": "Feature", "properties": { "Art": "SON", "bw_id": "VEC_SON_129900", "name": "Kolk beidseitig", "km": "129+900", "rwert": 376439.0, "hwert": 5802285, "bemerk": null, "beschreib": "Kolk beidseitig", "stat_von": 129900, "Artgeo": "p" }, "geometry": { "type": "Point", "coordinates": [ 799897.824100423255004, 6864917.863345760852098 ] } },
{ "type": "Feature", "properties": { "Art": "SON", "bw_id": "VEC_SON_130765", "name": "Kolk rechtsseitig (auf Landesfläche)", "km": "130+765", "rwert": 376485.0, "hwert": 5801442, "bemerk": null, "beschreib": "Kolk rechtsseitig (auf Landesfläche)", "stat_von": 130765, "Artgeo": "p" }, "geometry": { "type": "Point", "coordinates": [ 800007.502279206644744, 6863539.156457000412047 ] } },
{ "type": "Feature", "properties": { "Art": "SON", "bw_id": "VEC_SON_130805", "name": "Kolk rechtsseitig (auf Landesfläche)", "km": "130+805", "rwert": 376489.0, "hwert": 5801401, "bemerk": null, "beschreib": "Kolk rechtsseitig (auf Landesfläche)", "stat_von": 130805, "Artgeo": "p" }, "geometry": { "type": "Point", "coordinates": [ 800015.714904705761001, 6863472.1801891727373 ] } },
{ "type": "Feature", "properties": { "Art": "SON", "bw_id": "VEC_SON_131025", "name": "Kolk beidseitig unterhalb Sohlgleite Löbmann", "km": "131+025", "rwert": 376366.0, "hwert": 5801222, "bemerk": null, "beschreib": "Kolk beidseitig unterhalb Sohlgleite Löbmann", "stat_von": 131025, "Artgeo": "p" }, "geometry": { "type": "Point", "coordinates": [ 799822.135758770862594, 6863174.010382993146777 ] } },
{ "type": "Feature", "properties": { "Art": "SON", "bw_id": "VEC_SON_131245", "name": "Kolk beidseitig unterhalb Sohlgleite Löpmann", "km": "131+245", "rwert": 376284.0, "hwert": 5801033, "bemerk": null, "beschreib": "Kolk beidseitig unterhalb Sohlgleite Löpmann", "stat_von": 131245, "Artgeo": "p" }, "geometry": { "type": "Point", "coordinates": [ 799695.947573236655444, 6862861.158363911323249 ] } },
{ "type": "Feature", "properties": { "Art": "SON", "bw_id": "VEC_SON_131260", "name": "Alter Dükerest", "km": "131+260", "rwert": 376278.0, "hwert": 5801016, "bemerk": null, "beschreib": "Alter Dükerest", "stat_von": 131260, "Artgeo": "p" }, "geometry": { "type": "Point", "coordinates": [ 799686.844688367447816, 6862833.075289013795555 ] } },
{ "type": "Feature", "properties": { "Art": "SON", "bw_id": "VEC_SON_131445", "name": "Kolk beidseitig unterhalb Brücke A30", "km": "131+445", "rwert": 376361.0, "hwert": 5800862, "bemerk": null, "beschreib": "Kolk beidseitig unterhalb Brücke A30", "stat_von": 131445, "Artgeo": "p" }, "geometry": { "type": "Point", "coordinates": [ 799828.721238198457286, 6862584.325015191920102 ] } },
{ "type": "Feature", "properties": { "Art": "SON", "bw_id": "VEC_SON_135420", "name": "Entnahme, Punkt B, Gathmann & Gerdemann", "km": "135+420", "rwert": 379017.0, "hwert": 5798462, "bemerk": "A-001 (aktiv, real), Punkt B, Gathmann & Gerdemann", "beschreib": "Entnahme, Punkt B, Gathmann & Gerdemann", "stat_von": 135420, "Artgeo": "p" }, "geometry": { "type": "Point", "coordinates": [ 804262.950588577310555, 6858763.349192217923701 ] } },
{ "type": "Feature", "properties": { "Art": "SON", "bw_id": "VEC_SON_135470", "name": "Entnahme, Punkt A, Gathmann & Gerdemann", "km": "135+470", "rwert": 379116.0, "hwert": 5798448, "bemerk": "A-001 (aktiv, real), Punkt A, Gathmann & Gerdemann", "beschreib": "Entnahme, Punkt A, Gathmann & Gerdemann", "stat_von": 135470, "Artgeo": "p" }, "geometry": { "type": "Point", "coordinates": [ 804425.132322870078497, 6858744.408998162485659 ] } },
{ "type": "Feature", "properties": { "Art": "SON", "bw_id": "VEC_SON_136350", "name": "Sandfang Schüttorf", "km": "136+350", "rwert": 379702.0, "hwert": 5797860, "bemerk": null, "beschreib": "Vechtesandfang Schüttorf", "stat_von": 136350, "Artgeo": "p" }, "geometry": { "type": "Point", "coordinates": [ 805405.21293816762045, 6857805.559661865234375 ] } },
{ "type": "Feature", "properties": { "Art": "SON", "bw_id": "VEC_SON_138575", "name": "Pegellatte (Schräg mit Böschungstreppe) UW Wehr Samern", "km": "138+575", "rwert": 380129.0, "hwert": 5796058, "bemerk": "Zeigt zum Zeitpunkt der Aufnahme einen Wasserstand", "beschreib": "Pegellatte (Schräg mit Böschungstreppe) unterhalb Wehr Samern", "stat_von": 138575, "Artgeo": "p" }, "geometry": { "type": "Point", "coordinates": [ 806173.674731842242181, 6854874.17651235871017 ] } },
{ "type": "Feature", "properties": { "Art": "SON", "bw_id": "VEC_SON_138650", "name": "Betriebsgebäude (Steuerung Wehr Samern)", "km": "138+650", "rwert": 380182.0, "hwert": 5796003, "bemerk": null, "beschreib": "Betriebsgebäude (Steuerung Wehr Samern)", "stat_von": 138650, "Artgeo": "p" }, "geometry": { "type": "Point", "coordinates": [ 806262.337102906429209, 6854786.308589117601514 ] } },
{ "type": "Feature", "properties": { "Art": "SON", "bw_id": "VEC_SON_138705", "name": "Pegellatte (Schräg mit Böschungstreppe) OW Wehr Samern", "km": "138+705", "rwert": 380235.0, "hwert": 5795985, "bemerk": null, "beschreib": "Pegellatte (Schräg mit Böschungstreppe) oberhalb Wehr Samern", "stat_von": 138705, "Artgeo": "p" }, "geometry": { "type": "Point", "coordinates": [ 806349.532661767792888, 6854758.96719918679446 ] } },
{ "type": "Feature", "properties": { "Art": "SON", "bw_id": "VEC_SON_139860", "name": "Auskolkung (Mündung Junkergraben)", "km": "139+860", "rwert": 381053.0, "hwert": 5795213, "bemerk": "Die Auskolkung befindet sich unterhalb des hier eh", "beschreib": "Auskolkung (Mündung Junkergraben)", "stat_von": 139860, "Artgeo": "p" }, "geometry": { "type": "Point", "coordinates": [ 807714.659400139236823, 6853528.52543125487864 ] } },
{ "type": "Feature", "properties": { "Art": "SON", "bw_id": "VEC_SON_139965", "name": "Riegel 6, Sohlgleite Samern", "km": "139+965", "rwert": 381081.0, "hwert": 5795117, "bemerk": "Im Bereich des Riegels 6 befinden sich Abbruchstel", "beschreib": "Riegel 6, Sohlgleite Samern", "stat_von": 139965, "Artgeo": "p" }, "geometry": { "type": "Point", "coordinates": [ 807764.114068795810454, 6853372.610318628139794 ] } },
{ "type": "Feature", "properties": { "Art": "SON", "bw_id": "VEC_SON_140055", "name": "Riegel 5, Sohlgleite Samern", "km": "140+055", "rwert": 381075.0, "hwert": 5795027, "bemerk": null, "beschreib": "Riegel 5, Sohlgleite Samern", "stat_von": 140055, "Artgeo": "p" }, "geometry": { "type": "Point", "coordinates": [ 807757.861815611366183, 6853225.172036732546985 ] } },
{ "type": "Feature", "properties": { "Art": "SON", "bw_id": "VEC_SON_140075", "name": "Kolk linksseitig in Außenkurve", "km": "140+075", "rwert": 381054.0, "hwert": 5795006, "bemerk": "Massnahmen??", "beschreib": "Kolk linksseitig in Außenkurve", "stat_von": 140075, "Artgeo": "p" }, "geometry": { "type": "Point", "coordinates": [ 807724.426726606790908, 6853189.997971422038972 ] } },
{ "type": "Feature", "properties": { "Art": "SON", "bw_id": "VEC_SON_140140", "name": "Bauwerksrest (Fundamente) im U-Weg", "km": "140+140", "rwert": 381086.0, "hwert": 5794948, "bemerk": null, "beschreib": "Bauwerksrest (Fundamente) im U-Weg", "stat_von": 140140, "Artgeo": "p" }, "geometry": { "type": "Point", "coordinates": [ 807778.911694694543257, 6853096.396959598176181 ] } },
{ "type": "Feature", "properties": { "Art": "SON", "bw_id": "VEC_SON_140145", "name": "Riegel 4, Sohlgleite Samern", "km": "140+145", "rwert": 381077.0, "hwert": 5794940, "bemerk": null, "beschreib": "Riegel 4, Sohlgleite Samern", "stat_von": 140145, "Artgeo": "p" }, "geometry": { "type": "Point", "coordinates": [ 807764.543227968970314, 6853082.958170609548688 ] } },
{ "type": "Feature", "properties": { "Art": "SON", "bw_id": "VEC_SON_140020", "name": "Bauwerksrest in U-Weg", "km": "140+020", "rwert": 381089.0, "hwert": 5795061, "bemerk": null, "beschreib": "Bauwerksrest in U-Weg", "stat_von": 140020, "Artgeo": "p" }, "geometry": { "type": "Point", "coordinates": [ 807779.366222404292785, 6853281.332827221602201 ] } },
{ "type": "Feature", "properties": { "Art": "SON", "bw_id": "VEC_SON_140235", "name": "Riegel 3, Sohlgleite Samern", "km": "140+235", "rwert": 381138.0, "hwert": 5794875, "bemerk": null, "beschreib": "Riegel 3, Sohlgleite Samern", "stat_von": 140235, "Artgeo": "p" }, "geometry": { "type": "Point", "coordinates": [ 807866.612551284953952, 6852979.05137340631336 ] } },
{ "type": "Feature", "properties": { "Art": "SON", "bw_id": "VEC_SON_140320", "name": "Riegel 2, Sohlgleite Samern", "km": "140+320", "rwert": 381207.0, "hwert": 5794824, "bemerk": null, "beschreib": "Riegel 2, Sohlgleite Samern", "stat_von": 140320, "Artgeo": "p" }, "geometry": { "type": "Point", "coordinates": [ 807981.180830753990449, 6852898.356287715025246 ] } },
{ "type": "Feature", "properties": { "Art": "SON", "bw_id": "VEC_SON_140410", "name": "Riegel 1, Sohlgleite Samern", "km": "140+410", "rwert": 381283.0, "hwert": 5794770, "bemerk": null, "beschreib": "Riegel 1, Sohlgleite Samern", "stat_von": 140410, "Artgeo": "p" }, "geometry": { "type": "Point", "coordinates": [ 808107.284081564866938, 6852813.029138603247702 ] } },
{ "type": "Feature", "properties": { "Art": "SON", "bw_id": "VEC_SON_140470", "name": "Kolk beidseitig unterhalb Sohlgleite", "km": "140+470", "rwert": 381327.0, "hwert": 5794742, "bemerk": "Kolk grenzt beidseitig an öffentliche Flächen (Sam", "beschreib": "Kolk beidseitig unterhalb Sohlgleite", "stat_von": 140470, "Artgeo": "p" }, "geometry": { "type": "Point", "coordinates": [ 808180.162081749294885, 6852768.965504656545818 ] } },
{ "type": "Feature", "properties": { "Art": "SON", "bw_id": "VEC_SON_141765", "name": "Kolk rechtsseitig in Außenkurve (Fläche bereits betroffen)", "km": "141+765", "rwert": 382302.0, "hwert": 5793991, "bemerk": null, "beschreib": "Kolk rechtsseitig in Außenkurve (Fläche bereits betroffen)", "stat_von": 141765, "Artgeo": "p" }, "geometry": { "type": "Point", "coordinates": [ 809799.944233143003657, 6851578.96756898984313 ] } },
{ "type": "Feature", "properties": { "Art": "SON", "bw_id": "VEC_SON_142140", "name": "Kolk rechtsseitig in Außenkurve", "km": "142+140", "rwert": 382468.0, "hwert": 5793691, "bemerk": null, "beschreib": "Kolk rechtsseitig in Außenkurve", "stat_von": 142140, "Artgeo": "p" }, "geometry": { "type": "Point", "coordinates": [ 810082.355838124058209, 6851094.871365394443274 ] } },
{ "type": "Feature", "properties": { "Art": "SON", "bw_id": "VEC_SON_142250", "name": "Kolk rechtsseitig in Außenkurve", "km": "142+250", "rwert": 382547.0, "hwert": 5793618, "bemerk": null, "beschreib": "Kolk rechtsseitig in Außenkurve", "stat_von": 142250, "Artgeo": "p" }, "geometry": { "type": "Point", "coordinates": [ 810214.038853059057146, 6850978.578624009154737 ] } },
{ "type": "Feature", "properties": { "Art": "SON", "bw_id": "VEC_SON_142370", "name": "Kolk rechtsseitig in Außenkurve (Fläche bereits betroffen)", "km": "142+370", "rwert": 382586.0, "hwert": 5793504, "bemerk": null, "beschreib": "Kolk rechtsseitig in Außenkurve (Fläche bereits betroffen)", "stat_von": 142370, "Artgeo": "p" }, "geometry": { "type": "Point", "coordinates": [ 810282.067816659691744, 6850793.691987339407206 ] } },
{ "type": "Feature", "properties": { "Art": "SON", "bw_id": "VEC_SON_142630", "name": "Entnahmestelle (für Güllefass??)", "km": "142+630", "rwert": 382713.0, "hwert": 5793277, "bemerk": "Entnahme prüfen und ggf. den Landwirt (Herrn Eiler", "beschreib": "Entnahmestelle (für Güllefass??)", "stat_von": 142630, "Artgeo": "p" }, "geometry": { "type": "Point", "coordinates": [ 810497.991858686087653, 6850427.466906921938062 ] } },
{ "type": "Feature", "properties": { "Art": "SON", "bw_id": "VEC_SON_143135", "name": "Steganlage links als Kragelement mit Geländer (Privat)", "km": "143+135", "rwert": 382814.0, "hwert": 5792876, "bemerk": "Genehmigung??", "beschreib": "Steganlage links als Kragelement mit Geländer (Privat)", "stat_von": 143135, "Artgeo": "p" }, "geometry": { "type": "Point", "coordinates": [ 810678.224701860803179, 6849775.768231769092381 ] } },
{ "type": "Feature", "properties": { "Art": "SON", "bw_id": "VEC_SON_143145", "name": "Sohlabsturz Ohne", "km": "143+145", "rwert": 382828.0, "hwert": 5792876, "bemerk": null, "beschreib": "Sohlabsturz Ohne", "stat_von": 143145, "Artgeo": "p" }, "geometry": { "type": "Point", "coordinates": [ 810701.055559277068824, 6849776.311049823649228 ] } },
{ "type": "Feature", "properties": { "Art": "SON", "bw_id": "VEC_SON_143200", "name": "Pegel Ohne", "km": "143+200", "rwert": 382878.0, "hwert": 5792855, "bemerk": null, "beschreib": "Pegel Ohne  (Siehe auch Pegelonline NLWKN: https://www.pegelonline.nlwkn.niedersachsen.de/Karte )", "stat_von": 143200, "Artgeo": "p" }, "geometry": { "type": "Point", "coordinates": [ 810783.406147099332884, 6849743.916504664346576 ] } },
{ "type": "Feature", "properties": { "Art": "SON", "bw_id": "VEC_SON_143201", "name": "Pegellatte (Schräg mit Böschungstreppe)", "km": "143+201", "rwert": 382875.0, "hwert": 5792851, "bemerk": null, "beschreib": "Pegellatte (Schräg mit Böschungstreppe) zum Pegel Ohne", "stat_von": 143201, "Artgeo": "p" }, "geometry": { "type": "Point", "coordinates": [ 810778.668465355061926, 6849737.260706598870456 ] } },
{ "type": "Feature", "properties": { "Art": "SON", "bw_id": "VEC_SON_143210", "name": "Sitzgelegenheit beim Pegelhaus Ohne", "km": "143+210", "rwert": 382889.0, "hwert": 5792857, "bemerk": "!!Bilder aktualisieren!!", "beschreib": "Sitzgelegenheit beim Pegelhaus am Pegel Ohne", "stat_von": 143210, "Artgeo": "p" }, "geometry": { "type": "Point", "coordinates": [ 810801.267311158007942, 6849747.61254339851439 ] } },
{ "type": "Feature", "properties": { "Art": "SON", "bw_id": "VEC_SON_143825", "name": "Kolk rechtsseitig in Außenkurve", "km": "143+825", "rwert": 383340.0, "hwert": 5792451, "bemerk": null, "beschreib": "Kolk rechtsseitig in Außenkurve", "stat_von": 143825, "Artgeo": "p" }, "geometry": { "type": "Point", "coordinates": [ 811552.377786687808111, 6849101.314937031827867 ] } },
{ "type": "Feature", "properties": { "Art": "SON", "bw_id": "VEC_SON_144275", "name": "Kolk linksseitig", "km": "144+275", "rwert": 383444.0, "hwert": 5792025, "bemerk": null, "beschreib": "Kolk linksseitig", "stat_von": 144275, "Artgeo": "p" }, "geometry": { "type": "Point", "coordinates": [ 811738.347743642400019, 6848408.94735867343843 ] } },
{ "type": "Feature", "properties": { "Art": "SON", "bw_id": "VEC_SON_74350", "name": "Biotop (G.Nr.: 3306002)", "km": "74+350", "rwert": 346139.0, "hwert": 5831390, "bemerk": null, "beschreib": "Biotop (G.Nr.: 3306002), Gemeinde Laar rechtsseitig mit freier Verbindung zur Vechte", "stat_von": 74350, "Artgeo": "p" }, "geometry": { "type": "Point", "coordinates": [ 748910.046286562806927, 6911309.571065649390221 ] } },
{ "type": "Feature", "properties": { "Art": "SON", "bw_id": "VEC_SON_74730", "name": "Biotop (G.Nr.: 3306002)", "km": "74+730", "rwert": 346271.0, "hwert": 5831610, "bemerk": null, "beschreib": "Biotop (G.Nr.: 3306002), rechtsseitig in der Gemeinde Laar ohne direkte Verbindung zur Vechte", "stat_von": 74730, "Artgeo": "p" }, "geometry": { "type": "Point", "coordinates": [ 749115.49892476585228, 6911678.724741888232529 ] } },
{ "type": "Feature", "properties": { "Art": "SON", "bw_id": "VEC_SON_75300", "name": "Gütemessstation (Pegel) Laar", "km": "75+300", "rwert": 346874.0, "hwert": 5831432, "bemerk": null, "beschreib": "Gütemessstation Laar des NLWKN (Siehe auch Güte-Online NLWKN : https://www.gewaessergueteonline.nlwkn.niedersachsen.de/Karte )", "stat_von": 75300, "Artgeo": "p" }, "geometry": { "type": "Point", "coordinates": [ 750115.28009456989821, 6911416.808538496494293 ] } },
{ "type": "Feature", "properties": { "Art": "SON", "bw_id": "VEC_SON_75390", "name": "Biotop (GB-NOH 3306/007)", "km": "75+390", "rwert": 346998.0, "hwert": 5831428, "bemerk": null, "beschreib": "Biotop (GB-NOH 3306/007) linksseitig in der Gemeinde Laar oberhalb der Brücke K 20 (Vechtestraße) ohne direkte Verbindung zur Vechte", "stat_von": 75390, "Artgeo": "p" }, "geometry": { "type": "Point", "coordinates": [ 750319.18652154924348, 6911416.626325089484453 ] } },
{ "type": "Feature", "properties": { "Art": "SON", "bw_id": "VEC_SON_75590", "name": "Bootsanleger Laar", "km": "75+590", "rwert": 347160.0, "hwert": 5831524, "bemerk": "Insgesamt sechs Bootsanleger hat die Samtgemeinde", "beschreib": "Bootsanleger Laar", "stat_von": 75590, "Artgeo": "p" }, "geometry": { "type": "Point", "coordinates": [ 750580.37226730491966, 6911583.083892823196948 ] } },
{ "type": "Feature", "properties": { "Art": "SON", "bw_id": "VEC_SON_75630", "name": "Schwimmendes Bootshaus für Vechtezompe", "km": "75+630", "rwert": 347203.0, "hwert": 5831502, "bemerk": null, "beschreib": "Schwimmendes Bootshaus für Vechtezompe", "stat_von": 75630, "Artgeo": "p" }, "geometry": { "type": "Point", "coordinates": [ 750652.143575672642328, 6911549.070613230578601 ] } },
{ "type": "Feature", "properties": { "Art": "SON", "bw_id": "VEC_SON_78010", "name": "Bootsanleger rechts (Düshook)", "km": "78+010", "rwert": 349213.0, "hwert": 5831238, "bemerk": null, "beschreib": "Bootsanleger rechts (Düshook) der Samtgemeinde Emlichheim", "stat_von": 78010, "Artgeo": "p" }, "geometry": { "type": "Point", "coordinates": [ 753967.578681765939109, 6911217.265478480607271 ] } },
{ "type": "Feature", "properties": { "Art": "SON", "bw_id": "VEC_SON_78070", "name": "Anleger Kurbelfähre \"Fähr Harm\"", "km": "78+070", "rwert": 349278.0, "hwert": 5831225, "bemerk": null, "beschreib": "Anleger (beidseitig) Kurbelfähre \"Fähr Harm\"", "stat_von": 78070, "Artgeo": "p" }, "geometry": { "type": "Point", "coordinates": [ 754075.016497800825164, 6911199.163429501466453 ] } },
{ "type": "Feature", "properties": { "Art": "SON", "bw_id": "VEC_SON_78480", "name": "Biotop (GB-NOH 3306/009)", "km": "78+480", "rwert": 349588.0, "hwert": 5830926, "bemerk": null, "beschreib": "Biotop (GB-NOH 3306/009) linksseitig in der Gemeinde Laar ohne direkte Verbindung zur Vechte", "stat_von": 78480, "Artgeo": "p" }, "geometry": { "type": "Point", "coordinates": [ 754599.404151125228964, 6910722.526844292879105 ] } },
{ "type": "Feature", "properties": { "Art": "SON", "bw_id": "VEC_SON_79040", "name": "Entnahmestelle Feldberegnung A-001", "km": "79+040", "rwert": 350147.0, "hwert": 5830906, "bemerk": "A-001 (aktiv, real), Entnahmestelle 1, A45 landwir", "beschreib": "Entnahmestelle Feldberegnung A-001", "stat_von": 79040, "Artgeo": "p" }, "geometry": { "type": "Point", "coordinates": [ 755518.656718774349429, 6910717.907613398507237 ] } },
{ "type": "Feature", "properties": { "Art": "SON", "bw_id": "VEC_SON_79550", "name": "Biotop (GB-NOH 3306/011)", "km": "79+550", "rwert": 350628.0, "hwert": 5830742, "bemerk": null, "beschreib": "Biotop (GB-NOH 3306/011) rechtsseitg Altarm (Echteler Straße) in der Gemeinde Laar mit Verbindung zur Vechte über Kastendurchlass", "stat_von": 79550, "Artgeo": "p" }, "geometry": { "type": "Point", "coordinates": [ 756317.021351644070819, 6910472.125165068544447 ] } },
{ "type": "Feature", "properties": { "Art": "SON", "bw_id": "VEC_SON_79970", "name": "Bootsanleger bei K 21 Echteler Straße", "km": "79+970", "rwert": 350885.0, "hwert": 5830370, "bemerk": null, "beschreib": "Bootsanleger bei K 21 Echteler Straße", "stat_von": 79970, "Artgeo": "p" }, "geometry": { "type": "Point", "coordinates": [ 756757.839671192341484, 6909872.514885644428432 ] } },
{ "type": "Feature", "properties": { "Art": "SON", "bw_id": "VEC_SON_80025", "name": "Entnahmestelle Feldberegnung A-002", "km": "80+025", "rwert": 350934.0, "hwert": 5830345, "bemerk": "A-002 (aktiv, real), Entnahmestelle 1, A45 landwir", "beschreib": "Entnahmestelle Feldberegnung A-002", "stat_von": 80025, "Artgeo": "p" }, "geometry": { "type": "Point", "coordinates": [ 756839.57584580918774, 6909833.814648165367544 ] } },
{ "type": "Feature", "properties": { "Art": "SON", "bw_id": "VEC_SON_82430", "name": "Bootsanleger", "km": "82+430", "rwert": 353051.0, "hwert": 5830102, "bemerk": null, "beschreib": "Schwimmender Bootsanleger", "stat_von": 82430, "Artgeo": "p" }, "geometry": { "type": "Point", "coordinates": [ 760328.796341303968802, 6909539.382662093266845 ] } },
{ "type": "Feature", "properties": { "Art": "SON", "bw_id": "VEC_SON_84135", "name": "Entnahmestelle Sportplatz Emlichheim", "km": "84+135", "rwert": 354585.0, "hwert": 5830076, "bemerk": "A-001 (aktiv, real), OW-Entn., Samtgemeinde Emlich", "beschreib": "Entnahmestelle Sportplatz Emlichheim", "stat_von": 84135, "Artgeo": "p" }, "geometry": { "type": "Point", "coordinates": [ 762849.636032335925847, 6909572.202767610549927 ] } },
{ "type": "Feature", "properties": { "Art": "SON", "bw_id": "VEC_SON_84450", "name": "Bootsanleger (Unterhalb Brücke 403 Emlichheim)", "km": "84+450", "rwert": 354862.0, "hwert": 5830184, "bemerk": null, "beschreib": "Bootsanleger (Unterhalb Brücke 403 Emlichheim)", "stat_von": 84450, "Artgeo": "p" }, "geometry": { "type": "Point", "coordinates": [ 763299.333901434205472, 6909763.60823371168226 ] } },
{ "type": "Feature", "properties": { "Art": "SON", "bw_id": "VEC_SON_84510", "name": "Pegel Emlichheim", "km": "84+510", "rwert": 354937.0, "hwert": 5830187, "bemerk": null, "beschreib": "Pegel Emlichheim (Siehe auch Pegelonline NLWKN : https://www.pegelonline.nlwkn.niedersachsen.de/Karte)", "stat_von": 84510, "Artgeo": "p" }, "geometry": { "type": "Point", "coordinates": [ 763422.377810613252223, 6909772.218720491044223 ] } },
{ "type": "Feature", "properties": { "Art": "SON", "bw_id": "VEC_SON_84535", "name": "Bootsanleger (mit Böschungstreppe??)", "km": "84+535", "rwert": 354943.0, "hwert": 5830223, "bemerk": "!!Vertrag!! !!Akz!!", "beschreib": "Bootsanleger (mit Böschungstreppe??). Insgesamt sechs Bootsanleger hat die Samtgemeinde Emlichheim gebaut.", "stat_von": 84535, "Artgeo": "p" }, "geometry": { "type": "Point", "coordinates": [ 763430.476027487777174, 6909831.790941030718386 ] } },
{ "type": "Feature", "properties": { "Art": "SON", "bw_id": "VEC_SON_84320", "name": "Biotop (GB-NOH 3307/002)", "km": "84+320", "rwert": 355673.0, "hwert": 5830316, "bemerk": null, "beschreib": "Biotop (GB-NOH 3307/002) linksseitig in der Gemeinde Emlichheim mit abschnittsweiser Verbindung zur Böschungsoberkante der Vechte", "stat_von": 84320, "Artgeo": "p" }, "geometry": { "type": "Point", "coordinates": [ 764625.029492210480385, 6910020.558989621698856 ] } },
{ "type": "Feature", "properties": { "Art": "SON", "bw_id": "VEC_SON_87200", "name": "??Entnahmestelle (A007)", "km": "87+200", "rwert": 357483.0, "hwert": 5830302, "bemerk": "??Entnahmestelle, A-007 (aktiv, real), Entnahmeste", "beschreib": "??Entnahmestelle (A007)", "stat_von": 87200, "Artgeo": "p" }, "geometry": { "type": "Point", "coordinates": [ 767598.852390652056783, 6910085.073065999895334 ] } },
{ "type": "Feature", "properties": { "Art": "SON", "bw_id": "VEC_SON_87740", "name": "Bootsanleger (Unterhalb Brücke Pappelweg, Ringe)", "km": "87+740", "rwert": 357472.0, "hwert": 5829436, "bemerk": null, "beschreib": "Bootsanleger (Unterhalb Brücke Pappelweg, Ringe), Insgesamt sechs Bootsanleger hat die Samtgemeinde Emlichheim errichtet", "stat_von": 87740, "Artgeo": "p" }, "geometry": { "type": "Point", "coordinates": [ 767622.307065471191891, 6908658.604612137190998 ] } },
{ "type": "Feature", "properties": { "Art": "SON", "bw_id": "VEC_SON_87800", "name": "Biotop (GB-NOH 3407/032)", "km": "87+800", "rwert": 357510.0, "hwert": 5829336, "bemerk": null, "beschreib": "Biotop (GB-NOH 3407/032) linksseitig in der Gemeinde Hoogstede Altarm (Lambers-Heerspink) mit Verbindung zur Vechte über Kastendurchlass (ID:  748)", "stat_von": 87800, "Artgeo": "p" }, "geometry": { "type": "Point", "coordinates": [ 767689.508874129969627, 6908495.788456572219729 ] } },
{ "type": "Feature", "properties": { "Art": "SON", "bw_id": "VEC_SON_88315", "name": "Entnahmestelle (A004, oberhalb Mündung Großringer A-Graben)), Feldberegnung; 4 Brunnen u. 7 Entnahmestellen Vechte", "km": "88+315", "rwert": 357977.0, "hwert": 5829182, "bemerk": "A-004 (aktiv, real), Entnahmestelle 4, A45 landwir", "beschreib": "Entnahmestelle (A004, oberhalb Mündung Großringer A-Graben)), Feldberegnung; 4 Brunnen u. 7 Entnahmestellen Vechte", "stat_von": 88315, "Artgeo": "p" }, "geometry": { "type": "Point", "coordinates": [ 768463.830754055990838, 6908264.64322433527559 ] } },
{ "type": "Feature", "properties": { "Art": "SON", "bw_id": "VEC_SON_88515", "name": "Entnahmestelle (A006, Bahne), Feldberegnung; 4 Brunnen u. 7 Entnahmestellen Vechte", "km": "88+515", "rwert": 358036.0, "hwert": 5828967, "bemerk": "A-006 (aktiv, real), Entnahmestelle 6, A45 landwir", "beschreib": "Entnahmestelle (A006, Bahne), Feldberegnung; 4 Brunnen u. 7 Entnahmestellen Vechte", "stat_von": 88515, "Artgeo": "p" }, "geometry": { "type": "Point", "coordinates": [ 768570.989338044193573, 6907913.506677124649286 ] } },
{ "type": "Feature", "properties": { "Art": "SON", "bw_id": "VEC_SON_88760", "name": "Entnahmestelle (A003, Unterhalb Altarm), Feldberegnung; 4 Brunnen u. 7 Entnahmestellen Vechte", "km": "88+760", "rwert": 358259.0, "hwert": 5828866, "bemerk": "A-003 (aktiv, real), Entnahmestelle 3, A45 landwir", "beschreib": "Entnahmestelle (A003, Unterhalb Altarm), Feldberegnung; 4 Brunnen u. 7 Entnahmestellen Vechte", "stat_von": 88760, "Artgeo": "p" }, "geometry": { "type": "Point", "coordinates": [ 768942.01643907930702, 6907757.895561057142913 ] } },
{ "type": "Feature", "properties": { "Art": "SON", "bw_id": "VEC_SON_88945", "name": "Entnahmestelle (A005, gegenüber Mündung Altarm), Feldberegnung; 4 Brunnen u. 7 Entnahmestellen Vechte", "km": "88+945", "rwert": 358405.0, "hwert": 5828733, "bemerk": "A-005 (aktiv, real), Entnahmestelle 5, A45 landwir", "beschreib": "Entnahmestelle (A005, gegenüber Mündung Altarm), Feldberegnung; 4 Brunnen u. 7 Entnahmestellen Vechte", "stat_von": 88945, "Artgeo": "p" }, "geometry": { "type": "Point", "coordinates": [ 769188.107160154380836, 6907545.916692877188325 ] } },
{ "type": "Feature", "properties": { "Art": "SON", "bw_id": "VEC_SON_88985", "name": "Entnahmestelle (A002, oberhalb Altarm), Feldberegnung; 4 Brunnen u. 7 Entnahmestellen Vechte", "km": "88+985", "rwert": 358469.0, "hwert": 5828781, "bemerk": "A-002 (aktiv, real), Entnahmestelle 2, A45 landwir", "beschreib": "Entnahmestelle (A002, oberhalb Altarm), Feldberegnung; 4 Brunnen u. 7 Entnahmestellen Vechte", "stat_von": 88985, "Artgeo": "p" }, "geometry": { "type": "Point", "coordinates": [ 769290.920052580651827, 6907627.98970506247133 ] } },
{ "type": "Feature", "properties": { "Art": "SON", "bw_id": "VEC_SON_89025", "name": "Entnahmestelle (A001, Am Altarm Dönsberg)", "km": "89+025", "rwert": 358524.0, "hwert": 5828812, "bemerk": "A-001 (aktiv, real), Beregnung, Johann Köster, Hoo", "beschreib": "Entnahmestelle (A001, Am Altarm Dönsberg)", "stat_von": 89025, "Artgeo": "p" }, "geometry": { "type": "Point", "coordinates": [ 769379.764150773524307, 6907681.646713884547353 ] } },
{ "type": "Feature", "properties": { "Art": "SON", "bw_id": "VEC_SON_89430", "name": "Entnahmestelle (A001, Unterhalb Mündung Leegraben)", "km": "89+430", "rwert": 358800.0, "hwert": 5828474, "bemerk": "A-001 (aktiv, real), Entnahmestelle 1, A45 landwir", "beschreib": "Entnahmestelle (A001, Unterhalb Mündung Leegraben)", "stat_von": 89430, "Artgeo": "p" }, "geometry": { "type": "Point", "coordinates": [ 769849.049687328515574, 6907138.378458501771092 ] } },
{ "type": "Feature", "properties": { "Art": "SON", "bw_id": "VEC_SON_89620", "name": "Entnahme  A-001 (aktiv, real), Feldberegnung Toomsen GbR", "km": "89+620", "rwert": 358249.0, "hwert": 5827822, "bemerk": "A-001 (aktiv, real), Entnahmestelle 1, A45 landwir", "beschreib": "Entnahme  A-001 (aktiv, real), Feldberegnung Toomsen GbR", "stat_von": 89620, "Artgeo": "p" }, "geometry": { "type": "Point", "coordinates": [ 768975.340926204808056, 6906038.898834763094783 ] } },
{ "type": "Feature", "properties": { "Art": "SON", "bw_id": "VEC_SON_90100", "name": "Entnahmestelle 2 (oberhalb Mündung Leegraben, Toomsen GbR)", "km": "90+100", "rwert": 359267.0, "hwert": 5828037, "bemerk": "A-001 (aktiv, real), Entnahmestelle 1A45 landwirts", "beschreib": "Entnahmestelle 2 (oberhalb Mündung Leegraben, Toomsen GbR)", "stat_von": 90100, "Artgeo": "p" }, "geometry": { "type": "Point", "coordinates": [ 770636.56884401163552, 6906441.224626787006855 ] } },
{ "type": "Feature", "properties": { "Art": "SON", "bw_id": "VEC_SON_90685", "name": "Entnahmestelle 3 (oberhalb Mündung Bathorner Graben, Köster)", "km": "90+685", "rwert": 359817.0, "hwert": 5827887, "bemerk": "A-003 (aktiv, real), Beregnung, Johann Köster, Hoo", "beschreib": "Entnahmestelle 3 (oberhalb Mündung Bathorner Graben, Köster)", "stat_von": 90685, "Artgeo": "p" }, "geometry": { "type": "Point", "coordinates": [ 771546.700534480856732, 6906220.353517328388989 ] } },
{ "type": "Feature", "properties": { "Art": "SON", "bw_id": "VEC_SON_90930", "name": "Entnahme A-004, Beregnung, Johann Köster, Hoogstede", "km": "90+930", "rwert": 359961.0, "hwert": 5827491, "bemerk": "A-004 (aktiv, real), Beregnung, Johann Köster, Hoo", "beschreib": "Entnahme A-004, Beregnung, Johann Köster, Hoogstede", "stat_von": 90930, "Artgeo": "p" }, "geometry": { "type": "Point", "coordinates": [ 771801.768747039139271, 6905575.368868108838797 ] } },
{ "type": "Feature", "properties": { "Art": "SON", "bw_id": "VEC_SON_91005", "name": "Entnahme A-002, Beregnung, Johann Köster, Hoogstede", "km": "91+005", "rwert": 359744.0, "hwert": 5827560, "bemerk": "A-001 (aktiv, real), Beregnung, Johann Köster, Hoo", "beschreib": "Entnahme A-002, Beregnung, Johann Köster, Hoogstede", "stat_von": 91005, "Artgeo": "p" }, "geometry": { "type": "Point", "coordinates": [ 771442.254948235466145, 6905678.688714826479554 ] } },
{ "type": "Feature", "properties": { "Art": "SON", "bw_id": "VEC_SON_91670", "name": "Entnahme A-005, Beregnung, Johann Köster, Hoogstede", "km": "91+670", "rwert": 360127.0, "hwert": 5827394, "bemerk": "A-005 (aktiv, real), Beregnung, Johann Köster, Hoo", "beschreib": "Entnahme A-005, Beregnung, Johann Köster, Hoogstede", "stat_von": 91670, "Artgeo": "p" }, "geometry": { "type": "Point", "coordinates": [ 772078.860496983979829, 6905423.548568797297776 ] } },
{ "type": "Feature", "properties": { "Art": "SON", "bw_id": "VEC_SON_92540", "name": "Bootsanleger Hoogstede", "km": "92+540", "rwert": 360746.0, "hwert": 5826719, "bemerk": "!!Vertrag!! !!Akz!!", "beschreib": "Insgesamt sechs Bootsanleger hat die Samtgemeinde Emlichheim errichtet", "stat_von": 92540, "Artgeo": "p" }, "geometry": { "type": "Point", "coordinates": [ 773126.67578131693881, 6904341.784445129334927 ] } },
{ "type": "Feature", "properties": { "Art": "SON", "bw_id": "VEC_SON_92760", "name": "Zeltplatz (Pension Weuste)", "km": "92+760", "rwert": 360969.0, "hwert": 5826643, "bemerk": null, "beschreib": "Zeltplatz (Pension Weuste)", "stat_von": 92760, "Artgeo": "p" }, "geometry": { "type": "Point", "coordinates": [ 773496.285110447439365, 6904227.166440160013735 ] } },
{ "type": "Feature", "properties": { "Art": "SON", "bw_id": "VEC_SON_94025", "name": "Bootsanleger UW Vechtewehr Tinholt", "km": "94+025", "rwert": 360960.0, "hwert": 5825467, "bemerk": "!!Vertrag!! !!Akz!!", "beschreib": "Insgesamt sechs Bootsanleger hat die Samtgemeinde Emlichheim errichtet", "stat_von": 94025, "Artgeo": "p" }, "geometry": { "type": "Point", "coordinates": [ 773536.412055786233395, 6902291.762487588450313 ] } },
{ "type": "Feature", "properties": { "Art": "SON", "bw_id": "VEC_SON_94040", "name": "Böschungstreppe (Pegel UW) Wehr Tinholt", "km": "94+040", "rwert": 360969.0, "hwert": 5825453, "bemerk": null, "beschreib": "Böschungstreppe (Pegel UW) Wehr Tinholt", "stat_von": 94040, "Artgeo": "p" }, "geometry": { "type": "Point", "coordinates": [ 773551.835372476372868, 6902269.150818447582424 ] } },
{ "type": "Feature", "properties": { "Art": "SON", "bw_id": "VEC_SON_94090", "name": "Betriebsgebäude (Steuerung Wehr Tinholt)", "km": "94+090", "rwert": 360950.0, "hwert": 5825405, "bemerk": null, "beschreib": "Betriebsgebäude Wehrhaus Tinholt (incl. Steuerung und Hydraulik)", "stat_von": 94090, "Artgeo": "p" }, "geometry": { "type": "Point", "coordinates": [ 773522.894634524360299, 6902189.293058655224741 ] } },
{ "type": "Feature", "properties": { "Art": "SON", "bw_id": "VEC_SON_94120", "name": "Böschungstreppe OW mit Schrägpegel Vechtewehr Tinholt", "km": "94+120", "rwert": 360970.0, "hwert": 5825377, "bemerk": null, "beschreib": "Böschungstreppe im Oberwasser mit Schrägpegel Vechtewehr Tinholt", "stat_von": 94120, "Artgeo": "p" }, "geometry": { "type": "Point", "coordinates": [ 773557.023012850317173, 6902144.163933163508773 ] } },
{ "type": "Feature", "properties": { "Art": "SON", "bw_id": "VEC_SON_94170", "name": "Bootsanleger OW Vechtewehr Tinholt", "km": "94+170", "rwert": 360970.0, "hwert": 5825325, "bemerk": "!!Vertrag!! !!akz!!", "beschreib": "Insgesamt sechs Bootsanleger hat die Samtgemeinde Emlichheim errichtet", "stat_von": 94170, "Artgeo": "p" }, "geometry": { "type": "Point", "coordinates": [ 773559.449507491313852, 6902058.615693207830191 ] } },
{ "type": "Feature", "properties": { "Art": "SON", "bw_id": "VEC_SON_94720", "name": "Sportplatz (SV Esche)", "km": "94+720", "rwert": 361206.0, "hwert": 5822826, "bemerk": null, "beschreib": "Sportplatz (SV Esche)", "stat_von": 94720, "Artgeo": "p" }, "geometry": { "type": "Point", "coordinates": [ 774063.076707338448614, 6897959.444755951873958 ] } },
{ "type": "Feature", "properties": { "Art": "SON", "bw_id": "VEC_SON_95510", "name": "Biotop (GB-NOH 3407/039)", "km": "95+510", "rwert": 360593.0, "hwert": 5824326, "bemerk": null, "beschreib": "Biotop (GB-NOH 3407/039) in der Gemeinde Esche mit direkter Verbindung zur Vechte über Kastendurchlass (Einmündung Mühlengraben, ID: 770)", "stat_von": 95510, "Artgeo": "p" }, "geometry": { "type": "Point", "coordinates": [ 772987.500593325821683, 6900397.627484802156687 ] } },
{ "type": "Feature", "properties": { "Art": "SON", "bw_id": "VEC_SON_97730", "name": "Biotop (GB-NOH 3407/027)", "km": "97+730", "rwert": 360969.0, "hwert": 5822609, "bemerk": null, "beschreib": "Biotop (GB-NOH 3407/027) linksseitig in der Gemeinde Gölenkamp mit direkter Verbindung zur Vechte über Kastendurchlass (ID: 778).", "stat_von": 97730, "Artgeo": "p" }, "geometry": { "type": "Point", "coordinates": [ 773684.454368681297638, 6897591.573437144979835 ] } },
{ "type": "Feature", "properties": { "Art": "WEH", "bw_id": "VEC_WEH_101895", "name": "Vechtewehr Neuenhaus", "km": "101+895", "rwert": 361929.0, "hwert": 5819404, "bemerk": null, "beschreib": "Vechtewehr Neuenhaus (zweifeldriges hydraulisches Klappenwehr) mit Umgehungsgerinne. Die Umstellung von Sommer-/Winterstau erfolgt in der Zeit vom 01.04-15.04 und vom 01.10-15.10.", "stat_von": 101895, "Artgeo": "p" }, "geometry": { "type": "Point", "coordinates": [ 775407.199418387957849, 6892368.099471463821828 ] } },
{ "type": "Feature", "properties": { "Art": "WEH", "bw_id": "VEC_WEH_106360", "name": "Vechtewehr Grasdorf", "km": "106+360", "rwert": 364736.0, "hwert": 5816960, "bemerk": "FGE-Akz.: 62615-21-7", "beschreib": "Vechtewehr Grasdorf (zweifeldriges hydraulisches Klappenwehr) mit Kombination aus Schlitzpass und Borstenfischpass. Die Klappe ist aktuell auf 15,76 m NN festgesetzt.", "stat_von": 106360, "Artgeo": "p" }, "geometry": { "type": "Point", "coordinates": [ 780118.810143206384964, 6888481.629816360771656 ] } },
{ "type": "Feature", "properties": { "Art": "WEH", "bw_id": "VEC_WEH_114815", "name": "Ölmühlenwehr", "km": "114+815", "rwert": 368662.0, "hwert": 5811360, "bemerk": null, "beschreib": "Ölmühlenwehr (einfeldriges hydraulisches Klappenwehr) mit Borstenfischpass. Das Wehr hat nur ein Stauziel", "stat_von": 114815, "Artgeo": "p" }, "geometry": { "type": "Point", "coordinates": [ 786796.623091104440391, 6879463.912799936719239 ] } },
{ "type": "Feature", "properties": { "Art": "WEH", "bw_id": "VEC_WEH_121585", "name": "Vechtewehr Brandlecht", "km": "121+585", "rwert": 372432.0, "hwert": 5807213, "bemerk": "FGE-Akz. 62615-21-6", "beschreib": "Vechtewehr Brandlecht (zweifeldriges hydraulisches Klappenwehr) mit Borstenfischpass. Die Umstellung von Sommer-/Winterstau erfolgt in der Zeit vom 01.04-15.04 und vom 01.10-15.10.", "stat_von": 121585, "Artgeo": "p" }, "geometry": { "type": "Point", "coordinates": [ 793142.809253800543956, 6872825.513932462781668 ] } },
{ "type": "Feature", "properties": { "Art": "WEH", "bw_id": "VEC_WEH_138650", "name": "Vechtewehr Samern", "km": "138+650", "rwert": 380197.0, "hwert": 5796027, "bemerk": null, "beschreib": "Vechtewehr Samern (einfeldriges hydraulisches Klappenwehr) mit Beckenfischpass (Schlitzpass ). Die Umstellung von Sommer-/Winterstau erfolgt in der Zeit vom 01.04-15.04 und vom 01.10-15.10.", "stat_von": 138650, "Artgeo": "p" }, "geometry": { "type": "Point", "coordinates": [ 806285.862869987031445, 6854826.165048766881227 ] } },
{ "type": "Feature", "properties": { "Art": "WEH", "bw_id": "VEC_WEH_94085", "name": "Vechtewehr Tinholt", "km": "94+085", "rwert": 360950.0, "hwert": 5825409, "bemerk": null, "beschreib": "Vechtewehr Tinholt (zweifeldriges hydraulisches Klappenwehr) mit Umgehungsgerinne. Die Umstellung von Sommer-/Winterstau erfolgt in der Zeit vom 01.04-15.04 und vom 01.10-15.10.", "stat_von": 94085, "Artgeo": "p" }, "geometry": { "type": "Point", "coordinates": [ 773522.70794877759181, 6902195.873765335418284 ] } },
{ "type": "Feature", "properties": { "Art": "EIN", "bw_id": "VEC_EIN_138645", "name": "Rohreinlauf Vechtewehr Samern", "km": "138+645", "rwert": 380189.0, "hwert": 5796024, "bemerk": "Unterhaltungspflicht klären", "beschreib": "Rohreinlauf Vechtewehr Samern", "stat_von": 138645, "Artgeo": "p" }, "geometry": { "type": "Point", "coordinates": [ 806272.927609799662605, 6854820.939781037159264 ] } },
{ "type": "Feature", "properties": { "Art": "SON", "bw_id": "VEC_SON_94940", "name": "Böschungstreppe (Privat)  (Holz)", "km": "94+940", "rwert": 361117.0, "hwert": 5824605, "bemerk": null, "beschreib": "Böschungstreppe (Privat)  (Holz)", "stat_von": 94940, "Artgeo": "p" }, "geometry": { "type": "Point", "coordinates": [ 773834.241263411124237, 6900881.064678881317377 ] } },
{ "type": "Feature", "properties": { "Art": "QUE", "bw_id": "VEC_QUE_96920", "name": "Dükerung (Erdgas)", "km": "96+920", "rwert": 361316.0, "hwert": 5823196, "bemerk": null, "beschreib": "Dükerung (Erdgas)", "stat_von": 96920, "Artgeo": "p" }, "geometry": { "type": "Point", "coordinates": [ 774226.301077702781186, 6898572.995724060572684 ] } },
{ "type": "Feature", "properties": { "Art": "SON", "bw_id": "VEC_SON_112750", "name": "Kläranlage Nordhorn", "km": "112+750", "rwert": 367041.0, "hwert": 5812382, "bemerk": "Siehe auch zugehörige Einlaufbauwerke", "beschreib": "Kläranlage Nordhorn", "stat_von": 112750, "Artgeo": "p" }, "geometry": { "type": "Point", "coordinates": [ 784098.458398573100567, 6881069.273111338727176 ] } },
{ "type": "Feature", "properties": { "Art": "SON", "bw_id": "VEC_SON_134150", "name": "Auengewässer", "km": "134+140", "rwert": 378466.0, "hwert": 5799465, "bemerk": null, "beschreib": "Die Blänke wurde im Auftrag der Naturschutzstiftung im zeitigen Frühjahr 2023 auf eigenen Flächen angelegt", "stat_von": 134140, "Artgeo": "p" }, "geometry": { "type": "Point", "coordinates": [ 803323.065006577060558, 6860382.892257700674236 ] } },
{ "type": "Feature", "properties": { "Art": "QUE", "bw_id": "VEC_QUE_102880", "name": "Dükerung TWL", "km": "102+880", "rwert": 362803.0, "hwert": 5819680, "bemerk": null, "beschreib": "Dükerung TWL uh Brücke Veldhauser Straße mit Absperrvorrichtungen im Unterhaltungsweg", "stat_von": 102880, "Artgeo": "p" }, "geometry": { "type": "Point", "coordinates": [ 776827.11695099726785, 6892861.989960433915257 ] } },
{ "type": "Feature", "properties": { "Art": "SON", "bw_id": "VEC_SON_101960", "name": "Bootsanleger oh. Wehr Neuenhaus", "km": "101+960", "rwert": 361989.3, "hwert": 5819382, "bemerk": null, "beschreib": "Bootsanleger oh. Wehr Neuenhaus", "stat_von": 101960, "Artgeo": "p" }, "geometry": { "type": "Point", "coordinates": [ 775507.053459225338884, 6892334.741162613034248 ] } },
{ "type": "Feature", "properties": { "Art": "SON", "bw_id": "VEC_SON_100225", "name": "Überfahrt", "km": "100+225", "rwert": 361013.0, "hwert": 5820664, "bemerk": null, "beschreib": "Überfahrt mit Holzbohlenbelag. Die Zuständigkeit sollte beim Wabo liegen.", "stat_von": 100225, "Artgeo": "p" }, "geometry": { "type": "Point", "coordinates": [ 773847.175449446309358, 6894396.203731302171946 ] } },
{ "type": "Feature", "properties": { "Art": "BRU", "bw_id": "VEC_BRU_75315", "name": "Brücke K 20", "km": "75+315", "rwert": 346903.0, "hwert": 5831467, "bemerk": "Brücke wurde in 2023 als Ersatz für die vorher vorhandenen Fuß-/Radwegbrücke und Spannbetonstraßenbrücke neu gebaut", "beschreib": "Brücke K 20 Laar. Wurde in 2023 als Ersatz für die ehemals hier vorhandenen Fuß-/Radwegbrücke und Spannbetonbrücke gebaut. Ausgeführt wurden die Arbeiten von Fa. Becker aus Meppen", "stat_von": 75315, "Artgeo": "p" }, "geometry": { "type": "Point", "coordinates": [ 750161.115854056435637, 6911475.946100135333836 ] } },
{ "type": "Feature", "properties": { "Art": "BRU", "bw_id": "VEC_BRU_85020", "name": "Brücke Umgehung Obenholt", "km": "85+020", "rwert": 355361.0, "hwert": 5830356, "bemerk": "Bilder, Akte nachpflegen", "beschreib": "Brücke im Zuge der Ortsumgehung Obenholt", "stat_von": 85020, "Artgeo": "p" }, "geometry": { "type": "Point", "coordinates": [ 764110.592152985162102, 6910071.22032283898443 ] } },
{ "type": "Feature", "properties": { "Art": "EIN", "bw_id": "VEC_EIN_115235", "name": "Rohreinlauf mit Schieberschacht", "km": "115+235", "rwert": 368957.0, "hwert": 5811391, "bemerk": "Schachtnummer 90182000. Das Einlaufbauwerk soll in 2026/27 mit dem Neubau des Stadthafens erneuert und unter WSP gelegt werden", "beschreib": "Rohreinlauf mit vorgeschaltetem Schieberschacht für Einleitung von Oberflächenwasser (Regenwasserkanal) an der Brücke zum Busbahnhof", "stat_von": 115235, "Artgeo": "p" }, "geometry": { "type": "Point", "coordinates": [ 787278.063454023445956, 6879527.702297382988036 ] } },
{ "type": "Feature", "properties": { "Art": "SON", "bw_id": "VEC_SON_115280", "name": "Stadthafen Nordhorn", "km": "115+280", "rwert": 369016.0, "hwert": 5811378, "bemerk": "Hafen wird voraussichtlich in 2025 gebaut. Akte, Vertrag nachtragen", "beschreib": "Stadthafen Nordhorn (Bau in 2026)", "stat_von": 115280, "Artgeo": "p" }, "geometry": { "type": "Point", "coordinates": [ 787375.190493190544657, 6879508.955307145603001 ] } },
{ "type": "Feature", "properties": { "Art": "EIN", "bw_id": "VEC_EIN_75285", "name": "Rohreinlauf obere Böschung", "km": "75+285", "rwert": 346882.0, "hwert": 5831498, "bemerk": "Nr 3 (Holzmann)", "beschreib": "Rohreinlauf obere Böschung", "stat_von": 75285, "Artgeo": "p" }, "geometry": { "type": "Point", "coordinates": [ 750125.020072412677109, 6911525.913164647296071 ] } },
{ "type": "Feature", "properties": { "Art": "SON", "bw_id": "VEC_SON_75610", "name": "Steganlage Laar", "km": "75+610", "rwert": 347179.0, "hwert": 5831516, "bemerk": null, "beschreib": "Steganlage Laar", "stat_von": 75610, "Artgeo": "p" }, "geometry": { "type": "Point", "coordinates": [ 750611.996708561433479, 6911570.888966670259833 ] } },
{ "type": "Feature", "properties": { "Art": "EIN", "bw_id": "VEC_EIN_89035", "name": "Rohreinleitung (Entwässserung)", "km": "89+035", "rwert": 358485.0, "hwert": 5828712, "bemerk": "Nr. 75 (Holzmann) ; Länge der Haltung : 5,50 m", "beschreib": "Rohreinleitung (Entwässserung)", "stat_von": 89035, "Artgeo": "p" }, "geometry": { "type": "Point", "coordinates": [ 769320.47765411355067, 6907515.162972972728312 ] } },
{ "type": "Feature", "properties": { "Art": "EIN", "bw_id": "VEC_EIN_94740", "name": "Einmündung Graben (Oberflächenentwässerung)", "km": "94+740", "rwert": 360987.0, "hwert": 5824774, "bemerk": "Nr. 104 (Diekel) ; Länge der Haltung : 7,20 m", "beschreib": "Einmündung Graben (Oberflächenentwässerung)", "stat_von": 94740, "Artgeo": "p" }, "geometry": { "type": "Point", "coordinates": [ 773613.051847231923603, 6901152.983822366222739 ] } },
{ "type": "Feature", "properties": { "Art": "EIN", "bw_id": "VEC_EIN_97185", "name": "Oberflächenentwässerung", "km": "97+185", "rwert": 361117.0, "hwert": 5823051, "bemerk": "Bauwerk nicht mehr vorhanden?? ; Nr. 116 (Diekel) ; Länge der Haltung : 5,20 m", "beschreib": "Bauwerk nicht mehr vorhanden?? ; Nr. 116 (Diekel) ; Länge der Haltung : 5,20 m", "stat_von": 97185, "Artgeo": "p" }, "geometry": { "type": "Point", "coordinates": [ 773906.621346802916378, 6898325.272919066250324 ] } },
{ "type": "Feature", "properties": { "Art": "EIN", "bw_id": "VEC_EIN_99695", "name": "Grabeneinmündung", "km": "99+695", "rwert": 361038.0, "hwert": 5821199, "bemerk": "Bauwerk vorhanden??", "beschreib": "Grabeneinmündung über Rohrdurchlass (Nr. 133 (Diekel) ; Länge der Haltung 10,00 m) uh Brücke Binnenborger Straße", "stat_von": 99695, "Artgeo": "p" }, "geometry": { "type": "Point", "coordinates": [ 773863.268565012607723, 6895276.741771322675049 ] } },
{ "type": "Feature", "properties": { "Art": "EIN", "bw_id": "VEC_EIN_105035", "name": "Altarmanbindung", "km": "105+035", "rwert": 363970.0, "hwert": 5817998, "bemerk": "Kasten- od. Rohrduchlass?", "beschreib": "Altarmanbindung über Kastendurchlass (Nr. 164 (Diekel) ; Länge der Haltung :  6,10 m)", "stat_von": 105035, "Artgeo": "p" }, "geometry": { "type": "Point", "coordinates": [ 778816.637197435135022, 6890151.847618225961924 ] } },
{ "type": "Feature", "properties": { "Art": "EIN", "bw_id": "VEC_EIN_109205", "name": "Altarm Frenswegen", "km": "109+205", "rwert": 365823.0, "hwert": 5814636, "bemerk": null, "beschreib": "Altarm Frenswegen", "stat_von": 109205, "Artgeo": "p" }, "geometry": { "type": "Point", "coordinates": [ 782003.862202171934769, 6884714.465307826176286 ] } },
{ "type": "Feature", "properties": { "Art": "SON", "bw_id": "VEC_SON_125185", "name": "Infotafel LK Grafschaft Bentheim", "km": "125+185", "rwert": 375367.0, "hwert": 5805651, "bemerk": null, "beschreib": "Infotafel LK Grafschaft Bentheim", "stat_von": 125185, "Artgeo": "p" }, "geometry": { "type": "Point", "coordinates": [ 798007.200590541353449, 6870388.449107951484621 ] } },
{ "type": "Feature", "properties": { "Art": "SON", "bw_id": "VEC_SON_116445", "name": "Einlaufleitwerk Sandfang NOH", "km": "116+445", "rwert": 369510.0, "hwert": 5810520, "bemerk": null, "beschreib": "Einlaufleitwerk Sandfang NOH", "stat_von": 116445, "Artgeo": "p" }, "geometry": { "type": "Point", "coordinates": [ 788220.972458841162734, 6878122.921423294581473 ] } },
{ "type": "Feature", "properties": { "Art": "EIN", "bw_id": "VEC_EIN_116700", "name": "Einlauf Seenpark Nordhorn", "km": "116+700", "rwert": 369635.0, "hwert": 5810295, "bemerk": "Vertrag ergänzen", "beschreib": "neue Verbindung zum Seenpark Nordhorn", "stat_von": 116700, "Artgeo": "p" }, "geometry": { "type": "Point", "coordinates": [ 788435.282403722638264, 6877759.276884431950748 ] } },
{ "type": "Feature", "properties": { "Art": "EIN", "bw_id": "VEC_EIN_116980", "name": "Kastendurchlass (mit Gitter)", "km": "116+980", "rwert": 369915.0, "hwert": 5810249, "bemerk": null, "beschreib": "Kastendurchlass (mit Gitter)", "stat_von": 116980, "Artgeo": "p" }, "geometry": { "type": "Point", "coordinates": [ 788895.427402154658921, 6877695.994194012135267 ] } },
{ "type": "Feature", "properties": { "Art": "EIN", "bw_id": "VEC_EIN_117410", "name": "Altarmanbindung, Rohrdurchlass mit Rückstauklappe", "km": "117+410", "rwert": 370322.0, "hwert": 5810102, "bemerk": "U-Pflicht prüfen", "beschreib": "Altarmanbindung, Rohrdurchlass mit Rückstauklappe", "stat_von": 117410, "Artgeo": "p" }, "geometry": { "type": "Point", "coordinates": [ 789567.729376725619659, 6877472.513698352500796 ] } },
{ "type": "Feature", "properties": { "Art": "QUE", "bw_id": "VEC_QUE_117510", "name": "Oberleitung", "km": "117+510", "rwert": 370384.0, "hwert": 5810023, "bemerk": null, "beschreib": "Oberleitung", "stat_von": 117510, "Artgeo": "p" }, "geometry": { "type": "Point", "coordinates": [ 789672.58390522620175, 6877345.613762276247144 ] } },
{ "type": "Feature", "properties": { "Art": "QUE", "bw_id": "VEC_QUE_117965", "name": "Dükerung Trinkwasserleitung", "km": "117+965", "rwert": 370504.0, "hwert": 5809602, "bemerk": null, "beschreib": "Dükerung Trinkwasserleitung", "stat_von": 117965, "Artgeo": "p" }, "geometry": { "type": "Point", "coordinates": [ 789887.077320238924585, 6876660.273072405718267 ] } },
{ "type": "Feature", "properties": { "Art": "SON", "bw_id": "VEC_SON_118200", "name": "Naturdenkmal (Biotop Nr. GB-NOH 3508/037)", "km": "118+200", "rwert": 370558.0, "hwert": 5809360, "bemerk": null, "beschreib": "Naturdenkmal (Biotop Nr. GB-NOH 3508/037)", "stat_von": 118200, "Artgeo": "p" }, "geometry": { "type": "Point", "coordinates": [ 789985.851447042892687, 6876265.700677966699004 ] } },
{ "type": "Feature", "properties": { "Art": "SON", "bw_id": "VEC_SON_118500", "name": "Naturdenkmal (Biotop Nr. GB-NOH 3508/034 , Altarm)", "km": "118+500", "rwert": 370663.0, "hwert": 5809133, "bemerk": null, "beschreib": "Biotop, Naturdenkmal", "stat_von": 118500, "Artgeo": "p" }, "geometry": { "type": "Point", "coordinates": [ 790167.40013995859772, 6875897.947296659462154 ] } },
{ "type": "Feature", "properties": { "Art": "SON", "bw_id": "VEC_SON_118900", "name": "Naturdenkmal (Biotop Nr. GB-NOH 3508/035 , Altarm)", "km": "118+900", "rwert": 370812.0, "hwert": 5808819, "bemerk": null, "beschreib": "Naturdenkmal, Biotop", "stat_von": 118900, "Artgeo": "p" }, "geometry": { "type": "Point", "coordinates": [ 790424.648383589577861, 6875389.431043501012027 ] } },
{ "type": "Feature", "properties": { "Art": "SON", "bw_id": "VEC_SON_119100", "name": "Naturdenkmal Vechtealtarm Hesepe (Biotop Nr. GB-NOH 3508/036 , Altarm)", "km": "119+100", "rwert": 370986.0, "hwert": 5808715, "bemerk": null, "beschreib": "Naturdenkmal Vechtealtarm Hesepe: https://de.wikipedia.org/wiki/Liste_der_Naturdenkmale_im_Landkreis_Grafschaft_Bentheim_x000d_\n, Biotop", "stat_von": 119100, "Artgeo": "p" }, "geometry": { "type": "Point", "coordinates": [ 790713.741251852246933, 6875226.377615725621581 ] } },
{ "type": "Feature", "properties": { "Art": "QUE", "bw_id": "VEC_QUE_120025", "name": "Oberleitung", "km": "120+025", "rwert": 371456.0, "hwert": 5807938, "bemerk": null, "beschreib": "Oberleitung", "stat_von": 120025, "Artgeo": "p" }, "geometry": { "type": "Point", "coordinates": [ 791515.779883285518736, 6873972.487443197518587 ] } },
{ "type": "Feature", "properties": { "Art": "QUE", "bw_id": "VEC_QUE_120370", "name": "Dükerung Ferngasleitung", "km": "120+370", "rwert": 371478.0, "hwert": 5807595, "bemerk": null, "beschreib": "Dükerung Ferngasleitung", "stat_von": 120370, "Artgeo": "p" }, "geometry": { "type": "Point", "coordinates": [ 791566.422852219548076, 6873411.061571430414915 ] } },
{ "type": "Feature", "properties": { "Art": "SON", "bw_id": "VEC_SON_120650", "name": "Biotop (GB-NOH 3508/042)", "km": "120+650", "rwert": 371573.0, "hwert": 5807388, "bemerk": null, "beschreib": "Biotop", "stat_von": 120650, "Artgeo": "p" }, "geometry": { "type": "Point", "coordinates": [ 791730.626432188088074, 6873075.760355994105339 ] } },
{ "type": "Feature", "properties": { "Art": "SON", "bw_id": "VEC_SON_120700", "name": "Biotop (GB-NOH 3508/043)", "km": "120+700", "rwert": 371722.0, "hwert": 5807352, "bemerk": null, "beschreib": "_x000d_\nBiotop", "stat_von": 120700, "Artgeo": "p" }, "geometry": { "type": "Point", "coordinates": [ 791975.826945703243837, 6873023.11612087674439 ] } },
{ "type": "Feature", "properties": { "Art": "SON", "bw_id": "VEC_SON_121100", "name": "Böschungstreppe (Privat)", "km": "121+100", "rwert": 372110.0, "hwert": 5807510, "bemerk": null, "beschreib": "Böschungstreppe (Privat)", "stat_von": 121100, "Artgeo": "p" }, "geometry": { "type": "Point", "coordinates": [ 792603.615191838005558, 6873298.717821817845106 ] } },
{ "type": "Feature", "properties": { "Art": "SON", "bw_id": "VEC_SON_121445", "name": "Brücke  (Fußweg)", "km": "121+445", "rwert": 372387.0, "hwert": 5807349, "bemerk": null, "beschreib": "Brücke  (Fußweg)", "stat_von": 121445, "Artgeo": "p" }, "geometry": { "type": "Point", "coordinates": [ 793063.450158710940741, 6873046.56103568058461 ] } },
{ "type": "Feature", "properties": { "Art": "SON", "bw_id": "VEC_SON_121470", "name": "Biotop (GB-NOH 3508/040)", "km": "121+470", "rwert": 372424.0, "hwert": 5807332, "bemerk": null, "beschreib": "Biotop", "stat_von": 121470, "Artgeo": "p" }, "geometry": { "type": "Point", "coordinates": [ 793124.678875935496762, 6873020.264348116703331 ] } },
{ "type": "Feature", "properties": { "Art": "QUE", "bw_id": "VEC_QUE_120770", "name": "Dükerung TWL, Gas", "km": "120+770", "rwert": 371800.0, "hwert": 5807422, "bemerk": null, "beschreib": "Dükerung TWL, Gas", "stat_von": 120770, "Artgeo": "p" }, "geometry": { "type": "Point", "coordinates": [ 792100.398243589093909, 6873141.211408171802759 ] } },
{ "type": "Feature", "properties": { "Art": "EIN", "bw_id": "VEC_EIN_118105", "name": "??Rohrdurchlass", "km": "118+105", "rwert": 370472.0, "hwert": 5809464, "bemerk": "Prüfen, ob hier ein Einlaufbauwerk vorhanden ist", "beschreib": "??Rohrdurchlass", "stat_von": 118105, "Artgeo": "p" }, "geometry": { "type": "Point", "coordinates": [ 789840.674396944814362, 6876432.553146564401686 ] } },
{ "type": "Feature", "properties": { "Art": "SON", "bw_id": "VEC_SON_117000", "name": "Biotop (GB-NOH 3508/030)", "km": "117+000", "rwert": 369939.0, "hwert": 5810294, "bemerk": null, "beschreib": "Biotop", "stat_von": 117000, "Artgeo": "p" }, "geometry": { "type": "Point", "coordinates": [ 788932.748207466909662, 6877770.852337514981627 ] } },
{ "type": "Feature", "properties": { "Art": "SON", "bw_id": "VEC_SON_117550", "name": "Biotop (GB-NOH 3508/031)", "km": "117+550", "rwert": 370482.0, "hwert": 5810051, "bemerk": null, "beschreib": "Biotop", "stat_von": 117550, "Artgeo": "p" }, "geometry": { "type": "Point", "coordinates": [ 789831.722221828531474, 6877395.780509601347148 ] } },
{ "type": "Feature", "properties": { "Art": "SON", "bw_id": "VEC_SON_77245", "name": "Biotop (GB-NOH 3306/008)", "km": "77+245", "rwert": 348579.0, "hwert": 5831023, "bemerk": null, "beschreib": "Biotop (GB-NOH 3306/008)  linksseitig (Altarm Deichweg) in der Gemeinde Laar mit Verbindung zur Vechte über Kastendurchlass", "stat_von": 77245, "Artgeo": "p" }, "geometry": { "type": "Point", "coordinates": [ 752937.043611741974019, 6910830.88252021651715 ] } },
{ "type": "Feature", "properties": { "Art": "SON", "bw_id": "VEC_SON_111435", "name": "Kunstobjekt (Sandstein)", "km": "111+435", "rwert": 367005.0, "hwert": 5813451, "bemerk": null, "beschreib": "Kunstobjekt (Sandstein)", "stat_von": 111435, "Artgeo": "p" }, "geometry": { "type": "Point", "coordinates": [ 783992.120099185151048, 6882822.077036970295012 ] } },
{ "type": "Feature", "properties": { "Art": "EIN", "bw_id": "VEC_EIN_111470", "name": "Grabeneinlauf??", "km": "111+470", "rwert": 367005.0, "hwert": 5813418, "bemerk": "Einlauf U-Pflicht prüfen", "beschreib": "Grabeneinlauf??", "stat_von": 111470, "Artgeo": "p" }, "geometry": { "type": "Point", "coordinates": [ 783993.584054568666033, 6882767.912964936345816 ] } },
{ "type": "Feature", "properties": { "Art": "SON", "bw_id": "VEC_SON_91280", "name": "Böschungstreppe", "km": "91+280", "rwert": 359723.0, "hwert": 5827361, "bemerk": null, "beschreib": "Böschungstreppe", "stat_von": 91280, "Artgeo": "p" }, "geometry": { "type": "Point", "coordinates": [ 771417.157110234373249, 6905350.175816408358514 ] } },
{ "type": "Feature", "properties": { "Art": "QUE", "bw_id": "VEC_QUE_91270", "name": "Dükerung", "km": "91+270", "rwert": 359706.0, "hwert": 5827360, "bemerk": null, "beschreib": "Dükerung", "stat_von": 91270, "Artgeo": "p" }, "geometry": { "type": "Point", "coordinates": [ 771389.295122357667424, 6905347.726749323308468 ] } },
{ "type": "Feature", "properties": { "Art": "SON", "bw_id": "VEC_SON_91275", "name": "Böschungstreppe", "km": "91+275", "rwert": 359686.0, "hwert": 5827320, "bemerk": null, "beschreib": "Böschungstreppe", "stat_von": 91275, "Artgeo": "p" }, "geometry": { "type": "Point", "coordinates": [ 771358.346586742904037, 6905280.949954552575946 ] } },
{ "type": "Feature", "properties": { "Art": "SON", "bw_id": "VEC_SON_91290", "name": "Bootsanleger", "km": "91+290", "rwert": 359713.0, "hwert": 5827338, "bemerk": "!!Vertrag!! !!akz!!", "beschreib": "Insgesamt sechs Bootsanleger hat die Samtgemeinde Emlichheim errichtet", "stat_von": 91290, "Artgeo": "p" }, "geometry": { "type": "Point", "coordinates": [ 771401.824059347971343, 6905311.850030465982854 ] } },
{ "type": "Feature", "properties": { "Art": "SON", "bw_id": "VEC_SON_75301", "name": "Böschungstreppe, Pegel (Reste)", "km": "75+301", "rwert": 346898.0, "hwert": 5831496, "bemerk": "U-Pflicht klären, GB3 ansprechen", "beschreib": "Böschungstreppe, Pegel (Reste)", "stat_von": 75301, "Artgeo": "p" }, "geometry": { "type": "Point", "coordinates": [ 750151.407411250518635, 6911523.446209472604096 ] } },
{ "type": "Feature", "properties": { "Art": "SON", "bw_id": "VEC_SON_75335", "name": "Steganlage", "km": "75+335", "rwert": 346918.0, "hwert": 5831441, "bemerk": null, "beschreib": "Steganlage", "stat_von": 75335, "Artgeo": "p" }, "geometry": { "type": "Point", "coordinates": [ 750187.097046556184068, 6911433.903363550081849 ] } },
{ "type": "Feature", "properties": { "Art": "QUE", "bw_id": "VEC_QUE_75335", "name": "Dükerung", "km": "75+335", "rwert": 346919.0, "hwert": 5831459, "bemerk": null, "beschreib": "Dükerung TWL", "stat_von": 75335, "Artgeo": "p" }, "geometry": { "type": "Point", "coordinates": [ 750187.812214888515882, 6911463.598016334697604 ] } },
{ "type": "Feature", "properties": { "Art": "EIN", "bw_id": "VEC_EIN_133435", "name": "Grabeneinlauf", "km": "133+435", "rwert": 378129.0, "hwert": 5799753, "bemerk": null, "beschreib": "Grabeneinlauf", "stat_von": 133435, "Artgeo": "p" }, "geometry": { "type": "Point", "coordinates": [ 802761.167744915932417, 6860840.734039829112589 ] } },
{ "type": "Feature", "properties": { "Art": "QUE", "bw_id": "VEC_QUE_111680", "name": "Dükerung Glasfaserkabel (HDD)", "km": "111+680", "rwert": 367018.0, "hwert": 5813457, "bemerk": null, "beschreib": "Dükerung Glasfaserkabel (HDD)", "stat_von": 111680, "Artgeo": "p" }, "geometry": { "type": "Point", "coordinates": [ 784013.138115635374561, 6882832.503220605663955 ] } },
{ "type": "Feature", "properties": { "Art": "BRU", "bw_id": "VEC_BRU_131160", "name": "Fuß- und Radwegbrücke Vechtesee Schüttorf rechts", "km": "131+160", "rwert": 379812.0, "hwert": 5797983, "bemerk": null, "beschreib": "Brücke A30", "stat_von": 131160, "Artgeo": "p" }, "geometry": { "type": "Point", "coordinates": [ 805579.880211019073613, 6858011.235566855408251 ] } },
{ "type": "Feature", "properties": { "Art": "BRU", "bw_id": "VEC_BRU_136185", "name": "Eisenbahnbrücke Vechtesee Schüttorf rechts", "km": "136+185", "rwert": 379817.0, "hwert": 5797970, "bemerk": null, "beschreib": "Eisenbahnbrücke Vechtesee Schüttorf rechts", "stat_von": 136185, "Artgeo": "p" }, "geometry": { "type": "Point", "coordinates": [ 805588.559231501771137, 6857990.160339131951332 ] } },
{ "type": "Feature", "properties": { "Art": "EIN", "bw_id": "VEC_EIN_134960", "name": "Grabeneinlauf", "km": "134+960", "rwert": 378831.0, "hwert": 5798873, "bemerk": null, "beschreib": "Grabeneinlauf", "stat_von": 134960, "Artgeo": "p" }, "geometry": { "type": "Point", "coordinates": [ 803942.81261975353118, 6859428.565597071312368 ] } },
{ "type": "Feature", "properties": { "Art": "EIN", "bw_id": "VEC_EIN_121650", "name": "Einmündung Talgraben E", "km": "121+650", "rwert": 372467.0, "hwert": 5807187, "bemerk": "Ist der Einlauf hier vorhanden??; prüfen??", "beschreib": "Einmündung Talgraben E", "stat_von": 121650, "Artgeo": "p" }, "geometry": { "type": "Point", "coordinates": [ 793201.14709198276978, 6872784.377786456607282 ] } },
{ "type": "Feature", "properties": { "Art": "EIN", "bw_id": "VEC_EIN_115665", "name": "Einmündung Nordhorn-Almelo-Kanal", "km": "115+665", "rwert": 369202.0, "hwert": 5811063, "bemerk": null, "beschreib": "Einmündung Nordhorn-Almelo-Kanal", "stat_von": 115665, "Artgeo": "p" }, "geometry": { "type": "Point", "coordinates": [ 787693.32631268678233, 6879000.282612200826406 ] } },
{ "type": "Feature", "properties": { "Art": "EIN", "bw_id": "VEC_EIN_115675", "name": "Einmündung Verbindungskanal", "km": "115+675", "rwert": 369212.0, "hwert": 5811061, "bemerk": null, "beschreib": "Einmündung Verbindungskanal", "stat_von": 115675, "Artgeo": "p" }, "geometry": { "type": "Point", "coordinates": [ 787709.778460640227422, 6878997.438252760097384 ] } },
{ "type": "Feature", "properties": { "Art": "EIN", "bw_id": "VEC_EIN_114300", "name": "Regenwassereinleitung", "km": "114+300", "rwert": 368251.0, "hwert": 5811621, "bemerk": "Regenwassereinleitung gem. Bebauungsplan Nr. 261, 1. Änderung (Schachtdeckel auf 19,23 NN)", "beschreib": "Regenwassereinleitung gem. Bebauungsplan Nr. 261, 1. Änderung (Schachtdeckel auf 19,23 NN, interne Nummer: 25112010)", "stat_von": 114300, "Artgeo": "p" }, "geometry": { "type": "Point", "coordinates": [ 786112.529489101143554, 6879874.080843862146139 ] } },
{ "type": "Feature", "properties": { "Art": "SON", "bw_id": "VEC_SON_111090", "name": "Biotop GB-NOH 3508/050", "km": "111+090", "rwert": 367142.0, "hwert": 5814008, "bemerk": null, "beschreib": "Biotop", "stat_von": 111090, "Artgeo": "p" }, "geometry": { "type": "Point", "coordinates": [ 784191.734436082653701, 6883742.447028263472021 ] } },
{ "type": "Feature", "properties": { "Art": "SON", "bw_id": "VEC_SON_74840", "name": "Biotop GB-NOH 3306/005", "km": "74+840", "rwert": 346430.0, "hwert": 5831704, "bemerk": null, "beschreib": "Biotop GB-NOH 3306/005 rechtsseitg in der Gemeinde Laar ohne direkte Verbindung zur Vechte", "stat_von": 74840, "Artgeo": "p" }, "geometry": { "type": "Point", "coordinates": [ 749371.84238408098463, 6911841.777385986410081 ] } },
{ "type": "Feature", "properties": { "Art": "SON", "bw_id": "VEC_SON_75080", "name": "Biotop (GB-NOH 3306/006)", "km": "75+080", "rwert": 346702.0, "hwert": 5831650, "bemerk": null, "beschreib": "Biotop (GB-NOH 3306/006) rechtsseitig in der Gemeinde Laar ohne direkte Verbindung zur Vechte", "stat_von": 75080, "Artgeo": "p" }, "geometry": { "type": "Point", "coordinates": [ 749821.47817489434965, 6911766.930407178588212 ] } },
{ "type": "Feature", "properties": { "Art": "SON", "bw_id": "VEC_SON_85650", "name": "Biotop (GB-NOH 3307/003)", "km": "85+650", "rwert": 356001.0, "hwert": 5830402, "bemerk": null, "beschreib": "Biotop (GB-NOH 3307/003) linksseitig in der Gemeinde Emlichheim (Altarm (Wilminkweg),mit zweifacher Verbindung zur Vechte, über Kastendurchlass und über Rohrdurchlass", "stat_von": 85650, "Artgeo": "p" }, "geometry": { "type": "Point", "coordinates": [ 765159.637189791537821, 6910178.126383163034916 ] } },
{ "type": "Feature", "properties": { "Art": "SON", "bw_id": "VEC_SON_86550", "name": "Biotop (GB-NOH 3307/005)", "km": "86+550", "rwert": 356491.0, "hwert": 5830148, "bemerk": null, "beschreib": "Biotop (GB-NOH 3307/005) linksseitig in der Gemeinde Emlichheim ohne direkte Verbindung zur Vechte", "stat_von": 86550, "Artgeo": "p" }, "geometry": { "type": "Point", "coordinates": [ 765976.798773898161016, 6909783.628648704849184 ] } },
{ "type": "Feature", "properties": { "Art": "SON", "bw_id": "VEC_SON_88850", "name": "Biotop (GB-NOH 3407/033)", "km": "88+850", "rwert": 358314.0, "hwert": 5828746, "bemerk": null, "beschreib": "Biotop (GB-NOH 3407/033) linksseitig in der Gemeinde Hoogstede ohne direkte Verbindung zur Vechte", "stat_von": 88850, "Artgeo": "p" }, "geometry": { "type": "Point", "coordinates": [ 769038.053196446388029, 6907562.97319315187633 ] } },
{ "type": "Feature", "properties": { "Art": "SON", "bw_id": "VEC_SON_97250", "name": "Biotop (GB-NOH 3407/026)", "km": "97+250", "rwert": 361076.0, "hwert": 5822971, "bemerk": null, "beschreib": "Biotop (GB-NOH 3407/026) linksseitig in der Gemeinde Esche mit direkter Verbindung zur Vechte über Kastendurchlass (ID: 776)", "stat_von": 97250, "Artgeo": "p" }, "geometry": { "type": "Point", "coordinates": [ 773843.094482059590518, 6898191.808618705719709 ] } },
{ "type": "Feature", "properties": { "Art": "SON", "bw_id": "VEC_SON_103550", "name": "Biotop (GB-NOH 3407/029)", "km": "103+550", "rwert": 363111.0, "hwert": 5819164, "bemerk": "Gebietsnummer der landesweiten Biotopkartierung (3506019)", "beschreib": "Biotop (GB-NOH 3407/029) linksseitig auf dem Gebiet der Stadt Neuenhaus (Altarm) mit direkter Verbindung zur Vechte über Kastendurchlass (ID: 599)", "stat_von": 103550, "Artgeo": "P" }, "geometry": { "type": "Point", "coordinates": [ 777355.632000665762462, 6892028.24170258641243 ] } },
{ "type": "Feature", "properties": { "Art": "SON", "bw_id": "VEC_SON_103750", "name": "Biotop (GB-NOH 3407/063)", "km": "103+750", "rwert": 363166.0, "hwert": 5818950, "bemerk": "Gebietsnummer der landesweiten Biotopkartierung (3506019)", "beschreib": "Biotop (GB-NOH 3407/063) linksseitig (Altarm) auf dem Gebiet der Stadt Neuenhaus mit direkter Verbindung zur Vechte über Rohrdurchlass (ID: 600)", "stat_von": 103750, "Artgeo": "p" }, "geometry": { "type": "Point", "coordinates": [ 777455.576029140269384, 6891679.140031715855002 ] } },
{ "type": "Feature", "properties": { "Art": "SON", "bw_id": "VEC_SON_103915", "name": "Biotop (GB-NOH 3407/030)", "km": "103+915", "rwert": 363278.0, "hwert": 5818797, "bemerk": null, "beschreib": "Biotop (B-NOH 3407/030), Gemeinde Neuenhaus linkseitig mit Verbindung über Kastendurchlass zur Vechte (ID1: 601 )", "stat_von": 103915, "Artgeo": "p" }, "geometry": { "type": "Point", "coordinates": [ 777646.139749634428881, 6891432.889893832616508 ] } },
{ "type": "Feature", "properties": { "Art": "QUE", "bw_id": "VEC_QUE_134880", "name": "Dükerung Abwasserdruckrohrleitung", "km": "134+880", "rwert": 378780.0, "hwert": 5798931, "bemerk": "?? Schild auf der linken Seite fehlt; Dükerschild rechts verblichen??", "beschreib": "Abwasserdruckrohrleitung durch Vechtedükerung und Parallelverlegung zur Vechte in Schüttorf", "stat_von": 134880, "Artgeo": "p" }, "geometry": { "type": "Point", "coordinates": [ 803857.218642698135227, 6859521.447926388122141 ] } },
{ "type": "Feature", "properties": { "Art": "EIN", "bw_id": "VEC_EIN_97865", "name": "Einmündung Auengewässer Brünas Heide", "km": "97+865", "rwert": 361017.0, "hwert": 5822456, "bemerk": "!!Vertrag!! ; !!Akz!! ; !!Bestandsplan!! ; !! Sohllage!!", "beschreib": "Einmündung Auengewässer Brünas Heide.Angelegt im Zuge der Anlage eines Auengewässers durch den ASV Neuenhaus in Zusammenarbeit mit LfV Weser-Ems (Dr. Salva) und NLWKN", "stat_von": 97865, "Artgeo": "p" }, "geometry": { "type": "Point", "coordinates": [ 773770.308229449205101, 6897342.249738623388112 ] } },
{ "type": "Feature", "properties": { "Art": "SON", "bw_id": "VEC_SON_143220", "name": "Bootsanleger Ohne", "km": "143+220", "rwert": 382893.0, "hwert": 5792842, "bemerk": null, "beschreib": "Die Gemeinde Ohne hat einen Förderantrag im Rahmen der Dorferneuerung gestellt und bewilligt bekommen, der unter anderem eine Steganlage am Ufer der Vechte in Ohne beinhaltet.", "stat_von": 143220, "Artgeo": "p" }, "geometry": { "type": "Point", "coordinates": [ 810808.370156916789711, 6849723.244291291572154 ] } },
{ "type": "Feature", "properties": { "Art": "QUE", "bw_id": "VEC_QUE_85575", "name": "Dükerung Gasleitung (Westnetz, Ferngas)", "km": "85+575", "rwert": 355912.0, "hwert": 5830421, "bemerk": "Telefon Westnetz 0800 0793427", "beschreib": "Dükerung Ferngasleitung Westnetz (1. uh. Rohrleitungsbrücke)", "stat_von": 85575, "Artgeo": "p" }, "geometry": { "type": "Point", "coordinates": [ 765012.5211570992833, 6910205.089474985376 ] } },
{ "type": "Feature", "properties": { "Art": "QUE", "bw_id": "VEC_QUE_85565", "name": "Dükerung Gasleitung (Westnetz, Ferngas)", "km": "85+565", "rwert": 355902.0, "hwert": 5830419, "bemerk": "Telefon Westnetz 0800 0793427", "beschreib": "Dükerung Ferngasleitung Westnetz (2. uh. Rohrleitungsbrücke)", "stat_von": 85565, "Artgeo": "p" }, "geometry": { "type": "Point", "coordinates": [ 764996.191704451921396, 6910201.309935899451375 ] } },
{ "type": "Feature", "properties": { "Art": "BRU", "bw_id": "VEC_BRU_114950", "name": "Brücke am Ringcenter", "km": "114+950", "rwert": 368689.0, "hwert": 5811481, "bemerk": null, "beschreib": "Brücke am Ringcenter über Stadthafen (auch als Zufahrt zum Ölmühlenwehr)", "stat_von": 114950, "Artgeo": "p" }, "geometry": { "type": "Point", "coordinates": [ 786835.51654489361681, 6879663.62270521838218 ] } },
{ "type": "Feature", "properties": { "Art": "SON", "bw_id": "VEC_SON_134800", "name": "Kläranlage Schüttorf", "km": "134+800", "rwert": 378671.0, "hwert": 5798961, "bemerk": "Siehe auch Einlaufbauwerke", "beschreib": "Kläranlage Schüttorf vom TAV Bad Bentheim, Schüttorf, Salzbergen und Emsbüren", "stat_von": 134800, "Artgeo": "p" }, "geometry": { "type": "Point", "coordinates": [ 803678.050459286430851, 6859566.164396239444613 ] } },
{ "type": "Feature", "properties": { "Art": "QUE", "bw_id": "VEC_QUE_99705", "name": "Dükerung TWL", "km": "99+705", "rwert": 361050.0, "hwert": 5821176, "bemerk": null, "beschreib": "Dükerung Trinkwasserleitung", "stat_von": 99705, "Artgeo": "p" }, "geometry": { "type": "Point", "coordinates": [ 773884.015058341668919, 6895239.494858765974641 ] } },
{ "type": "Feature", "properties": { "Art": "QUE", "bw_id": "VEC_QUE_99690", "name": "Kabeldüker", "km": "99+690", "rwert": 361055.0, "hwert": 5821191, "bemerk": "Tel. : 0541 316 1", "beschreib": "Kabeldüker uh. Brücke Binnenborger Straße", "stat_von": 99690, "Artgeo": "p" }, "geometry": { "type": "Point", "coordinates": [ 773891.515457036788575, 6895264.384656885638833 ] } },
{ "type": "Feature", "properties": { "Art": "SON", "bw_id": "VEC_SON_99500", "name": "Biotop (GB-NOH 3407/065)", "km": "99+500", "rwert": 361210.0, "hwert": 5821329, "bemerk": null, "beschreib": "Biotop (G.Nr.: 3407/065), Gemeinde Esche rechtsseitig über Kastendurchlass (ID1: 785; ID2: VEC_EIN_99490)", "stat_von": 99500, "Artgeo": "p" }, "geometry": { "type": "Point", "coordinates": [ 774139.251849320949987, 6895498.455494852736592 ] } },
{ "type": "Feature", "properties": { "Art": "QUE", "bw_id": "VEC_QUE_99020", "name": "Dükerung Gasleitung", "km": "99+020", "rwert": 360926.0, "hwert": 5821682, "bemerk": "Prüfen ob Dükerung oder Längsverlegung", "beschreib": "Dükerung Gasleitung (Gasunie)", "stat_von": 99020, "Artgeo": "p" }, "geometry": { "type": "Point", "coordinates": [ 773657.12513806973584, 6896065.495207930915058 ] } },
{ "type": "Feature", "properties": { "Art": "QUE", "bw_id": "VEC_QUE_98580", "name": "Dükerung Gasleitung", "km": "98+580", "rwert": 360975.0, "hwert": 5822089, "bemerk": "Prüfen ob Querung vorhanden", "beschreib": "Dükerung Gasleitung", "stat_von": 98580, "Artgeo": "p" }, "geometry": { "type": "Point", "coordinates": [ 773718.520900263101794, 6896736.892195292748511 ] } },
{ "type": "Feature", "properties": { "Art": "QUE", "bw_id": "VEC_QUE_98375", "name": "Dükerung??", "km": "98+375", "rwert": 361177.0, "hwert": 5822091, "bemerk": "Prüfen, ob hier Dükerung vorhanden!!", "beschreib": "Dükerung??", "stat_von": 98375, "Artgeo": "p" }, "geometry": { "type": "Point", "coordinates": [ 774049.704304541111924, 6896749.606402143836021 ] } },
{ "type": "Feature", "properties": { "Art": "QUE", "bw_id": "VEC_QUE_97120", "name": "Dükerung Gasleitung", "km": "97+120", "rwert": 361185.0, "hwert": 5823067, "bemerk": null, "beschreib": "Dükerung Gasleitung", "stat_von": 97120, "Artgeo": "p" }, "geometry": { "type": "Point", "coordinates": [ 774017.417582877678797, 6898354.756326766684651 ] } },
{ "type": "Feature", "properties": { "Art": "QUE", "bw_id": "VEC_QUE_96900", "name": "Dükerung Kabel", "km": "96+900", "rwert": 361316.0, "hwert": 5823206, "bemerk": null, "beschreib": "Dükerung Kabel an Brücke Haftenkamper Straße", "stat_von": 96900, "Artgeo": "p" }, "geometry": { "type": "Point", "coordinates": [ 774225.836131286341697, 6898589.440217169933021 ] } },
{ "type": "Feature", "properties": { "Art": "EIN", "bw_id": "VEC_EIN_96895", "name": "Rohreinlauf", "km": "96+895", "rwert": 361298.0, "hwert": 5823216, "bemerk": "U-Pficht prüfen", "beschreib": "Rohreinlauf oh Harmsen Brücke (Haftenkamper Straße)", "stat_von": 96895, "Artgeo": "p" }, "geometry": { "type": "Point", "coordinates": [ 774195.844615403446369, 6898605.045692813582718 ] } },
{ "type": "Feature", "properties": { "Art": "SON", "bw_id": "VEC_SON_97160", "name": "alter Kilometerstein", "km": "97+160", "rwert": 361136.0, "hwert": 5823073, "bemerk": null, "beschreib": "alter Kilometerstein neben U-Weg", "stat_von": 97160, "Artgeo": "p" }, "geometry": { "type": "Point", "coordinates": [ 773936.763014533440582, 6898362.336423826403916 ] } },
{ "type": "Feature", "properties": { "Art": "SON", "bw_id": "VEC_SON_101680", "name": "Sitzbank (fest)", "km": "101+680", "rwert": 361710.0, "hwert": 5819431, "bemerk": null, "beschreib": "Sitzbank fest installiert", "stat_von": 101680, "Artgeo": "p" }, "geometry": { "type": "Point", "coordinates": [ 775046.986410246812738, 6892402.31541998591274 ] } },
{ "type": "Feature", "properties": { "Art": "SON", "bw_id": "VEC_SON_102700", "name": "Kilometerstein", "km": "102+700", "rwert": 362625.0, "hwert": 5819674, "bemerk": null, "beschreib": "Kilometerstein", "stat_von": 102700, "Artgeo": "p" }, "geometry": { "type": "Point", "coordinates": [ 776535.612043811590411, 6892843.932114413008094 ] } },
{ "type": "Feature", "properties": { "Art": "SON", "bw_id": "VEC_SON_116690", "name": "Überfahrt Seepark Nordhorn", "km": "116+690", "rwert": 369620.0, "hwert": 5810288, "bemerk": null, "beschreib": "Überfahrt über den Seitenarm zum Seepark Nordhorn (siehe auch VEC_EIN_116700 ID: 2151)", "stat_von": 116690, "Artgeo": "p" }, "geometry": { "type": "Point", "coordinates": [ 788411.04252440109849, 6877747.141517224721611 ] } },
{ "type": "Feature", "properties": { "Art": "QUE", "bw_id": "VEC_QUE_108965", "name": "Dükerung Glasfaserkabel", "km": "108+965", "rwert": 365702.0, "hwert": 5814830, "bemerk": "Vertrag abschließen ; Sohllage aus Bestandsplan ; Beschilderung prüfen ; Akte nachtragen", "beschreib": "Dükerung Glasfaserkabel Breitbandausbau Grafschaft Bentheim im HDD - Verfahren", "stat_von": 108965, "Artgeo": "p" }, "geometry": { "type": "Point", "coordinates": [ 781797.015172400861047, 6885027.527233920060098 ] } },
{ "type": "Feature", "properties": { "Art": "QUE", "bw_id": "VEC_QUE_143255", "name": "Dükerung Glasfaserkabel", "km": "143+255", "rwert": 382919.0, "hwert": 5792817, "bemerk": "Beschilderung kontrollieren ; Sohllage aus Bestandsplan!!", "beschreib": "Dükerung Glasfaserkabel (HDD) Breitbandausbau Landkreis Grafschaft Bentheim", "stat_von": 143255, "Artgeo": "P" }, "geometry": { "type": "Point", "coordinates": [ 810851.736121661961079, 6849683.379703503102064 ] } },
{ "type": "Feature", "properties": { "Art": "QUE", "bw_id": "VEC_QUE_138500", "name": "Dükerung Glasfaser (HDD)", "km": "138+500", "rwert": 380074.0, "hwert": 5796112, "bemerk": "Beschilderung kontrollieren ; Sohllage nachtragen", "beschreib": "Dükerung Glasfaserkabel Breitbandausbau Grafschaft Bentheim", "stat_von": 138500, "Artgeo": "p" }, "geometry": { "type": "Point", "coordinates": [ 806081.786507171113044, 6854960.328987509943545 ] } },
{ "type": "Feature", "properties": { "Art": "QUE", "bw_id": "VEC_QUE_132060", "name": "Dükerung Glasfaserkabel", "km": "132+060", "rwert": 376791.0, "hwert": 5800419, "bemerk": "Akte nachtragen , sohllage ; Beschilderung !!", "beschreib": "Dükerung Glasfaserkabel, Breitbandausbau Grafschaft Bentheim", "stat_von": 132060, "Artgeo": "p" }, "geometry": { "type": "Point", "coordinates": [ 800549.119079503696412, 6861876.624761063605547 ] } },
{ "type": "Feature", "properties": { "Art": "QUE", "bw_id": "VEC_QUE_120765", "name": "Dükerung Glasfaserkabel (HDD)", "km": "120+765", "rwert": 371796.0, "hwert": 5807422, "bemerk": "Lage Sohle Bestandsplan ; Beschilderung !!", "beschreib": "Dükerung Glasfaserkabel (HDD), Breitbandausbau Landkreis Grafschaft Bentheim", "stat_von": 120765, "Artgeo": "p" }, "geometry": { "type": "Point", "coordinates": [ 792093.856844905647449, 6873141.040454585105181 ] } },
{ "type": "Feature", "properties": { "Art": "QUE", "bw_id": "VEC_QUE_117975", "name": "Dükerung Glasfaserkabel (HDD)", "km": "117+975", "rwert": 370503.0, "hwert": 5809593, "bemerk": "Akte ; Beschilderung ; Sohllage", "beschreib": "Dükerung (HDD) für Breitband Grafschaft Bentheim", "stat_von": 117975, "Artgeo": "p" }, "geometry": { "type": "Point", "coordinates": [ 789885.829271384747699, 6876645.468561696819961 ] } },
{ "type": "Feature", "properties": { "Art": "SON", "bw_id": "VEC_SON_115930", "name": "Webcam Vechtesee", "km": "115+930", "rwert": 369630.0, "hwert": 5811107, "bemerk": null, "beschreib": "Webcam vom Vechtesee Nordhorn in Richtung Ausgang Vechte", "stat_von": 115930, "Artgeo": "p" }, "geometry": { "type": "Point", "coordinates": [ 788391.839313909644261, 6879091.136670861393213 ] } },
{ "type": "Feature", "properties": { "Art": "EIN", "bw_id": "VEC_EIN_114220", "name": "Einleitung Stadt Nordhorn", "km": "114+220", "rwert": 368170.0, "hwert": 5811610, "bemerk": null, "beschreib": "Regenwassereinleitung Stadt Nordhorn", "stat_von": 114220, "Artgeo": "p" }, "geometry": { "type": "Point", "coordinates": [ 785980.443065214436501, 6879852.466145101934671 ] } },
{ "type": "Feature", "properties": { "Art": "SON", "bw_id": "VEC_SON_113070", "name": "Aussichtsplattform Quendorf I", "km": "113+070", "rwert": 376779.0, "hwert": 5800382, "bemerk": null, "beschreib": "Die Aussichtsplattform besteht aus einer 3 x 4 m großen Plattform mit Geländer und wird auf vier Stelzen aufgestellt, welche mittels zweier Streifenfundamente im Boden verankert sind. Geförder mit LEADER - Mitteln und mit Mitteln aus der GK - Vechte.", "stat_von": 113070, "Artgeo": "p" }, "geometry": { "type": "Point", "coordinates": [ 800531.032006260356866, 6861815.555683186277747 ] } },
{ "type": "Feature", "properties": { "Art": "QUE", "bw_id": "VEC_QUE_108980", "name": "Dükerung von 2 Mittelspannungskabeln in zwei Schutzrohren", "km": "108+980", "rwert": 365704.0, "hwert": 5814827, "bemerk": "Genehmigungsverfahren läuft, Akz eintragen, Vertrag ist noch abzuschließen", "beschreib": "Dükerung (HDD) mit zwei Mittelspannungskabeln, die jeweils in einem Schutzrohr (DN 225) verlegt sind. Die Dükerung verläuft ca. 3.00 m unterhalb der Gewässersohle", "stat_von": 108980, "Artgeo": "p" }, "geometry": { "type": "Point", "coordinates": [ 781800.425001049763523, 6885022.691811889410019 ] } },
{ "type": "Feature", "properties": { "Art": "QUE", "bw_id": "VEC_QUE_85070", "name": "Querung (HDD) mit Trinkwasserleitung WAZ Neuenhaus", "km": "85+070", "rwert": 355411.0, "hwert": 5830363, "bemerk": "Weitere Infos sind nachzutragen", "beschreib": "Dükerung einer Trinkwasserleitung (DN225) und zwei Leerrohren (DN 50) entlang der neu zu errichtenden Brücke Umgehung Obenholt", "stat_von": 85070, "Artgeo": "p" }, "geometry": { "type": "Point", "coordinates": [ 764192.38198286597617, 6910085.186291645281017 ] } },
{ "type": "Feature", "properties": { "Art": "EIN", "bw_id": "VEC_EIN_117145", "name": "Einmündung Zoohafen Nordhorn", "km": "117+145", "rwert": 370079.0, "hwert": 5810218, "bemerk": "Noch nicht gebaut. Vertrag nachpflegen, Akte anlegen", "beschreib": "Einmündung zum Hafen am Tierpark Nordhorn. Der Hafen ist mit Anleger, Stegen, Terassen, … versehen", "stat_von": 117145, "Artgeo": "p" }, "geometry": { "type": "Point", "coordinates": [ 789165.113270214991644, 6877652.261446174234152 ] } },
{ "type": "Feature", "properties": { "Art": "SON", "bw_id": "VEC_SON_117155", "name": "Brücke/Überfahrt zum Zoohafen Nordhorn", "km": "117+155", "rwert": 370091.0, "hwert": 5810226, "bemerk": "noch nicht gebaut Akte anlegen, Vertrag einarbeiten", "beschreib": "Brücke/Überfahrt zum Zoohafen Nordhorn", "stat_von": 117155, "Artgeo": "p" }, "geometry": { "type": "Point", "coordinates": [ 789184.402049384196289, 6877665.904639865271747 ] } },
{ "type": "Feature", "properties": { "Art": "WEH", "bw_id": "SPA_WEH_3370", "name": "Kulturstau Preun", "km": "3+369", "rwert": 390814.0, "hwert": 5806549, "bemerk": "FGE-Akz.: 62615-22-094", "beschreib": "Der Kulturstau Preun befindet sich im Landkreis Emsland zwischen den Gemeinden Emsbüren und Lünne. Es handelt sich um eine Stauanlage mit drei Schütztafeln und einer festen Wehrschwelle. Es gibt keinen festen Betriebsplan, Steuerung nach Bedarf.", "stat_von": 3369, "Artgeo": "p" }, "geometry": { "type": "Point", "coordinates": [ 823230.49764406203758, 6872462.20842559915036 ] } },
{ "type": "Feature", "properties": { "Art": "WEH", "bw_id": "SPA_WEH_5340", "name": "Kulturstau Otting mit Brücke", "km": "5+349", "rwert": 392278.0, "hwert": 5805772, "bemerk": "FGE-Akz.: 62615-22-094", "beschreib": "Der Kulturstau Otting befindet sich im Landkreis Emsland in der Gemeinde Lünne. Es handelt sich um eine Stauanlage mit drei Schütztafeln und einer festen Wehrschwelle. Es gibt keinen festen Betriebsplan, Steuerung nach Bedarf. Der Stau hat eine Überfahrt.", "stat_von": 5349, "Artgeo": "p" }, "geometry": { "type": "Point", "coordinates": [ 825652.647706106421538, 6871241.271268676966429 ] } },
{ "type": "Feature", "properties": { "Art": "WEH", "bw_id": "SPA_WEH_7000", "name": "Kulturstau Butmeyer", "km": "7+003", "rwert": 392689.0, "hwert": 5804526, "bemerk": "FGE-Akz.: 62615-22-094", "beschreib": "Der Kulturstau Butmeye befindet sich im Landkreis Emsland in der Gemeinde Spelle. Es handelt sich um eine Stauanlage mit drei Schütztafeln und einer festen Wehrschwelle. Es gibt keinen festen Betriebsplan, Steuerung nach Bedarf.", "stat_von": 7003, "Artgeo": "p" }, "geometry": { "type": "Point", "coordinates": [ 826369.150060164625756, 6869213.636688604019582 ] } },
{ "type": "Feature", "properties": { "Art": "WEH", "bw_id": "SPA_WEH_8590", "name": "Wehr Schulten", "km": "8+590", "rwert": 393370.0, "hwert": 5803184, "bemerk": "Anlage ist nicht funtkionstüchtig, Die Sicherheitstechnische Überprüfung konnte 2023 aufgrund eines vorh. Schadens im Schaltschrank (durchgebrannt) nicht durchgeführt werden", "beschreib": "Hydraulische Wehranlage. Steuerung nach Oberwasser, Anlage ist nicht funtkionstüchtig", "stat_von": 8590, "Artgeo": "p" }, "geometry": { "type": "Point", "coordinates": [ 827529.976821496384218, 6867038.735250462777913 ] } },
{ "type": "Feature", "properties": { "Art": "WEH", "bw_id": "SPA_WEH_9855", "name": "Wehr Venhaus", "km": "9+855", "rwert": 394066.0, "hwert": 5802637, "bemerk": "Anlage ist nicht funtkionstüchtig", "beschreib": "Hydraulische Wehranlage. Steuerung nach Oberwasser, Anlage ist nicht funtkionstüchtig", "stat_von": 9855, "Artgeo": "p" }, "geometry": { "type": "Point", "coordinates": [ 828686.744443531846628, 6866167.134246080182493 ] } }
]
}
